rung,seed,rule,const_loss,final_loss,hcos_run_max,part_run_min,chi_run_min,wa_run_max,wa_init,n_plateau,window,t0,t1,decades,interior,drop_before,loss,loss_over_const,drop_after,wa_vec_plateau,wa_vec_max,wa_row_plateau,wa_row_max,ga_plateau,ga_max,hcos_plateau,hcos_max,chi_plateau,chi_max,part_plateau,part_max,mu_spread_plateau,mu_spread_max,wa_ratio,acc_plateau,in_prior_band,kind,verdict
rung0_scalar_K2M2_dfa,0,dfa,0.3538733320644098,0.013756867707019,-0.0008626176052401,0.9942475688973812,0.9174827087132907,0.9999999998351988,0.3624915366809226,2,0,0.004,0.78,2.290034611362518,False,0.0,0.3558896024588309,1.005697717832137,0.9600866121210818,0.8130174651019028,0.9999999998351988,0.8928571428571429,1.0,0.814608642072126,0.9999999997548016,-0.0014260878298777463,-0.0008626176052401,0.37235851822520705,0.4071239540729128,0.9998433491483524,0.9999999907947256,0.006590416892120634,0.0135539759040036,0.7066979569053242,,True,prior-band,flat start at the constant predictor
rung0_scalar_K2M2_dfa,0,dfa,0.3538733320644098,0.013756867707019,-0.0008626176052401,0.9942475688973812,0.9174827087132907,0.9999999998351988,0.3624915366809226,2,1,41.248,2000.0,1.685627099990672,True,0.9585557403330374,0.0140539716554168,0.03971469557603958,0.0,0.9993019760419182,0.9999999998351988,0.9294117647058824,1.0,0.9993294312443263,0.9999999997548016,-0.0012833708638734895,-0.0008626176052401,0.3977027216866124,0.4071239540729128,0.9958405697797316,0.9999999907947256,0.006625349865784519,0.0135539759040036,0.9989050752521356,,False,sub-prior,Refinetti post-alignment
rung0_scalar_K2M2_dfa,1,dfa,0.3277115985251958,0.0160280409519103,0.003832855216488,0.9917514287133667,0.9607013938130581,0.9999999320167788,0.811413727841726,2,0,0.026,1.23,1.67493176346858,False,0.04049310674055695,0.33516576305662726,1.0227461114131373,0.9512338405814147,0.568342294965598,0.9999999320167788,0.2857142857142857,1.0,0.5630070590783799,0.9999999386323292,0.00038191359750729814,0.003832855216488,0.3656234978507079,0.4107337570077633,0.9995308038318661,0.9999977311301446,0.012125099026012458,0.018651247143871,-1.2889141808618199,,True,prior-band,flat start at the constant predictor
rung0_scalar_K2M2_dfa,1,dfa,0.3277115985251958,0.0160280409519103,0.003832855216488,0.9917514287133667,0.9607013938130581,0.9999999320167788,0.811413727841726,2,1,57.0,2000.0,1.5451551399914898,True,0.9510933753004188,0.0157945355094734,0.04819644950179891,0.0,0.9996710799843106,0.9999999320167788,0.23076923076923078,1.0,0.9996879709031927,0.9999999386323292,0.0009433142180820375,0.003832855216488,0.4067077682875725,0.4107337570077633,0.9931874044713523,0.9999977311301446,0.009085783312312834,0.018651247143871,0.9982562243409757,,False,sub-prior,Refinetti post-alignment
rung0_scalar_K2M2_dfa,2,dfa,0.3174185523412575,3.0745371541808066e-12,0.0022083835711793,0.998600700807123,0.9523492257115231,0.999999999633422,0.706326358248654,1,0,0.076,1.35,1.2495201762142147,True,0.07854674496426362,0.3338838098449344,1.0518723854741012,0.9999999999777907,0.6617939543403655,0.999999999633422,0.6774193548387096,1.0,0.6623282191306096,0.9999999996256096,-0.0003852299767647948,0.0022083835711793,0.3720352086453474,0.4221430209764871,0.9999775977479654,0.9999999852511836,0.016104100535128674,0.0260633846245595,-0.15163909058471686,,False,above-prior,"sub-prior plateau, unclassified"
rung0_scalar_K2M2_bp,0,bp,0.3538733320644098,1.688170970191718e-13,-3.170276664052139e-05,0.998258095904052,0.9899680332745269,0.999780564995434,0.3624915366809226,2,0,0.004,3.562,2.9496339237992624,False,0.0,0.3603720752300248,1.0183646027455726,0.9999999999984058,0.584680849357982,0.999780564995434,0.8287671232876712,1.0,0.588074350823273,0.9997902481213504,-0.0012260482131526158,-3.170276664052139e-05,0.37502701693787444,0.4246471333100933,0.9996974752109516,0.9999998739622024,0.006496943923704276,0.0080796370403889,,,True,prior-band,flat start at the constant predictor
rung0_scalar_K2M2_bp,0,bp,0.3538733320644098,1.688170970191718e-13,-3.170276664052139e-05,0.998258095904052,0.9899680332745269,0.999780564995434,0.3624915366809226,2,1,49.622,207.85,0.6220757644429344,True,0.9632227637951063,0.01371198865703585,0.03874829611218084,0.9999999999575959,0.15283495470982172,0.999780564995434,1.0,1.0,0.1549774761426616,0.9997902481213504,-0.0009551156442683437,-3.170276664052139e-05,0.40681384687652566,0.4246471333100933,0.9987955715738732,0.9999998739622024,0.0053530824550405715,0.0080796370403889,,,False,sub-prior,"sub-prior plateau, alignment not defined"
rung0_scalar_K2M2_bp,1,bp,0.3277115985251958,1.113328798424949e-12,0.0026053180731901,0.9947837604253702,0.9840307599156485,0.9999843647485674,0.811413727841726,2,0,0.026,2.828,2.0365060571540443,False,0.04039306769606321,0.33375905784824844,1.0184536017347816,0.9999999999876632,0.12869469420705587,0.9999843647485674,-0.03076923076923077,1.0,0.12650472129054358,0.999983257160592,2.5020341349834454e-05,0.0026053180731901,0.36681917581921847,0.4210093454538335,0.9996648278303981,0.9999990741760189,0.012110053151529623,0.0123577491714294,,,True,prior-band,flat start at the constant predictor
rung0_scalar_K2M2_bp,1,bp,0.3277115985251958,1.113328798424949e-12,0.0026053180731901,0.9947837604253702,0.9840307599156485,0.9999843647485674,0.811413727841726,2,1,45.242,274.254,0.7826111750782729,True,0.9498611075699349,0.01691664456943015,0.051620524404874024,0.999999999751264,-0.11190792485528704,0.9999843647485674,-1.0,1.0,-0.11268450774222276,0.999983257160592,0.00145000308427447,0.0026053180731901,0.39846286944148906,0.4210093454538335,0.9959364591672127,0.9999990741760189,0.0010287323712951917,0.0123577491714294,,,False,sub-prior,"sub-prior plateau, alignment not defined"
rung0_scalar_K2M2_bp,2,bp,0.3174185523412575,1.791514572283991e-12,0.0051924713286245,0.9955246155665864,0.9787343091776893,0.8468011929295157,0.706326358248654,2,0,0.088,3.908,1.6474718828965669,True,0.09494261344368815,0.3318733357783627,1.0455385588853825,0.9999999999804356,-0.013572429790902176,0.8468011929295157,0.061946902654867256,1.0,-0.012911286504111488,0.846933227272909,-0.00018166359847250285,0.0051924713286245,0.3731018007896878,0.4262689001618366,0.9999919303596282,0.9999990706870024,0.016171757404931566,0.0260634300835206,,,True,prior-band,"prior saddle, no collapse"
rung0_scalar_K2M2_bp,2,bp,0.3174185523412575,1.791514572283991e-12,0.0051924713286245,0.9955246155665864,0.9787343091776893,0.8468011929295157,0.706326358248654,2,1,51.968,274.254,0.7224169672614646,True,0.9530127721236319,0.0177994779932293,0.05607573300911862,0.99999999963571,-0.8667013147773762,0.8468011929295157,-1.0,1.0,-0.8706911337759211,0.846933227272909,0.0038382838562714436,0.0051924713286245,0.4026257589974115,0.4262689001618366,0.996611559962923,0.9999990706870024,0.018723204330186816,0.0260634300835206,,,False,sub-prior,"sub-prior plateau, alignment not defined"
rung0_scalar_K2M4_dfa,0,dfa,0.3308800798636339,2.401133926041201e-25,0.000240722042425,0.9934228705237468,0.9287221622577441,0.9986861875212352,0.6838659299368876,1,0,0.004,0.38,1.9777236052888476,False,0.0,0.34311479479331675,1.0369762813606827,1.0,0.8232839575939229,0.9986861875212352,0.48717948717948717,1.0,0.8141608274963182,0.9986190835627818,-0.0006804721870478039,0.000240722042425,0.37443201310763047,0.3892611955131599,0.9993937585981209,0.999597682277762,0.008311995790059926,0.0156217171061151,0.4428496079852233,,True,prior-band,flat start at the constant predictor
rung0_scalar_K2M4_dfa,1,dfa,0.333325814741643,2.1736834347507767e-18,0.0004876151598233,0.9933206020607764,0.920822820181983,0.9993769030787072,-0.932252736890972,1,0,0.004,0.54,2.130333768495006,False,0.0,0.34814805089994716,1.0444677114786105,1.0,-0.6214846080929016,0.9993769030787072,-0.7393617021276596,1.0,-0.6217589477941762,0.9993552365199352,-0.0009953785981982755,0.0004876151598233,0.36548764266961925,0.3714539923784515,0.9991760982031235,0.9997231709572022,0.008859398698664717,0.0159213729889737,0.16088390981769596,,True,prior-band,flat start at the constant predictor
rung0_scalar_K2M4_dfa,2,dfa,0.3253690283269117,1.6309850251050441e-09,0.0020472362570907,0.9942084140432412,0.9528949196553498,0.9996147428491254,0.6962641010697209,1,0,0.034,0.932,1.4379369953117263,True,0.057724950866156144,0.35157773516711255,1.0805507118331739,0.9999999918360267,0.7463690993010385,0.9996147428491254,0.553921568627451,1.0,0.7524674917573745,0.9996111448363816,0.0009090601577729568,0.0020472362570907,0.3677213245664464,0.3982675065216096,0.9992181835157344,0.999909831121366,0.01971563024833869,0.0200478273290737,0.16517188800857624,,False,above-prior,"sub-prior plateau, unclassified"
rung0_scalar_K2M4_bp,0,bp,0.3308800798636339,5.41083438334809e-15,1.4176277401072444e-05,0.9967370163186632,0.9882711357095769,0.979446491415808,0.6838659299368876,1,0,0.004,2.578,2.809222921689422,False,0.0,0.3427455659671624,1.0358603821312502,0.9999999999999394,0.71593945207567,0.979446491415808,0.420863309352518,0.5,0.7107558882494301,0.9785288488339526,-0.0009479574287761067,1.4176277401072444e-05,0.37614533067745703,0.411000067230377,0.9994684890767104,0.9999783384330584,0.008187431095078137,0.0110355712336606,,,True,prior-band,flat start at the constant predictor
rung0_scalar_K2M4_bp,1,bp,0.333325814741643,3.653128595287553e-12,0.0013953817081751,0.9966601148162422,0.9948350644536493,0.0898020226018095,-0.932252736890972,2,0,0.004,3.102,2.889581802149624,False,0.0,0.3417650795973788,1.025318365642568,0.9999999999586928,-0.5975252723423139,0.0898020226018095,-0.7797202797202797,0.0,-0.6030610218230701,0.0971484275435928,-0.0008008841984495846,0.0013953817081751,0.36882205425006753,0.3992914808871739,0.9993512315041958,0.9997739880771936,0.009074660016842514,0.0151493380956391,,,True,prior-band,flat start at the constant predictor
rung0_scalar_K2M4_bp,1,bp,0.333325814741643,3.653128595287553e-12,0.0013953817081751,0.9966601148162422,0.9948350644536493,0.0898020226018095,-0.932252736890972,2,1,49.622,287.222,0.7625434375800024,True,0.9515187617862971,0.0168566976655077,0.05057123366989482,0.9999999992049489,-0.0641610740897965,0.0898020226018095,-0.8205128205128205,0.0,-0.06388906599213767,0.0971484275435928,0.0004881839833687872,0.0013953817081751,0.38594716140297713,0.3992914808871739,0.9974898638604502,0.9997739880771936,0.009515369832706887,0.0151493380956391,,,False,sub-prior,"sub-prior plateau, alignment not defined"
rung0_scalar_K2M4_bp,2,bp,0.3253690283269117,8.666361372994029e-16,0.0015847257975874,0.99766460747422,0.99998657607794,0.8466274486571305,0.6962641010697209,1,0,0.05,4.092,1.9129656207041037,True,0.07553152732377677,0.34848247463545345,1.0710376351043427,0.999999999999991,0.5886876622631224,0.8466274486571305,0.44841269841269843,1.0,0.5968643583034632,0.8506096406045006,0.0013179461484575652,0.0015847257975874,0.36894044517515207,0.3922017736928436,0.9992037852803707,0.9996767183811072,0.019111099744243583,0.0223313237756599,,,False,above-prior,"sub-prior plateau, alignment not defined"
rung0_scalar_K4M4_dfa,0,dfa,0.650913078780465,0.0169628906206716,0.0008230690983585,0.9064766339882284,0.8990034569060669,0.9984139095516532,0.6668029699162095,2,0,0.004,0.424,2.02530586526477,False,0.0,0.6517365045311674,1.0012650318107683,0.9714672545217907,0.8347081377186152,0.9984139095516532,0.5783132530120482,1.0,0.8231804082474351,0.9979108547896818,-0.0010599748766669745,0.0008230690983585,0.3721162456309285,0.3762231768682298,0.9991916105616998,0.9994851235248297,0.008865736789298315,0.017734658868121,0.5063318115710903,,True,prior-band,flat start at the constant predictor
rung0_scalar_K4M4_dfa,0,dfa,0.650913078780465,0.0169628906206716,0.0008230690983585,0.9064766339882284,0.8990034569060669,0.9984139095516532,0.6668029699162095,2,1,17.144,103.93,0.7826287692524874,True,0.9123327957476677,0.0593493423471243,0.09117859862075563,0.6581391504011143,0.9771406469245498,0.9984139095516532,0.9125,1.0,0.9770709061647361,0.9979108547896818,1.8731060878819337e-05,0.0008230690983585,0.361395002352262,0.3762231768682298,0.9968261629046051,0.9994851235248297,0.011423125695834993,0.017734658868121,0.9358487308938296,,False,sub-prior,Refinetti post-alignment
rung0_scalar_K4M4_dfa,1,dfa,0.6700976819162234,0.0182685817659918,0.0001846954016989,0.9419971271582454,0.8934694560806192,0.9985632652077808,-0.9307409915511876,3,0,0.004,0.466,2.0663259253620376,False,0.00021019603459393466,0.6926449771036068,1.033647773743832,0.9736160271533139,-0.6043551420292598,0.9985632652077808,-0.6954022988505747,1.0,-0.6012509519217508,0.9980946445339108,-0.0008895208459730952,0.0001846954016989,0.36431945340708644,0.36867605479139,0.9990033847735086,0.9993487155915002,0.007945380040727366,0.0291671145675815,0.16917282402632663,,True,prior-band,flat start at the constant predictor
rung0_scalar_K4M4_dfa,1,dfa,0.6700976819162234,0.0182685817659918,0.0001846954016989,0.9419971271582454,0.8934694560806192,0.9985632652077808,-0.9307409915511876,3,1,20.624,59.696,0.4615723316874263,True,0.9197312895492257,0.059100362762948,0.0881966381288524,0.6649263459656015,0.9267339688101935,0.9985632652077808,0.5833333333333334,1.0,0.9253404036672014,0.9980946445339108,-0.0004562705711491093,0.0001846954016989,0.3504540344078257,0.36867605479139,0.9975979750461046,0.9993487155915002,0.021009365108942652,0.0291671145675815,0.9627693267425569,,False,sub-prior,Refinetti post-alignment
rung0_scalar_K4M4_dfa,1,dfa,0.6700976819162234,0.0182685817659918,0.0001846954016989,0.9419971271582454,0.8934694560806192,0.9985632652077808,-0.9307409915511876,3,2,659.818,2000.0,0.4816058366310063,True,0.9759121875179039,0.0182931153978452,0.027299177256566352,0.0,0.5378568986986555,0.9985632652077808,0.9,1.0,0.5351504282103341,0.9980946445339108,-0.0007307405796030279,0.0001846954016989,0.33807813538099735,0.36867605479139,0.9435502053869251,0.9993487155915002,0.024933428441024367,0.0291671145675815,0.7612059555173198,,False,sub-prior,"sub-prior plateau, unclassified"
rung0_scalar_K4M4_dfa,2,dfa,0.6218346032199848,1.2926551498726935e-09,0.0023800263849339,0.997874296962982,0.940341573745741,0.9996572712640892,0.6972665705839882,2,0,0.004,0.614,2.1861083798132053,False,0.0,0.68791227701494,1.1062624586229064,0.9999999961470718,0.755137089930587,0.9996572712640892,0.6767676767676768,1.0,0.7557116487308129,0.9996559787385328,0.0011406364814267203,0.0023800263849339,0.3680645814941963,0.4128834799640281,0.9991436570603711,0.9999015473401776,0.01899598672375343,0.0193041522340053,0.19137665019606545,,False,above-prior,"sub-prior plateau, unclassified"
rung0_scalar_K4M4_dfa,2,dfa,0.6218346032199848,1.2926551498726935e-09,0.0023800263849339,0.997874296962982,0.940341573745741,0.9996572712640892,0.6972665705839882,2,1,24.812,94.756,0.5819449467739934,True,0.940327363964605,0.042469194681403505,0.06829660887555865,0.9999999433012794,0.9943525549613322,0.9996572712640892,1.0,1.0,0.9943281713044672,0.9996559787385328,0.0013091006157258634,0.0023800263849339,0.36856469884454973,0.4128834799640281,0.9997926381583306,0.9999015473401776,0.01080369568606566,0.0193041522340053,0.9824574092694444,,False,sub-prior,Refinetti post-alignment
rung0_scalar_K4M4_bp,0,bp,0.650913078780465,2.4130555898134945e-10,0.0014647459554481,0.9928265431688156,0.9618381802518172,0.9649756456993924,0.6668029699162095,1,0,0.004,2.578,2.809222921689422,False,0.0,0.6586399918151286,1.011870883051145,0.9999999990885625,0.663350056534362,0.9649756456993924,0.4352517985611511,1.0,0.6595362120862976,0.9645005581144632,-0.0009760256055637274,0.0014647459554481,0.3762163825397481,0.4060049219742413,0.9994729476348605,0.9997881231183618,0.0078857593621501,0.0146556665888719,,,True,prior-band,flat start at the constant predictor
rung0_scalar_K4M4_bp,1,bp,0.6700976819162234,1.1491713141534992e-06,0.0005563325934806,0.9864486953316148,0.9608810544985121,0.0245178857653494,-0.9307409915511876,1,0,0.004,1.7,2.6283889300503116,False,0.0005419989525939917,0.6818230237625396,1.0174979591225957,0.9999955547921419,-0.6424019603545188,0.0245178857653494,-0.7692307692307693,-0.5,-0.645793637282503,0.018066120606974,-0.0007644609834685393,0.0005563325934806,0.3686052018933672,0.3965463507531253,0.9993591171921891,0.9997515090980804,0.009409989965612837,0.0199622564104031,,,True,prior-band,flat start at the constant predictor
rung0_scalar_K4M4_bp,2,bp,0.6218346032199848,3.834020379297057e-08,0.0023194148898846,0.9944867502567596,0.9707761292529526,0.8884733443567868,0.6972665705839882,2,0,0.024,2.35,1.9908566205601301,False,0.014648120411791865,0.6554833990550095,1.054112131523052,0.999999860379456,0.5987338584321329,0.8884733443567868,0.5275590551181102,1.0,0.605244149740108,0.8882682611394617,0.0012601459385043357,0.0023194148898846,0.36906315594619526,0.4000598474042058,0.9991692640457163,0.9999292355275436,0.01911787609107865,0.0299974566037722,,,False,above-prior,"sub-prior plateau, alignment not defined"
rung0_scalar_K4M4_bp,2,bp,0.6218346032199848,3.834020379297057e-08,0.0023194148898846,0.9944867502567596,0.9707761292529526,0.8884733443567868,0.6972665705839882,2,1,32.738,137.134,0.6220929995698459,True,0.9444138944720949,0.04144080710416135,0.06664281287913619,0.9999977738136299,0.5283485087866184,0.8884733443567868,0.015625,1.0,0.5484175855674577,0.8882682611394617,-0.0003898097298937952,0.0023194148898846,0.38296167130516423,0.4000598474042058,0.9971007912166041,0.9999292355275436,0.026447009165374506,0.0299974566037722,,,False,sub-prior,"sub-prior plateau, alignment not defined"
rung0_scalar_K4M8_dfa,0,dfa,0.6057731961369452,2.2647060176823223e-05,0.0015783100249927,0.97888661052884,0.8946270230723716,0.9845728582794006,-0.1387249754343559,2,0,0.004,0.444,2.0453229787866576,False,0.0,0.6236154480095265,1.029453683303194,0.999960438705276,0.10760917207387041,0.9845728582794006,0.13823529411764707,1.0,0.10766646305520639,0.9827340277244094,-0.0006014392786337896,0.0015783100249927,0.3652637457870986,0.3866076264731873,0.9990435902219081,0.9992159419803852,0.02040216408590766,0.0330180806883465,0.21929548879642746,,True,prior-band,flat start at the constant predictor
rung0_scalar_K4M8_dfa,0,dfa,0.6057731961369452,2.2647060176823223e-05,0.0015783100249927,0.97888661052884,0.8946270230723716,0.9845728582794006,-0.1387249754343559,2,1,12.406,43.198,0.5418318632945138,True,0.9179926348898171,0.056843386918096,0.09383608796260703,0.9995636929544501,0.9729348803218032,0.9845728582794006,0.5267857142857143,1.0,0.9712730501985523,0.9827340277244094,0.0004754283514221418,0.0015783100249927,0.3355719605694656,0.3866076264731873,0.9920523926341057,0.9992159419803852,0.026929452916226927,0.0330180806883465,0.9896394548192792,,False,sub-prior,Refinetti post-alignment
rung0_scalar_K4M8_dfa,1,dfa,0.689774644276201,4.225316036726513e-06,0.0031040819120015,0.9697913508260596,0.9317606391503906,0.9916163200303736,0.3043202016247948,2,0,0.004,0.48,2.0791812460476247,False,0.0016436769559416975,0.7011329650323805,1.016466712498686,0.9999932832860863,0.38536283569569235,0.9916163200303736,0.5511363636363636,1.0,0.3844985269702094,0.9897707467413952,8.047640554863093e-05,0.0031040819120015,0.36391784138526456,0.3713647657217321,0.9995537972451639,0.9996364057998192,0.01487774936758553,0.0247162851861575,0.11791516334895649,,True,prior-band,flat start at the constant predictor
rung0_scalar_K4M8_dfa,1,dfa,0.689774644276201,4.225316036726513e-06,0.0031040819120015,0.9697913508260596,0.9317606391503906,0.9916163200303736,0.3043202016247948,2,1,18.804,57.0,0.48162461315627647,True,0.9288420143491323,0.0514757138835623,0.07462685720722184,0.9999062238975072,0.9385060306756214,0.9916163200303736,0.75,1.0,0.9370832089722303,0.9897707467413952,0.0022740935729226963,0.0031040819120015,0.3490144507391551,0.3713647657217321,0.9969086105987346,0.9996364057998192,0.021206389082455982,0.0247162851861575,0.9227257539618297,,False,sub-prior,Refinetti post-alignment
rung0_scalar_K4M8_dfa,2,dfa,0.6296063769319935,1.614359798732868e-06,0.0001973804182268,0.9929895971986172,0.939918943740296,0.9985003325846756,-0.5802502072535954,2,0,0.004,0.586,2.1658376246901283,False,0.0017974078297157137,0.6433511439122553,1.0218307302528267,0.9999971382828661,-0.21354356919367115,0.9985003325846756,-0.18814432989690721,1.0,-0.2105755931778957,0.9984537239463752,-0.00011959351142926191,0.0001973804182268,0.3642619653749573,0.3815028050324895,0.9991501139035341,0.9993082021271386,0.015040250621736988,0.0223980505868446,0.23227649258475638,,True,prior-band,flat start at the constant predictor
rung0_scalar_K4M8_dfa,2,dfa,0.6296063769319935,1.614359798732868e-06,0.0001973804182268,0.9929895971986172,0.939918943740296,0.9985003325846756,-0.5802502072535954,2,1,19.694,65.474,0.5217349404813829,True,0.9352606653904089,0.0438452637175272,0.06963916714309759,0.9999573861749851,0.9966337387837814,0.9985003325846756,1.0,1.0,0.9965419696179549,0.9984537239463752,-0.00024935316537232945,0.0001973804182268,0.34972839549875895,0.3815028050324895,0.9984169633950444,0.9993082021271386,0.0171018220617642,0.0223980505868446,0.9988176765399014,,False,sub-prior,Refinetti post-alignment
rung0_scalar_K4M8_bp,0,bp,0.6057731961369452,1.8797885199057296e-08,0.000203497005141,0.9956669837791596,0.9867808873208629,0.1355487917588252,-0.1387249754343559,2,0,0.004,1.78,2.6483600109809315,False,0.0,0.6208168698891949,1.0248338385524223,0.9999999443012165,-0.2805890481650628,0.1355487917588252,-0.22709923664122136,0.25,-0.27837545483207904,0.1379411868281803,-0.0006374956353266931,0.000203497005141,0.3701983125252825,0.3944893696419041,0.9992100225637557,0.9992281467948196,0.021538754053890236,0.0266147729335186,,,True,prior-band,flat start at the constant predictor
rung0_scalar_K4M8_bp,0,bp,0.6057731961369452,1.8797885199057296e-08,0.000203497005141,0.9956669837791596,0.9867808873208629,0.1355487917588252,-0.1387249754343559,2,1,34.288,103.93,0.4815987735885061,True,0.9390032779105402,0.0431205008308159,0.07118258302909095,0.9999991704739633,-0.6669520380700429,0.1355487917588252,-0.49,0.25,-0.6695754779028755,0.1379411868281803,-0.00018990074464450213,0.000203497005141,0.3777978088620317,0.3944893696419041,0.9984546731126307,0.9992281467948196,0.023900897432858517,0.0266147729335186,,,False,sub-prior,"sub-prior plateau, alignment not defined"
rung0_scalar_K4M8_bp,1,bp,0.689774644276201,1.9708779882370714e-09,0.0039131159424346,0.9957552150330292,0.9816067412043383,0.5160338515579527,0.3043202016247948,1,0,0.004,2.142,2.7287594751678745,False,0.0016261894670938082,0.7060791037898653,1.0236373714936606,0.999999993942012,0.2819566060032607,0.5160338515579527,0.48333333333333334,0.75,0.28507668750273374,0.5208838510647819,1.3563410218765571e-05,0.0039131159424346,0.36660436355928994,0.3851260228281425,0.9996390996670916,0.9996531238642488,0.014280818528420187,0.0246458172546345,,,True,prior-band,flat start at the constant predictor
rung0_scalar_K4M8_bp,2,bp,0.6296063769319935,4.144299432009231e-07,0.0007471998766453,0.9908308993906882,0.9863390699365566,0.3454532388308102,-0.5802502072535954,2,0,0.004,2.7,2.829303772831025,False,0.0018204537279621347,0.6399595750113222,1.0164439218830323,0.9999987819529077,-0.3095740309133584,0.3454532388308102,-0.3410714285714286,0.25,-0.3016339346549691,0.3539847652810186,-0.00013122541398538103,0.0007471998766453,0.36557084972712445,0.4051091791484981,0.9991900562379848,0.9994441689662928,0.014824593749532683,0.0225944016990307,,,True,prior-band,flat start at the constant predictor
rung0_scalar_K4M8_bp,2,bp,0.6296063769319935,4.144299432009231e-07,0.0007471998766453,0.9908308993906882,0.9863390699365566,0.3454532388308102,-0.5802502072535954,2,1,45.242,164.974,0.5618737091312971,True,0.9408756563535978,0.0393469289859365,0.062494489299282516,0.9999791326006084,-0.11702932491390391,0.3454532388308102,0.0,0.25,-0.1049969736513422,0.3539847652810186,-0.0003032583148497138,0.0007471998766453,0.3769232903404211,0.4051091791484981,0.9992681910434342,0.9994441689662928,0.013432247076683348,0.0225944016990307,,,False,sub-prior,"sub-prior plateau, alignment not defined"
rung0_vector_K4M4_dfa,0,dfa,0.6664023732248914,5.5059953695492935e-30,0.0041575018982875,0.9946231015188904,0.8531208479398904,0.9535760893362376,0.1557919889942136,1,0,0.004,0.89,2.3473300153169503,False,0.00014521095882658042,0.6968264052534618,1.0456541471803902,1.0,0.3652842489694462,0.9535760893362376,0.4027250141252406,0.9718074285289026,0.33847772708911916,0.9448314113924496,0.0014056594829131,0.0041575018982875,0.36502859643933266,0.38148686944278,0.9998100279006895,0.9999456180303192,0.02125064992006743,0.0306882620254864,0.2625926737389472,,True,prior-band,flat start at the constant predictor
rung0_vector_K4M4_dfa,1,dfa,0.6707589023562855,1.768160766831926e-11,0.0005111462144212,0.9937590426088776,0.900310761374323,0.9615131396356804,0.385029738594569,1,0,0.006,1.414,2.372298159077237,False,0.0009886975576389734,0.6873462684757122,1.0247292522859668,0.9999999999315783,0.6114025563485921,0.9615131396356804,0.47444963340967194,0.9633486044013904,0.592692340791742,0.9456294636308696,-0.001320520080890744,0.0005111462144212,0.36515940470923325,0.4014526069101953,0.9997292831318451,0.9999049655223808,0.015503367076421278,0.0199605593228806,0.3926788132064179,,True,prior-band,flat start at the constant predictor
rung0_vector_K4M4_dfa,2,dfa,0.6482688904269229,8.030830282229575e-20,-0.0002966120842124,0.9936557572377788,0.8924558229105782,0.9654473189797956,-0.0375824196131223,1,0,0.032,1.288,1.6047658847038873,False,0.017941309162784358,0.7064976537467105,1.0898219306520178,1.0,0.09226057402312014,0.9654473189797956,0.12461814542084966,0.9854141624103738,0.09591182603703982,0.9542009703021478,-0.0008902490943215808,-0.0003016477092485,0.36458394345489564,0.3923565541451977,0.9993010342477907,0.9995491407245976,0.018014681195687998,0.0302605167038417,0.12945079157711747,,False,above-prior,"sub-prior plateau, unclassified"
rung0_vector_K4M4_bp,0,bp,0.6664023732248914,2.8171259633764038e-21,0.0017155330414475,0.9991125170945048,0.9854997243902351,0.5395847981956794,0.1557919889942136,1,0,0.004,6.496,3.2105860249051563,False,0.0,0.692118082787389,1.0385888625186803,1.0,0.24801060445671544,0.5395847981956794,0.29660039857114456,0.5600638382371008,0.23661359515080047,0.5319097784246363,0.0004890687701497692,0.0017155330414475,0.37359636894654097,0.385017416656579,0.9999451147367854,0.9999545437097652,0.026528305706639187,0.0342988827410033,,,True,prior-band,flat start at the constant predictor
rung0_vector_K4M4_bp,1,bp,0.6707589023562855,1.1341278196430537e-21,-0.0004270576075087,0.9996429552964092,0.9858031292312668,0.6669355187668046,0.385029738594569,1,0,0.004,6.202,3.190471770573345,False,0.0009532328590928785,0.6920265570824029,1.0317068542085792,1.0,0.4723162985719004,0.6669355187668046,0.34029081055637633,0.5886889159720478,0.4645511440393638,0.6614491708729453,-0.0010673934071224265,-0.0004270576075087,0.3718027140243813,0.3801497915102205,0.9997709002600418,0.9999018793436129,0.01947757157750431,0.0199141357099033,,,True,prior-band,flat start at the constant predictor
rung0_vector_K4M4_bp,2,bp,0.6482688904269229,3.0217175819133037e-21,0.0001636348047831,0.9986335505950984,0.9957044557898277,0.4471125151474269,-0.0375824196131223,1,0,0.122,6.496,1.7262861855583704,False,0.04719577754162496,0.683287223793366,1.0540182228139645,1.0,-0.07425875813341286,0.4471125151474269,-0.03823330780632343,0.4482638559206588,-0.07669168317627365,0.4349677874218379,-0.0003108737502650474,0.0001636348047831,0.37056290256841895,0.3900007156581871,0.9994873620816653,0.9997998549241202,0.014079608942263453,0.0179353434353324,,,False,above-prior,"sub-prior plateau, alignment not defined"
rung0_vector_K4M8_dfa,0,dfa,0.656138470477609,5.79980407103625e-07,0.0001842665555843,0.9903608734797316,0.8568791529843115,0.9599511230643688,-0.1293004501811976,1,0,0.004,0.68,2.2304489213782737,False,0.0,0.701364509827992,1.068927583711808,0.9999989981507736,0.02187919291973821,0.9599511230643688,0.017386774094365905,0.9720444796686482,0.0008067868109573516,0.9616070861769632,-0.0006007534988812338,0.0001842665555843,0.36306471011804226,0.3900360265199178,0.9997220777078771,0.999821197103992,0.018246104988271034,0.028518873007973,0.1387922191844777,,False,above-prior,"sub-prior plateau, unclassified"
rung0_vector_K4M8_dfa,1,dfa,0.6658183156561832,1.1094777701318923e-06,0.0017964790613617,0.9758349893805672,0.8850265683327672,0.9436395066746788,0.1001713158581117,1,0,0.004,0.89,2.3473300153169503,False,0.0,0.7133073941906053,1.0713243799663579,0.9999982999608137,0.2499798885081914,0.9436395066746788,0.14291645040007175,0.9172374697540732,0.254352663162101,0.9380761361988228,-0.0014382698044938217,0.0017964790613617,0.3631929916780865,0.3992548674021514,0.9992100361391024,0.999546932112416,0.01445518044292264,0.0238173465488549,0.17761022203463184,,False,above-prior,"sub-prior plateau, unclassified"
rung0_vector_K4M8_dfa,2,dfa,0.6580599579474049,1.8431083965292758e-07,0.000786322859038,0.9936220513508708,0.8650524536317871,0.9324484569601512,0.1982230763998724,1,0,0.004,0.78,2.290034611362518,False,0.0,0.7173071097583748,1.0900330602028594,0.9999996913637711,0.32800424683329615,0.9324484569601512,0.298404973803063,0.9452152738945682,0.323863311017364,0.932526594524232,0.00013899073859393517,0.000786322859038,0.3609861936594819,0.3996173737400719,0.9988338623860843,0.9992067094497376,0.013055209534382831,0.017380325952664,0.17675930833988504,,False,above-prior,"sub-prior plateau, unclassified"
rung0_vector_K4M8_bp,0,bp,0.656138470477609,1.9226537638528736e-06,8.496425081249433e-05,0.9968431669040192,0.9973756372928761,0.0985278867994005,-0.1293004501811976,1,0,0.004,5.156,3.110252917353403,False,0.0,0.6898847053792129,1.0514315749189949,0.9999967247193381,-0.09349614408592304,0.0985278867994005,-0.10572277973154232,0.1687026332154716,-0.10003289400368817,0.3175325477794479,-0.000798990648007739,8.496425081249433e-05,0.36991483755255034,0.3869518224094146,0.9995817028573317,0.9996492054791306,0.019076940857586783,0.0211314710716676,,,False,above-prior,"sub-prior plateau, alignment not defined"
rung0_vector_K4M8_bp,1,bp,0.6658183156561832,4.484004409893377e-11,0.0014105312946531,0.99876686690539,0.9839534063317263,0.5153320127932167,0.1001713158581117,1,0,0.004,5.922,3.170408411725318,False,0.0,0.6985905548381837,1.0492209937927324,0.9999999998630534,0.19312530395639987,0.5153320127932167,0.08785187987515457,0.3987349376329483,0.19614887608191128,0.5113567862531978,-0.001531106135151145,0.0014105312946531,0.3691502964562108,0.3785903252620709,0.9995151746748066,0.9997191767237829,0.014530800496493424,0.0152084128960941,,,True,prior-band,flat start at the constant predictor
rung0_vector_K4M8_bp,2,bp,0.6580599579474049,2.033906096783057e-11,0.000510309970513,0.9968686109807549,0.9976449715380495,0.2724436493740385,0.1982230763998724,1,0,0.004,6.496,3.2105860249051563,False,0.0,0.6982177243005439,1.061024479408225,0.9999999999333237,0.15609225287582884,0.2724436493740385,0.14199880302953308,0.2968508763505891,0.14180293392513155,0.2602500937140366,-0.00014903092933613604,0.000510309970513,0.3668819360341766,0.3934924267873038,0.9992075073554,0.999421278601544,0.015210112244988423,0.0153862945399997,,,False,above-prior,"sub-prior plateau, alignment not defined"
rung1_nonzero_mean_targets_dfa,0,dfa,2.2443456760441425,0.705986721188239,0.0035009638414489,0.9736836900041744,0.3221273806557557,0.8285545691074075,0.1489798993505678,2,0,0.14,3.638,1.4147346590492265,True,0.14049733649437302,2.24067061870849,0.9983625261585684,0.6501293009391362,0.3615986108956072,0.8285545691074075,0.37283034496499734,0.8601506968167768,0.5191778679786153,0.945950628385029,0.0017352526400562624,0.0035009638414489,0.35905126434674284,0.3734515261274318,0.9993673080992163,0.999963226238026,0.02182468226396125,0.103157684881295,0.31287027166730186,0.3082744891826923,True,prior-band,"prior saddle, no collapse"
rung1_nonzero_mean_targets_dfa,0,dfa,2.2443456760441425,0.705986721188239,0.0035009638414489,0.9736836900041744,0.3221273806557557,0.8285545691074075,0.1489798993505678,2,1,130.67,800.0,0.7869140958915946,True,0.7124012918845434,0.7280184107632224,0.3243789129874232,0.0,0.6903522470565345,0.8285545691074075,0.7433737639108741,0.8601506968167768,0.8222950915021419,0.945950628385029,0.00047501676417634827,0.0035009638414489,0.1541668608142856,0.3734515261274318,0.981809062235797,0.999963226238026,0.07363923464719947,0.103157684881295,0.7966340886420568,0.8529592114825582,False,sub-prior,"sub-prior plateau, unclassified"
rung1_nonzero_mean_targets_dfa,1,dfa,2.2489864133140305,0.4690625314240889,0.0018509096552586,0.8537919121393249,0.4232068776854858,0.9389694351840542,0.3807711516197737,1,0,0.14,6.108,1.6397709927061452,True,0.14222083791167928,2.235048095501376,0.9938024001700769,0.7467090297363164,0.6235493351171466,0.9389694351840542,0.49453837229912784,0.8124930456853887,0.6456611604473302,0.949207210391972,-0.001170660037700281,0.0018509096552586,0.35499241588422903,0.3715626985490454,0.9984313521277626,0.9998585164726708,0.01555193679513804,0.0360506364258254,0.43493179869195225,0.32209725215517243,True,prior-band,"prior saddle, no collapse"
rung1_nonzero_mean_targets_dfa,2,dfa,2.2482296572655827,0.475161803055567,0.000876750620206,0.8825043109701189,0.45059564274138725,0.8294438583787052,-0.0441611162612983,1,0,0.13,7.258,1.746873611557701,True,0.14094554230064793,2.2628311275777504,1.0064946524768856,0.7438103070438375,0.15336651565148285,0.8294438583787052,0.1826891306188828,0.721263828183486,0.22399814315704408,0.9308766046219504,-0.0002564816270009532,0.000876750620206,0.3574325378132826,0.3701769425369056,0.9973725380362746,0.9994553133287828,0.02268484144398899,0.0461162354251581,0.22610634971965296,0.2926845863217213,True,prior-band,"prior saddle, no collapse"
rung1_nonzero_mean_targets_bp,0,bp,2.2443456760441425,0.6861535642442083,0.0025274824627064,0.9851839332254811,0.2015690697965987,0.4396601126645917,0.1489798993505678,2,0,0.14,6.108,1.6397709927061452,True,0.14054041491417846,2.252359507241663,1.0035706759805583,0.679554312453384,0.1972739185502643,0.4396601126645917,0.21782780116873024,0.5042811343773677,0.3285222060020033,0.4924892254379722,0.0006002244372401206,0.0025274824627064,0.37297634642928906,0.3735955476097948,0.9999305264406634,0.9999551649427988,0.02634896565064079,0.16382620557354,,0.2829253098060345,True,prior-band,"prior saddle, no collapse"
rung1_nonzero_mean_targets_bp,0,bp,2.2443456760441425,0.6861535642442083,0.0025274824627064,0.9851839332254811,0.2015690697965987,0.4396601126645917,0.1489798993505678,2,1,71.428,800.0,1.0492214970399347,True,0.7243991174760603,0.7237841102322115,0.32249226042039336,0.0,0.21928369584010565,0.4396601126645917,0.2616871138570625,0.5042811343773677,0.2723672083228855,0.4924892254379722,0.0003673559788301441,0.0025274824627064,0.11249953697067754,0.3735955476097948,0.9903319127753429,0.9999551649427988,0.11063166346593258,0.16382620557354,,0.846765350877193,False,sub-prior,"sub-prior plateau, alignment not defined"
rung1_nonzero_mean_targets_bp,1,bp,2.2489864133140305,0.7229153381080933,0.0030217294390127,0.9867285229379076,0.20227891758762628,0.6214928269515352,0.3807711516197737,2,0,0.13,5.602,1.6343997521807128,True,0.1378135882083278,2.2560970787608783,1.0031617200552003,0.6843086358428118,0.4346628198322776,0.6214928269515352,0.3570285542602618,0.5119779297280724,0.45696653470932713,0.711349899039686,-0.0010755342797772079,0.0030217294390127,0.37132111302584175,0.3716689756377788,0.9997557683800585,0.9997889142419616,0.019794865332470477,0.0764425834779668,,0.27357219827586204,True,prior-band,"prior saddle, no collapse"
rung1_nonzero_mean_targets_bp,1,bp,2.2489864133140305,0.7229153381080933,0.0030217294390127,0.9867285229379076,0.20227891758762628,0.6214928269515352,0.3807711516197737,2,1,68.412,800.0,1.0679576999401865,True,0.7139483767424267,0.7189554276769872,0.31967975592060544,0.0,0.532626021307594,0.6214928269515352,0.370345682703073,0.5119779297280724,0.5923163469083272,0.711349899039686,0.00014590493156641443,0.0030217294390127,0.1080184633519442,0.3716689756377788,0.99327590889256,0.9997889142419616,0.05234329622296651,0.0764425834779668,,0.8408287311422413,False,sub-prior,"sub-prior plateau, alignment not defined"
rung1_nonzero_mean_targets_bp,2,bp,2.2482296572655827,0.6746055375240883,0.000968334179217,0.9819618603503996,0.19240188914725784,-0.0088342120974625,-0.0441611162612983,2,0,0.13,6.952,1.7281664111337733,True,0.14172345513419216,2.261383411794368,1.005850716578832,0.6892521032394111,-0.19199958476311638,-0.0088342120974625,-0.10189729940824237,0.07064551722397,-0.1740380045794683,0.0124993069125733,-0.000199815519692325,0.000968334179217,0.369971286666182,0.3703512039626254,0.9994921594351999,0.9998797369849388,0.014607224675242452,0.0936011475499203,,0.26491880810950413,True,prior-band,"prior saddle, no collapse"
rung1_nonzero_mean_targets_bp,2,bp,2.2482296572655827,0.6746055375240883,0.000968334179217,0.9819618603503996,0.19240188914725784,-0.0088342120974625,-0.0441611162612983,2,1,105.316,800.0,0.8805956311545424,True,0.7337535981893906,0.7004185167349695,0.3115422459050985,0.0,-0.06239771678564541,-0.0088342120974625,-0.06804625232155288,0.07064551722397,-0.10852007458546353,0.0124993069125733,-0.001693610541256196,0.000968334179217,0.1036502010161851,0.3703512039626254,0.9967467633588715,0.9998797369849388,0.06630427388370345,0.0936011475499203,,0.850006103515625,False,sub-prior,"sub-prior plateau, alignment not defined"
rung2_hidden_biases_dfa,0,dfa,2.2443456760441425,1.032662130210941,0.9928173368374504,0.2667183874520914,0.038390003924379024,0.7148484167235233,0.1489798993505678,2,0,0.084,7.578,1.9552753148770925,True,0.1541588532848963,2.256959992623944,1.0056204873939185,0.6429058190763881,0.4189881348756921,0.7148484167235233,0.4442086228899742,0.8314736697665712,0.7497515316450964,0.9677678938582224,0.8997864109967305,0.9928173368374504,0.09066333594319263,0.3613232647221904,0.35507470011207104,0.9995493185786284,2.6674448263488695,3.3249273083051203,0.4771571968319381,0.28339036066729323,True,prior-band,common-mode collapse
rung2_hidden_biases_dfa,0,dfa,2.2443456760441425,1.032662130210941,0.9928173368374504,0.2667183874520914,0.038390003924379024,0.7148484167235233,0.1489798993505678,2,1,77.864,800.0,1.0117532766246216,True,0.6567458596317444,0.8593690261038718,0.3829040398173358,0.0,0.6848566019548613,0.7148484167235233,0.8073287355654631,0.8314736697665712,0.8087146107275773,0.9677678938582224,0.10832891626892288,0.9928173368374504,0.13059757781217715,0.3613232647221904,0.9364555529533114,0.9995493185786284,1.4289167137097967,3.3249273083051203,0.9469986156715363,0.8301669034090909,False,sub-prior,Refinetti post-alignment
rung2_hidden_biases_dfa,1,dfa,2.2489864133140305,0.9321512287837832,0.9867502232216464,0.343052142051356,0.06118768134441158,0.839126747659278,0.3807711516197737,2,0,0.092,27.648,2.477875893453244,True,0.15227150135339962,2.2651936407593825,1.0072064585848117,0.41161712442675835,0.5090298378809625,0.839126747659278,0.5440578680318984,0.8451378719113719,0.4059698598075971,0.994726358698612,0.8222047949346506,0.9867502232216464,0.11942087091546386,0.3498836288384297,0.5675531290937251,0.9999397070607452,2.252685752406944,3.50506965937773,0.2798235417423256,0.31907511645962733,True,prior-band,common-mode collapse
rung2_hidden_biases_dfa,1,dfa,2.2489864133140305,0.9321512287837832,0.9867502232216464,0.343052142051356,0.06118768134441158,0.839126747659278,0.3807711516197737,2,1,155.282,800.0,0.7119688709526333,True,0.6156646501172987,0.9822692738577764,0.43676087505141375,0.0,0.7630192498082193,0.839126747659278,0.7923562584936914,0.8451378719113719,0.8841850172749444,0.994726358698612,0.41241806852211227,0.9867502232216464,0.07245597310126717,0.3498836288384297,0.7345107615397686,0.9999397070607452,2.893136261435624,3.50506965937773,0.8339553427324161,0.7892878605769231,False,sub-prior,Refinetti post-alignment
rung2_hidden_biases_dfa,2,dfa,2.2482296572655827,1.5984082671969744,0.9993078213974684,0.2511316170139902,0.006738510491891918,0.4615744443469807,-0.0441611162612983,1,0,0.092,644.776,3.8456210363436183,True,0.13487132538901636,2.2527310475524196,1.0020021932689527,0.04055638196970268,0.2800170778768756,0.4615744443469807,0.35556507810344734,0.544634235428372,0.5598153948573246,0.999000687809394,0.9189638099928262,0.9993078213974684,0.03394206749219802,0.3659267215307106,0.3867941065707888,0.9997222470985596,3.883903855892962,4.591729344712141,0.6410033610218452,0.34037585136217946,True,prior-band,"prior-band plateau, unclassified"
rung2_hidden_biases_bp,0,bp,2.2443456760441425,0.7880361935094096,0.7157352077995963,0.7638049329444119,0.15715165319520902,0.4074441327437007,0.1489798993505678,2,0,0.114,8.626,1.8789046024734604,True,0.1411899269076261,2.256609550724737,1.0054643430428287,0.6610486757789994,0.07191465805876802,0.4074441327437007,0.07354825349590362,0.4697549211035061,0.31846350196362894,0.5388999792687823,0.557121900807598,0.7157352077995963,0.2616211933627218,0.3733283546984308,0.8605018405965774,0.9999698210494656,1.087794372227146,2.3145108554571205,,0.2760000302810077,True,prior-band,prior saddle with partial collapse
rung2_hidden_biases_bp,0,bp,2.2443456760441425,0.7880361935094096,0.7157352077995963,0.7638049329444119,0.15715165319520902,0.4074441327437007,0.1489798993505678,2,1,62.756,800.0,1.1054347326584555,True,0.634206365130485,0.8546963585540537,0.3808220666169979,0.0,0.2390689181175311,0.4074441327437007,0.3567718401955658,0.4697549211035061,0.29747884391262797,0.5388999792687823,0.07717882940295517,0.7157352077995963,0.0961829515185843,0.3733283546984308,0.9898956025983427,0.9999698210494656,1.300507038770017,2.3145108554571205,,0.8111572265625,False,sub-prior,"sub-prior plateau, alignment not defined"
rung2_hidden_biases_bp,1,bp,2.2489864133140305,0.812430885925699,0.6411326007979854,0.8873744496255797,0.1542050314925921,0.5364971309254611,0.3807711516197737,2,0,0.114,8.26,1.8600751959839097,True,0.13818613217906872,2.2595266198499773,1.0046866474930878,0.6557661357352704,0.3691688201824048,0.5364971309254611,0.29025885294383896,0.4340014552619567,0.49957910773399344,0.6913627610557775,0.45150252823141557,0.6411326007979854,0.2830194722441083,0.3714257166730662,0.95068670756956,0.9999308020977542,0.6086096760383922,1.5056185766449406,,0.2697906494140625,True,prior-band,"prior saddle, no collapse"
rung2_hidden_biases_bp,1,bp,2.2489864133140305,0.812430885925699,0.6411326007979854,0.8873744496255797,0.1542050314925921,0.5364971309254611,0.3807711516197737,2,1,77.864,800.0,1.0117532766246216,True,0.6609336538396209,0.8225914929414528,0.3657609881819205,0.0,0.5033912718405069,0.5364971309254611,0.3638914908731234,0.4340014552619567,0.5348796090699174,0.6913627610557775,0.029462755162343614,0.6411326007979854,0.08998228963996713,0.3714257166730662,0.9934489533866537,0.9999308020977542,0.8349764895046097,1.5056185766449406,,0.8088778409090909,False,sub-prior,"sub-prior plateau, alignment not defined"
rung2_hidden_biases_bp,2,bp,2.2482296572655827,0.8278330204171951,0.8027939156351805,0.5703579204621859,0.10386966724316049,-0.0379321134018636,-0.0441611162612983,2,0,0.078,9.402,2.0811256441617534,True,0.13372236252781544,2.266675733795698,1.00820471185873,0.6116719234112917,-0.21111374521165682,-0.0429933183448202,-0.10016157258751114,0.0797983597123422,-0.3273732893705157,0.003551514200246,0.6878336567613762,0.8027939156351805,0.2225356914928198,0.3698950209195637,0.7311453409006502,0.9996403454549816,1.5213708291342047,4.628597533974371,,0.2579938616071429,True,prior-band,prior saddle with partial collapse
rung2_hidden_biases_bp,2,bp,2.2482296572655827,0.8278330204171951,0.8027939156351805,0.5703579204621859,0.10386966724316049,-0.0379321134018636,-0.0441611162612983,2,1,74.576,800.0,1.0304909014034331,True,0.6109694305270608,0.9191924514214949,0.40885167066938616,0.0,-0.18046715076957945,-0.0429933183448202,-0.1744592359239436,0.0797983597123422,-0.2769139109599401,0.003551514200246,0.40429837296498733,0.8027939156351805,0.05944231149230172,0.3698950209195637,0.7428229786238507,0.9996403454549816,3.2100287619141596,4.628597533974371,,0.8019757952008929,False,sub-prior,"sub-prior plateau, alignment not defined"
rung3_depth3_tanh_dfa,0,dfa,2.2458294175573625,0.4091402811337138,0.9999999716769444,0.0119032010062354,0.00034836172207046044,0.7267666459922367,0.0401043261158943,1,0,0.084,4.476,1.7266107917944307,True,0.1190191039472871,2.2611713049318087,1.0068312790163434,0.8572334612541037,0.06967113704664087,0.7267666459922367,0.055073680746254336,0.7379608698700415,-0.02379120149796063,0.8386897890989431,0.9999922364704551,0.9999999716769444,0.004470142966803832,0.5937691915036819,0.20207165961404874,0.9224682021257984,2.62133524254269,8.096187053794564,0.043058735094232505,0.2551603618421053,True,prior-band,common-mode collapse
rung3_depth3_tanh_dfa,1,dfa,2.246277532825002,0.3086508622068722,0.999999978387539,0.0068971395343184,0.00033905262284892565,0.7192763132960336,-0.0085356261432962,1,0,0.096,4.776,1.6967930850817443,True,0.1250709078183715,2.2658631972541246,1.0087191649931568,0.8533318566347213,0.029652448232614013,0.7192763132960336,0.03806171413456573,0.7339044485607932,-0.06219640542716046,0.8396471257334468,0.9999964617946265,0.999999978387539,0.004131692802014958,0.6033777966446197,0.07622943076884509,0.9252343247675308,2.7290038755120585,8.5226983039649,0.052469700353264905,0.2502077792553192,True,prior-band,common-mode collapse
rung3_depth3_tanh_dfa,2,dfa,2.246505829126193,0.2734055178279323,0.999999967474344,0.0193252637369552,0.0004466556607265956,0.7274351454414663,0.0187106611751192,1,0,0.066,4.776,1.859520382579444,True,0.1447646504836494,2.271037521168498,1.0109199325121925,0.8605634849083655,0.050107536003135084,0.7274351454414663,0.048859001784403375,0.7444227194311065,0.10940336934692631,0.85598273922983,0.9999770032584158,0.999999967474344,0.007433403725503193,0.5970612144826641,0.08703010558881781,0.9279463737531228,2.630002908353966,8.369663814892165,0.04430053642145171,0.250498046875,True,prior-band,common-mode collapse
rung3_depth3_tanh_bp,0,bp,2.2458294175573625,0.3030919686345845,0.3886703475892181,0.7451275362254366,0.215714671366648,0.0805153651742423,0.0401043261158943,1,0,0.06,11.094,2.2669369111591733,True,0.1281298643979124,2.2594723657749403,1.006074792729546,0.8488572901938399,0.042321948819436093,0.0805153651742423,0.03235933282091096,0.0703798629414861,0.033266283404295466,0.1353827763610116,0.27104929848704495,0.3886703475892181,0.67670936034631,0.7278115329879985,0.9867537469682892,0.999096138391628,0.2941933298803106,1.7097143597248174,,0.27322520380434784,True,prior-band,"prior saddle, no collapse"
rung3_depth3_tanh_bp,1,bp,2.246277532825002,0.3520256986411954,0.4250350439765901,0.6990381382977379,0.21657387178220203,0.0015480450634567,-0.0085356261432962,1,0,0.074,11.836,2.2039732367576192,True,0.1299454236222105,2.2614490270641596,1.0067540604477656,0.8287588856988515,-0.009489892620307626,0.0015480450634567,-0.003775098835175769,-0.0019957974770017,0.004252772864968134,0.0591702888508611,0.2909145991490386,0.4250350439765901,0.671025643757344,0.7283932910658882,0.9854451995981638,0.9992056832015072,0.3113479438015837,1.737243652540958,,0.2630528041294643,True,prior-band,"prior saddle, no collapse"
rung3_depth3_tanh_bp,2,bp,2.246505829126193,0.2569047659446197,0.3537007954678413,0.7337392687677595,0.2229276360084586,0.0264853219676734,0.0187106611751192,1,0,0.066,11.094,2.225544226000948,True,0.1279463875487039,2.259503497442613,1.0057857265037569,0.8534293617421542,0.020009948406776737,0.0264853219676734,0.01999829381583869,0.0420131583708846,0.022464955505891945,0.0937239799435464,0.27175846722915475,0.3537007954678413,0.675919315914955,0.728790982823515,0.9863182777070136,0.9989777357120266,0.29982653042906,1.7270675034432552,,0.278665998340708,True,prior-band,"prior saddle, no collapse"
rung4_shifted_inputs_dfa,0,dfa,2.0931875128091044,0.3782212122216505,0.9999999999925596,0.0244211692104674,6.124224601391832e-05,0.6489436798163198,0.0400633685179657,1,0,0.08,24.15,2.4798271480955876,True,0.14548183453953245,2.1112700630291066,1.0086387627048925,0.797848346675824,0.07711888401294784,0.6489436798163198,0.06270303915238012,0.6553185748826439,-0.01073300325766414,0.83953775000246,0.999999542746382,0.9999999999925596,0.004195078969000361,0.603365130765295,0.17461394038572328,0.8219205251739404,2.690410960199277,9.320441549177882,0.0608584557709976,0.3478003329918033,True,prior-band,common-mode collapse
rung4_shifted_inputs_dfa,1,dfa,2.102165714785372,0.5213319054602623,0.9999999999878004,0.0092642122889579,5.569213448440459e-05,0.6376565809736316,-0.0085031460208349,1,0,0.118,24.15,2.311035127781406,True,0.1923725718530761,2.120643994985364,1.008790115864809,0.8038654479709282,0.03831940905933169,0.6376565809736316,0.04777529048906113,0.6274952504705491,-0.07334988228645704,0.8518779042633323,0.9999999726912493,0.9999999999878004,0.0019913927492172844,0.6008960843993302,0.16656671745835486,0.8044419896511114,2.810671647329947,8.40317740007138,0.07246281859433737,0.37126358695652173,True,prior-band,common-mode collapse
rung4_shifted_inputs_dfa,2,dfa,1.9197309597304948,0.3751980907103641,0.9999999999929564,0.0070600158461519,7.613890572944066e-05,0.6690475977413026,0.0187145076307409,1,0,0.104,29.334,2.4503379483486984,True,0.23344265530339914,1.9383976774788239,1.00972361134966,0.8387782932487933,0.07483925638942063,0.6690475977413026,0.07346140883456981,0.700566158017984,-0.01747114422183323,0.7702129734337471,0.999999855502666,0.9999999999929564,0.00417443154900072,0.6141937824101876,0.16127434166275526,0.8207358544638013,2.803203500586905,9.341622555130895,0.0863015424128858,0.5517578125,True,prior-band,common-mode collapse
rung4_shifted_inputs_bp,0,bp,2.0931875128091044,0.4039563804211296,0.88376363838187,0.7330459039408401,0.21496457649986012,0.0705425479863566,0.0400633685179657,1,0,0.066,31.298,2.675972650671818,True,0.17037018740270327,2.1122533746787324,1.0091085302931324,0.7886969321301082,0.04262245223913707,0.0705425479863566,0.032896941962666876,0.0708788177028353,0.01904001782403053,0.1658474636868362,0.7930495977511985,0.88376363838187,0.6877152362403078,0.8794637334706039,0.9096367990725969,0.9991875315786948,0.4794763185710223,1.8492949602970128,,0.3535988977713178,True,prior-band,prior saddle with partial collapse
rung4_shifted_inputs_bp,1,bp,2.102165714785372,0.4472370596244471,0.8871892008599567,0.7130762036859299,0.21068820522116208,-0.0066757443929448,-0.0085031460208349,1,0,0.066,35.63,2.7322718868091465,True,0.18397428526560589,2.121032690553609,1.0089750183039985,0.798931194837158,-0.008926839894941252,-0.0066757443929448,-0.005061625620955065,-0.0020744973742033,0.0021412303317650946,0.1371243601229292,0.7856027377792814,0.8871892008599567,0.695409048012714,0.8810674459799306,0.90783238128891,0.9993029464409422,0.4775833567591916,1.9095099093858872,,0.37343451812977096,True,prior-band,prior saddle with partial collapse
rung4_shifted_inputs_bp,2,bp,1.9197309597304948,0.3153247907111191,0.8777474194610785,0.6994178791867091,0.22341994331229906,0.0280605587486926,0.0187145076307409,1,0,0.07,35.63,2.7067177823367583,True,0.22568227456140644,1.9286627024559957,1.0046526012826063,0.7876532498227471,0.019813947775731183,0.0280605587486926,0.019849001091556913,0.0467296793840397,0.018509815858493057,0.1246177914844094,0.819080870266121,0.8777474194610785,0.6734295387256282,0.8775669417794894,0.8985636013022276,0.99887121264066,0.5105326952727502,1.833280703397436,,0.5517578125,True,prior-band,prior saddle with partial collapse
rung5_gain0.3_dfa,0,dfa,2.0931875128091044,0.3231643340272833,0.9999999830224134,0.0342771338920292,0.0007620586500214845,0.6866503068990001,0.0400633685179657,1,0,0.1,19.882,2.2984600694614525,True,0.16614760205281642,2.1110359959372538,1.0085269394256018,0.8062188584197598,0.07535217327681712,0.6866503068990001,0.059901663933783086,0.6838264650307401,0.0025094421938231877,0.8219697175521328,0.999941963798139,0.9999999830224134,0.03258373105622304,0.827243980281973,0.11839496639382505,0.98900630488979,2.0487858886686134,4.477347156069811,0.054577045504831535,0.34584748641304347,True,prior-band,common-mode collapse
rung5_gain0.3_dfa,1,dfa,2.102165714785372,0.3441618077711944,0.999999986196036,0.031900339035906,0.0007191889143477279,0.6837952624897164,-0.0085031460208349,1,0,0.118,24.15,2.311035127781406,True,0.18597264565337113,2.1208732516109903,1.008899173216479,0.8331300600431057,0.03639595145754619,0.6837952624897164,0.04445174074862514,0.6781883778120336,0.0114302876747002,0.8469227631433566,0.9999862006815212,0.999999986196036,0.01983771699398144,0.8230818749475791,0.15521935273532914,0.9853753750117852,2.184954717538899,4.744609312094781,0.06485512161580649,0.37058423913043476,True,prior-band,common-mode collapse
rung5_gain0.3_dfa,2,dfa,1.9197309597304948,0.3178725588975253,0.999999984035443,0.0187819236162252,0.0009073193192222793,0.6843000498023804,0.0187145076307409,1,0,0.152,24.15,2.2010735471427587,True,0.2393273931337948,1.93690519541974,1.0089461680045293,0.8486695566386385,0.07240874658854615,0.6843000498023804,0.06985211787442107,0.6948838075522713,0.056025013945811185,0.8232397646236205,0.999982854847906,0.999999984035443,0.02550859998948129,0.8315141323306523,0.11871340181947876,0.9888389485291222,2.1708146070688765,4.593597919325704,0.08067218344709585,0.5517578125,True,prior-band,common-mode collapse
rung5_gain0.3_bp,0,bp,2.0931875128091044,0.4039563804211296,0.88376363838187,0.7330459039408401,0.21496457649986012,0.0705425479863566,0.0400633685179657,1,0,0.066,31.298,2.675972650671818,True,0.17037018740270327,2.1122533746787324,1.0091085302931324,0.7886969321301082,0.04262245223913707,0.0705425479863566,0.032896941962666876,0.0708788177028353,0.019040017824030524,0.1658474636868361,0.7930495977511985,0.88376363838187,0.6877152362403078,0.8794637334706039,0.9096367990725969,0.9991875315786948,0.4794763185710223,1.8492949602970128,,0.3535988977713178,True,prior-band,prior saddle with partial collapse
rung5_gain0.3_bp,1,bp,2.102165714785372,0.4472370596244471,0.8871892008599567,0.7130762036859299,0.21068820522116208,-0.0066757443929448,-0.0085031460208349,1,0,0.066,35.63,2.7322718868091465,True,0.18397428526560589,2.121032690553609,1.0089750183039985,0.798931194837158,-0.008926839894941254,-0.0066757443929448,-0.005061625620955068,-0.0020744973742033,0.0021412303317650903,0.137124360122929,0.7856027377792814,0.8871892008599567,0.695409048012714,0.8810674459799306,0.90783238128891,0.9993029464409422,0.4775833567591916,1.9095099093858872,,0.37343451812977096,True,prior-band,prior saddle with partial collapse
rung5_gain0.3_bp,2,bp,1.9197309597304948,0.3153247907111191,0.8777474194610785,0.6994178791867091,0.22341994331229906,0.0280605587486926,0.0187145076307409,1,0,0.07,35.63,2.7067177823367583,True,0.22568227456140644,1.9286627024559957,1.0046526012826063,0.7876532498227471,0.019813947775731176,0.0280605587486926,0.019849001091556913,0.0467296793840397,0.01850981585849305,0.1246177914844094,0.819080870266121,0.8777474194610785,0.6734295387256282,0.8775669417794894,0.8985636013022276,0.99887121264066,0.5105326952727502,1.833280703397436,,0.5517578125,True,prior-band,prior saddle with partial collapse
rung5_gain3_dfa,0,dfa,2.0931875128091044,0.5114175618378693,0.9999999999999932,0.0038198332031745,5.3024273621377295e-06,0.4408604577987528,0.0400633685179657,1,0,0.1,31.298,2.4955165862136868,True,0.14602589201445848,2.111736260476081,1.0088614840063153,0.7675995278672408,0.08091682714724802,0.4408604577987528,0.06608059921039802,0.4816186504962989,-0.0009835503335555748,0.8950062913964485,0.9999999958573209,0.9999999999999932,0.0007415367389001791,0.3107850573350763,0.10665557725811052,0.4513964715933783,3.461400484109458,13.194935251089012,0.10193052724657274,0.34735207479508196,True,prior-band,common-mode collapse
rung5_gain3_dfa,1,dfa,2.102165714785372,0.4507980905183991,0.999999999999993,0.0059292707249475,4.810819255889534e-06,0.3963793753255141,-0.0085031460208349,1,0,0.11,31.298,2.4541239010554614,True,0.20673700825472252,2.120654598772023,1.0087951600849596,0.7838194806306759,0.03555101945688906,0.3963793753255141,0.045950097169919685,0.4526599221988801,0.03131692170478195,0.8556112691935643,0.9999999999695653,0.999999999999993,0.0001216148586060285,0.3150682391658306,0.19224523898231283,0.4524567146984868,3.6347583901619465,12.657754159439715,0.10880727903795745,0.3707682291666667,True,prior-band,common-mode collapse
rung5_gain3_dfa,2,dfa,1.9197309597304948,0.361806294628701,0.9999999999999956,0.0059468662799218,6.599866581405158e-06,0.4174239548586463,0.0187145076307409,1,0,0.11,33.394,2.4822757576721903,True,0.21715819367054745,1.938692987939991,1.0098774404368402,0.792142546819188,0.07773816768121096,0.4174239548586463,0.07719392825320578,0.4755993282911114,0.042347221134980066,0.8228159249678871,0.9999999982963412,0.9999999999999956,0.0007570756996204958,0.342128300849436,0.15833169022679014,0.490297145123975,3.4792092050276517,14.103696858795711,0.14803677329654966,0.5517578125,True,prior-band,common-mode collapse
rung5_gain3_bp,0,bp,2.0931875128091044,0.4039563804211296,0.88376363838187,0.7330459039408401,0.21496457649986012,0.0705425479863566,0.0400633685179657,1,0,0.066,31.298,2.675972650671818,True,0.17037018740270327,2.1122533746787324,1.0091085302931324,0.7886969321301082,0.04262245223913707,0.0705425479863566,0.032896941962666876,0.0708788177028353,0.019040017824030527,0.1658474636868362,0.7930495977511985,0.88376363838187,0.6877152362403078,0.8794637334706039,0.9096367990725969,0.9991875315786948,0.4794763185710223,1.8492949602970128,,0.3535988977713178,True,prior-band,prior saddle with partial collapse
rung5_gain3_bp,1,bp,2.102165714785372,0.4472370596244471,0.8871892008599567,0.7130762036859299,0.21068820522116208,-0.0066757443929448,-0.0085031460208349,1,0,0.066,35.63,2.7322718868091465,True,0.18397428526560589,2.121032690553609,1.0089750183039985,0.798931194837158,-0.008926839894941254,-0.0066757443929448,-0.005061625620955064,-0.0020744973742033,0.00214123033176509,0.1371243601229291,0.7856027377792814,0.8871892008599567,0.695409048012714,0.8810674459799306,0.90783238128891,0.9993029464409422,0.4775833567591916,1.9095099093858872,,0.37343451812977096,True,prior-band,prior saddle with partial collapse
rung5_gain3_bp,2,bp,1.9197309597304948,0.3153247907111191,0.8777474194610785,0.6994178791867091,0.22341994331229906,0.0280605587486926,0.0187145076307409,1,0,0.07,35.63,2.7067177823367583,True,0.22568227456140644,1.9286627024559957,1.0046526012826063,0.7876532498227471,0.019813947775731176,0.0280605587486926,0.019849001091556913,0.0467296793840397,0.01850981585849305,0.1246177914844095,0.819080870266121,0.8777474194610785,0.6734295387256282,0.8775669417794894,0.8985636013022276,0.99887121264066,0.5105326952727502,1.833280703397436,,0.5517578125,True,prior-band,prior saddle with partial collapse
