maxcos_l1,minp_l1,kappa_l1,maxcos_l2,minp_l2,kappa_l2,maxcos_l3,minp_l3,kappa_l3,steps_cos_gt_0.9,acc_450,acc_1000,acc_1500,acc_3000,ebar0,ebar_ratio_10,tag,minp300_l1,minp300_l2,minp300_l3,wa_l1_100,wa_l1_end,plateau_onset,plateau_band_end,plateau_exit,plateau_duration,plateau_band_acc
0.7441952228546143,0.8313310146331787,2.1120298302696634,0.7478619813919067,0.7407009601593018,2.6919608017991905,0.7685266137123108,0.7803297638893127,3.62324919876809,0,0.87353515625,0.89306640625,0.90087890625,0.91259765625,1.2692182064056396,0.22209689504608385,aligned,0.9575956463813782,0.9154147505760192,0.8860039114952087,0.9032232165336608,0.8403302431106567,,,,,
0.7448235154151917,0.8332409262657166,2.112411945347056,0.7490991353988647,0.7398245334625244,2.665977619954081,0.7675832509994507,0.7800058126449585,3.6232808270403463,0,0.87353515625,0.892578125,0.90087890625,0.912109375,1.2692182064056396,0.2231236881609919,aligned,0.958695113658905,0.9157343506813048,0.8859950304031372,0.9007188081741333,0.8367190957069397,,,,,
0.7444908022880554,0.8318070769309998,2.1141313735431475,0.7472339272499084,0.7403576374053955,2.688286818894239,0.7685556411743164,0.7806981205940247,3.631237918135578,0,0.87353515625,0.89306640625,0.90087890625,0.91259765625,1.2692182064056396,0.22281757237309663,aligned,0.9578855633735656,0.9150495529174804,0.8860849142074585,0.9026417136192322,0.8390898108482361,,,,,
0.7488237023353577,0.8232784271240234,2.064356904435006,0.7655190229415894,0.7276006937026978,2.620286376912193,0.7676225304603577,0.7675511837005615,3.6350760342498063,0,0.88134765625,0.89453125,0.9033203125,0.912109375,1.3514316082000732,0.19409682393591268,aligned,0.9568198323249816,0.9149742126464844,0.8759191632270813,0.8917670845985413,0.8279581665992737,,,,,
0.7494087815284729,0.8251547813415527,2.064754382980276,0.7666122913360596,0.726725161075592,2.593569395443541,0.7667833566665649,0.7673478722572327,3.6353067529407688,0,0.88037109375,0.89453125,0.9033203125,0.912109375,1.3514316082000732,0.19490076235944825,aligned,0.9580079913139344,0.9154163002967834,0.875990629196167,0.8887190818786621,0.8238682746887207,,,,,
0.7490901947021484,0.8237473368644714,2.0662926245463344,0.7646947503089905,0.7274871468544006,2.6156918213101843,0.7676360607147217,0.7679839730262756,3.642290947779499,0,0.880859375,0.89453125,0.9033203125,0.912109375,1.3514316082000732,0.19458358158005087,aligned,0.95715594291687,0.9147383570671082,0.8760481476783752,0.8909859657287598,0.8265402317047119,,,,,
0.7361471652984619,0.8386982083320618,2.3173442804079225,0.744592010974884,0.7366912961006165,2.9473660371715384,0.7829654216766357,0.7698009610176086,3.894263252229489,0,0.87109375,0.89404296875,0.90576171875,0.91796875,1.247653603553772,0.2753835146989072,aligned,0.9564574360847472,0.9103792905807496,0.871727705001831,0.9013361930847168,0.8305398225784302,,,,,
0.7366545796394348,0.8405982851982117,2.317171729862612,0.7458235621452332,0.7357714176177979,2.9182556085572995,0.782164454460144,0.7694706916809082,3.895810172164086,0,0.87109375,0.8935546875,0.9052734375,0.91796875,1.247653603553772,0.2757962091804974,aligned,0.9575838446617126,0.9107809662818908,0.8717423677444458,0.8987516760826111,0.8268822431564331,,,,,
0.736443042755127,0.8391385078430176,2.319856061538049,0.7441409230232239,0.7361141443252563,2.9436088490898427,0.7830854654312134,0.770229160785675,3.9062240313081538,0,0.87109375,0.89404296875,0.90576171875,0.91796875,1.247653603553772,0.2758826312097743,aligned,0.956760585308075,0.91004741191864,0.8717716932296753,0.9006433486938477,0.829268217086792,,,,,
0.751510500907898,0.8360646367073059,2.23628329158378,0.7549777030944824,0.7280629277229309,2.950849170715776,0.791534960269928,0.7697659730911255,3.890266861859519,0,0.85888671875,0.88427734375,0.896484375,0.90869140625,1.1960808038711548,0.20552711050824066,aligned,0.9579787850379944,0.9182807207107544,0.882820188999176,0.90824955701828,0.8380018472671509,,,,,
0.7523505091667175,0.8377506732940674,2.2359582567161693,0.7562394142150879,0.7271150350570679,2.923983018945019,0.790740430355072,0.769599974155426,3.891402826790919,0,0.85888671875,0.88525390625,0.8955078125,0.90771484375,1.1960808038711548,0.20605660918360527,aligned,0.9589035511016846,0.9186204075813292,0.8828716278076172,0.9058617353439332,0.8344045877456665,,,,,
0.7519286274909973,0.8364346623420715,2.238640865347853,0.7544503211975098,0.727577269077301,2.9478931241822344,0.7916008830070496,0.7702937126159668,3.900279090968932,0,0.85888671875,0.88525390625,0.89599609375,0.90771484375,1.1960808038711548,0.20600529159527234,aligned,0.9582260847091676,0.9180012345314026,0.8829253911972046,0.9076911807060242,0.8367922902107239,,,,,
0.7277064919471741,0.84944087266922,2.233841510324899,0.7276661396026611,0.7768158912658691,2.709251831660875,0.7504141926765442,0.7825403213500977,3.3938996843970446,0,0.869140625,0.88623046875,0.89501953125,0.90771484375,1.324767827987671,0.23182252818642582,aligned,0.95991712808609,0.9290575981140136,0.8921507000923157,0.8901297450065613,0.8213193416595459,,,,,
0.7281282544136047,0.8512513637542725,2.233769916831483,0.7291061878204346,0.775857150554657,2.681117236178345,0.7496147751808167,0.7824869155883789,3.3933941547226527,0,0.869140625,0.88623046875,0.89453125,0.9072265625,1.324767827987671,0.2320989352748915,aligned,0.961003303527832,0.929266095161438,0.8922399878501892,0.8872349262237549,0.8173109292984009,,,,,
0.7279679775238037,0.8498764038085938,2.235999868949212,0.7270263433456421,0.7764763236045837,2.7049755465766414,0.7505450248718262,0.7828667163848877,3.401517897075346,0,0.869140625,0.88623046875,0.8955078125,0.90771484375,1.324767827987671,0.2321964251900798,aligned,0.9602133631706238,0.9287251234054564,0.8922373056411743,0.8894171118736267,0.8199681043624878,,,,,
0.894025981426239,0.7242494821548462,6.049121339708996,0.985094428062439,0.4069302082061767,11.819006799257505,0.9980725646018982,0.2263269871473312,14.0534719159783,310,0.26953125,0.7802734375,0.85693359375,0.8994140625,1.2692182064056396,1.2055869975267264,base,0.7242494821548462,0.4069302082061767,0.2263269871473312,0.1199165359139442,0.6348215937614441,90.0,310.0,520.0,430.0,0.12240998641304347
0.8871484398841858,0.7276175618171692,6.295615365407599,0.9855994582176208,0.357053130865097,11.376060351595052,0.9980950951576232,0.2220896929502487,16.82091692777195,330,0.3173828125,0.74267578125,0.83544921875,0.89404296875,1.2692182064056396,1.1961748173029736,base,0.7276175618171692,0.357053130865097,0.2220896929502487,0.1234086230397224,0.634991466999054,90.0,150.0,490.0,400.0,0.11474609375
0.9046690464019777,0.7298750877380371,6.611851639289446,0.9872650504112244,0.386364072561264,12.59553126004458,0.998391330242157,0.2531242668628692,16.826551964780244,350,0.36962890625,0.7451171875,0.8505859375,0.892578125,1.2692182064056396,1.2961037075644397,base,0.7298750877380371,0.386364072561264,0.2531242668628692,0.1314124315977096,0.6442402601242065,80.0,170.0,520.0,440.0,0.135986328125
0.9143717885017396,0.6761212348937988,6.410846987525097,0.9899471998214722,0.3138853907585144,12.91446025079315,0.9989173412322998,0.1967181712388992,17.339508466643768,340,0.13916015625,0.70361328125,0.84228515625,0.8916015625,1.3514316082000732,1.4813972107534292,base,0.6761212348937988,0.3138853907585144,0.1967181712388992,0.1274470090866089,0.638028085231781,90.0,470.0,600.0,510.0,0.07709835737179487
0.9021816849708556,0.6914756894111633,6.2802761209420055,0.9889762997627258,0.3020907640457153,11.519414696752216,0.9989032745361328,0.1923276931047439,18.5263183818089,360,0.17529296875,0.75244140625,0.845703125,0.8994140625,1.3514316082000732,1.445871314672747,base,0.6914756894111633,0.3020907640457153,0.1923276931047439,0.0739135295152664,0.6187688112258911,100.0,270.0,590.0,490.0,0.08824327256944445
0.9102286100387572,0.6766589283943176,6.61141049847764,0.98906672000885,0.317338228225708,13.541463726995676,0.9986026287078856,0.2091501355171203,18.006439263862067,350,0.3037109375,0.70751953125,0.85595703125,0.90234375,1.3514316082000732,1.410257641370428,base,0.6766589283943176,0.317338228225708,0.2091501355171203,0.1214775368571281,0.6188493967056274,90.0,200.0,510.0,420.0,0.12333170572916667
0.9066154956817628,0.7107887864112854,6.359987195510972,0.9853984713554382,0.3717388808727264,13.351483052919392,0.9975038766860962,0.2798041403293609,16.91873191954543,350,0.2197265625,0.736328125,0.85205078125,0.8984375,1.247653603553772,1.2900299438705067,base,0.7107887864112854,0.3717388808727264,0.2798041403293609,0.1200225949287414,0.6281951069831848,210.0,320.0,520.0,310.0,0.12361653645833333
0.9062361121177672,0.7132661938667297,6.0812764231525165,0.9901943802833556,0.2931475937366485,11.30572774330914,0.9990813732147216,0.1824692338705063,17.32838455891533,390,0.18994140625,0.740234375,0.84375,0.89453125,1.247653603553772,1.3588591946685749,base,0.7132661938667297,0.2931475937366485,0.1824692338705063,0.1228322982788086,0.6399298310279846,90.0,220.0,540.0,450.0,0.11083984375
0.9032276272773744,0.7118026614189148,6.29257669752383,0.9876881837844848,0.3464583456516266,12.101274484293825,0.9982762932777404,0.2242631614208221,15.4016151386935,310,0.3076171875,0.73828125,0.849609375,0.90771484375,1.247653603553772,1.2040565680969142,base,0.7118026614189148,0.3464583456516266,0.2242631614208221,0.1119962558150291,0.6208291053771973,100.0,240.0,500.0,400.0,0.0916015625
0.9171748161315918,0.6698843240737915,6.281468315213978,0.98749577999115,0.3395499587059021,13.053245020268765,0.9984082579612732,0.2242960184812545,17.431425066171116,370,0.20654296875,0.75244140625,0.83056640625,0.8896484375,1.1960808038711548,1.1934450827905292,base,0.6698843240737915,0.3395499587059021,0.2242960184812545,0.1159040257334709,0.6244194507598877,190.0,280.0,580.0,390.0,0.11884765625
0.8984485864639282,0.7237449288368225,6.38189233875175,0.9872903227806092,0.3455738127231598,11.509552123422194,0.998460590839386,0.2148691266775131,17.848154020489083,340,0.19580078125,0.716796875,0.83642578125,0.89111328125,1.1960808038711548,1.1434019687699293,base,0.7237449288368225,0.3455738127231598,0.2148691266775131,0.11423060297966,0.6228976845741272,140.0,360.0,530.0,390.0,0.12646484375
0.8934328556060791,0.7294034361839294,6.767740387024251,0.9845998883247375,0.3803027272224426,12.480070916866358,0.9980003237724304,0.2409958690404892,17.271716634736862,330,0.09814453125,0.73388671875,0.84814453125,0.8876953125,1.1960808038711548,1.2922682331680484,base,0.7294034361839294,0.3803027272224426,0.2409958690404892,0.093057595193386,0.6303066611289978,100.0,470.0,530.0,430.0,0.07259971217105263
0.9133049249649048,0.6886773705482483,6.032537961334268,0.9881849884986876,0.3230039179325104,12.968071597282464,0.99859619140625,0.208631157875061,17.422451034647963,350,0.3193359375,0.7490234375,0.8310546875,0.89306640625,1.324767827987671,1.2552083310927582,base,0.6886773705482483,0.3230039179325104,0.208631157875061,0.1397913098335266,0.6195351481437683,80.0,220.0,480.0,400.0,0.10319010416666667
0.8950793743133545,0.7368824481964111,6.655623223943209,0.9838806986808776,0.3791636824607849,12.40158228419178,0.99744975566864,0.2823956310749054,18.049316014594663,300,0.1796875,0.72216796875,0.83544921875,0.88720703125,1.324767827987671,1.120286651117031,base,0.7368824481964111,0.3791636824607849,0.2823956310749054,0.1008239015936851,0.6329550743103027,90.0,280.0,530.0,440.0,0.071044921875
0.9003204107284546,0.7159628868103027,6.502879784790005,0.9846896529197692,0.3677338063716888,12.168418535689062,0.998175859451294,0.220174178481102,16.56253391967539,320,0.244140625,0.74267578125,0.8359375,0.88818359375,1.324767827987671,1.2997195443872147,base,0.7159628868103027,0.3677338063716888,0.220174178481102,0.1307724565267563,0.6367112398147583,90.0,380.0,510.0,420.0,0.08531901041666666
0.4665979743003845,0.977099597454071,6.003998926656193,0.6019154191017151,0.9569799304008484,3.142932090768236,0.7237895131111145,0.9354720711708068,3.7772501006334633,0,0.7177734375,0.7998046875,0.82470703125,0.85791015625,1.2692182064056396,1.0659060605987516,bp,0.9820992946624756,0.9684322476387024,0.9566026329994202,,,,,,,
0.4933793842792511,0.9742276668548584,5.713563082489491,0.6219545602798462,0.958265781402588,3.08825256583748,0.7320275902748108,0.9292363524436952,3.5962138934088506,0,0.67529296875,0.794921875,0.828125,0.869140625,1.3514316082000732,1.060345037897608,bp,0.9799523949623108,0.970170259475708,0.9481495022773744,,,,,,,
0.5114977955818176,0.9734339714050292,6.196852585150348,0.6175441145896912,0.9587025046348572,3.7317250788639296,0.7335990071296692,0.924806833267212,3.963286726785632,0,0.68603515625,0.7939453125,0.8291015625,0.861328125,1.247653603553772,1.068570707129518,bp,0.9770911931991576,0.9683903455734252,0.9464467167854308,,,,,,,
0.5105748176574707,0.9739933609962464,5.9864055424993055,0.6226950287818909,0.9576526880264282,3.4625502893861317,0.7492820620536804,0.9404926896095276,3.884127307081517,0,0.6630859375,0.78466796875,0.81640625,0.8525390625,1.1960808038711548,0.9991258430169399,bp,0.9771361947059632,0.9666471481323242,0.9514824748039246,,,,,,,
0.5066845417022705,0.9764825105667114,6.057435626279294,0.6023876070976257,0.959398090839386,3.5774663241296545,0.7163703441619873,0.9352396726608276,3.756486394235524,0,0.70263671875,0.7919921875,0.82177734375,0.86279296875,1.324767827987671,1.1028626787131441,bp,0.9783391952514648,0.9692332744598388,0.9545479416847228,,,,,,,
0.4516971409320831,0.9803605675697328,0.2964349097535532,0.5361019968986511,0.9671024680137634,0.1341892201237233,0.5857294201850891,0.9731688499450684,0.13011705357134,0,0.87646484375,0.9013671875,0.91552734375,0.92431640625,1.370040774345398,0.06303809772098429,bp_outx12,0.9869304895401,0.983059823513031,0.9875065088272096,,,,,,,
0.484881728887558,0.9769896864891052,0.2744192448960953,0.5659213662147522,0.9727047085762024,0.1292373350562136,0.6077731251716614,0.9668667316436768,0.1226867640452617,0,0.8994140625,0.9150390625,0.91943359375,0.93212890625,1.7477927207946775,0.0690173356190289,bp_outx12,0.9844252467155457,0.9864376187324524,0.9850305914878844,,,,,,,
0.4936205446720123,0.9753121733665466,0.2745918445149521,0.5697367191314697,0.972528040409088,0.1448765714217743,0.6266899108886719,0.9608532786369324,0.1259140795666786,0,0.892578125,0.90576171875,0.91650390625,0.9248046875,1.4210113286972046,0.08040053252480271,bp_outx12,0.9825271368026732,0.986632525920868,0.9842621684074402,,,,,,,
0.4975817203521728,0.9747741222381592,0.3019985710804851,0.5598235130310059,0.9661736488342284,0.1562318168040851,0.6074846982955933,0.9713292121887208,0.1421531776967515,0,0.8779296875,0.9072265625,0.916015625,0.9296875,1.2606830596923828,0.06545551594374428,bp_outx12,0.9824823141098022,0.9817739725112916,0.9878298044204712,,,,,,,
0.4839711487293243,0.9770224690437316,0.3397276357536294,0.5553624629974365,0.9710217714309692,0.1790789961673863,0.6091278791427612,0.9664708375930786,0.1573561401968105,0,0.876953125,0.89599609375,0.908203125,0.9228515625,1.6894904375076294,0.09286571792820139,bp_outx12,0.9840161204338074,0.9851667284965516,0.98457133769989,,,,,,,
0.5753377079963684,0.5737099647521973,38.1590001599436,0.5518574118614197,0.3731048107147217,88.20538513235692,0.5288453698158264,0.4261295199394226,99.6320630268113,0,0.3671875,0.66015625,0.79150390625,0.85791015625,1.2692182064056396,1.2810047118912287,center_delta,0.9392639398574828,0.9030365943908693,0.8552682399749756,0.0123784374445676,0.2098981887102127,,,,,
0.5603103637695312,0.7019935846328735,32.19790587573333,0.5321074724197388,0.4731504023075104,59.73304482156609,0.4584457576274872,0.4744455814361572,73.43218868381274,0,0.517578125,0.66064453125,0.79248046875,0.85986328125,1.2692182064056396,1.2732141963781396,center_delta,0.9406810998916626,0.9219354391098022,0.893832802772522,0.0230440124869346,0.1781386584043502,,,,,
0.5562245845794678,0.5863732099533081,37.6583556913488,0.5581862926483154,0.3333961069583893,83.5004096375641,0.5421352982521057,0.3698083460330963,100.47995934980815,0,0.3486328125,0.654296875,0.76220703125,0.86376953125,1.2692182064056396,1.2776315776512297,center_delta,0.9339678883552552,0.8875676393508911,0.8448178172111511,0.0416483022272586,0.2287120372056961,,,,,
0.5382559299468994,0.5636798739433289,39.07906195128376,0.5377941131591797,0.3232140839099884,97.06871693380516,0.5508618950843811,0.3283218443393707,114.03794073550974,0,0.35888671875,0.62353515625,0.7783203125,0.861328125,1.3514316082000732,1.3195121291413885,center_delta,0.8980246186256409,0.6989628672599792,0.4755617380142212,0.020925773307681,0.2262175530195236,,,,,
0.5117236375808716,0.6146546602249146,40.37938546177909,0.5363620519638062,0.3580712378025055,90.8322167260324,0.5516651272773743,0.3010100424289703,117.20522444461278,0,0.33837890625,0.57861328125,0.7099609375,0.8515625,1.3514316082000732,1.3135930595657874,center_delta,0.9091067910194396,0.7588978409767151,0.5274276733398438,-0.0340907052159309,0.1766854673624038,,,,,
0.5247688293457031,0.597080409526825,39.32004535510017,0.5079896450042725,0.3586676716804504,85.86304520234653,0.5168434977531433,0.3787003755569458,102.6355810150375,0,0.373046875,0.64501953125,0.8056640625,0.86865234375,1.3514316082000732,1.3086971146947963,center_delta,0.9297548532485962,0.8514809608459473,0.7492882013320923,0.0161402877420187,0.1923650801181793,,,,,
0.5615759491920471,0.6137833595275879,35.72881571716572,0.5048055052757263,0.4131732881069183,78.88701631885884,0.4722411334514618,0.4833223223686218,87.01395009234245,0,0.41064453125,0.732421875,0.81884765625,0.87109375,1.247653603553772,1.244508759160242,center_delta,0.9436829090118408,0.9205785393714904,0.8833589553833008,0.0146787045523524,0.29960697889328,,,,,
0.5281188488006592,0.6847367286682129,38.84107163954746,0.5351037383079529,0.3753853142261505,80.37319285029791,0.520337700843811,0.323080837726593,108.9105928654229,0,0.41162109375,0.681640625,0.71337890625,0.85205078125,1.247653603553772,1.2473981642231338,center_delta,0.9424484968185424,0.90806645154953,0.8504082560539246,0.0139155816286802,0.1820320785045623,,,,,
0.5293197631835938,0.6209704875946045,40.17235633426933,0.4827861487865448,0.3822182118892669,86.4912875507452,0.4560545682907104,0.4495942592620849,100.72287779825749,0,0.34619140625,0.6611328125,0.8037109375,0.8740234375,1.247653603553772,1.2436617058266544,center_delta,0.9395528435707092,0.8965786099433899,0.8119069337844849,0.0073194298893213,0.2178188115358352,,,,,
0.5806268453598022,0.5930953621864319,38.74020459378044,0.5475401878356934,0.4106273055076599,92.1438986289417,0.5591962337493896,0.384423553943634,101.43795351963648,0,0.3759765625,0.65185546875,0.7236328125,0.86376953125,1.1960808038711548,1.1890535538232518,center_delta,0.930028200149536,0.8653116822242737,0.7350038886070251,0.0185286030173301,0.2259943485260009,,,,,
0.5653523206710815,0.642328143119812,35.943567110840185,0.6340635418891907,0.3016541004180908,79.02653103836025,0.6720611453056335,0.2975428402423858,110.39991732222953,0,0.4296875,0.58642578125,0.74365234375,0.86083984375,1.1960808038711548,1.1953673553997872,center_delta,0.9349936246871948,0.8739416003227234,0.7999967336654663,0.0174583178013563,0.1586408019065857,,,,,
0.5528181195259094,0.5948101878166199,43.95363190149642,0.5607360601425171,0.3456734716892242,101.02238157379118,0.5877275466918945,0.3055567741394043,128.03043595127502,0,0.3046875,0.6376953125,0.755859375,0.85400390625,1.1960808038711548,1.1930666215250803,center_delta,0.9269139766693116,0.7877486944198608,0.6091715097427368,-0.0219445973634719,0.2038856744766235,,,,,
0.5341271162033081,0.6013721227645874,40.68443863596767,0.4837267100811004,0.4027996063232422,95.91010435309396,0.4330068528652191,0.4579260051250458,104.17261332948092,0,0.2421875,0.61474609375,0.779296875,0.86328125,1.324767827987671,1.3085265413469322,center_delta,0.9308173060417176,0.8648296594619751,0.7578819394111633,0.0404480323195457,0.2315164506435394,,,,,
0.5225515961647034,0.6264392733573914,41.98540934987847,0.4892552495002746,0.3582193553447723,92.82641831647652,0.4633989334106445,0.3853178024291992,114.16047166327606,0,0.50244140625,0.66796875,0.76708984375,0.859375,1.324767827987671,1.3138148597429533,center_delta,0.9280548095703124,0.870354413986206,0.7613976001739502,0.0209269504994153,0.1913450360298156,,,,,
0.4991433620452881,0.6108746528625488,41.49961856612379,0.4882677495479584,0.3543621897697449,93.67055282813548,0.5008898377418518,0.3938038349151611,114.8294219853121,0,0.419921875,0.68115234375,0.72216796875,0.85302734375,1.324767827987671,1.3114231461111232,center_delta,0.9265721440315248,0.7782694697380066,0.5954822301864624,0.0152035476639866,0.2625189125537872,,,,,
0.3549448549747467,0.9182031154632568,70.70890387737745,0.3523772358894348,0.7737982869148254,34.17119625244025,0.3545146286487579,0.6661513447761536,47.06930894006229,0,0.669921875,0.74951171875,0.8115234375,0.88330078125,1.2692182064056396,1.2817336053736839,center_e,0.9904417991638184,0.9755921959877014,0.937033712863922,0.0153416777029633,0.4976148605346679,,,,,
0.3544527292251587,0.9451919198036194,76.75462230039928,0.3507662415504455,0.7895615696907043,30.864082367010404,0.3540035486221313,0.6209850907325745,45.10787985836701,0,0.5771484375,0.759765625,0.81201171875,0.8681640625,1.2692182064056396,1.2718439777504305,center_e,0.9874898195266724,0.965255081653595,0.9202103614807128,0.0247596278786659,0.5121892690658569,,,,,
0.3557083904743194,0.9347101449966432,71.01924343711316,0.3507662415504455,0.7813454270362854,34.645286416433905,0.3540035486221313,0.6534646153450012,44.598117157231535,0,0.6650390625,0.78515625,0.82080078125,0.876953125,1.2692182064056396,1.2766320655591121,center_e,0.9894422888755798,0.9719988703727722,0.9191195964813232,0.0429474301636219,0.4607619345188141,,,,,
0.3873637318611145,0.920622706413269,70.81366862132501,0.3898089230060577,0.7300211787223816,34.61700661724623,0.387746512889862,0.5500009655952454,50.08348221974552,0,0.59228515625,0.75732421875,0.8369140625,0.87939453125,1.3514316082000732,1.3198558900983848,center_e,0.9830918312072754,0.9556835889816284,0.9221999049186708,0.0246499981731176,0.4445873200893402,,,,,
0.3879089951515198,0.9229350090026855,72.0666427828564,0.3924527764320373,0.7412492036819458,32.90069554356689,0.391764372587204,0.5533952713012695,51.17829088425214,0,0.5732421875,0.75390625,0.8408203125,0.88623046875,1.3514316082000732,1.318017834031864,center_e,0.988448441028595,0.974984049797058,0.9543123841285706,-0.0319969281554222,0.4225793480873108,,,,,
0.3877899944782257,0.912284016609192,64.77786201221049,0.3947308957576751,0.6984575986862183,34.11735142605267,0.3900504410266876,0.5658726096153259,52.69181421351448,0,0.63720703125,0.74755859375,0.83447265625,0.88720703125,1.3514316082000732,1.3097659191357012,center_e,0.9868943691253662,0.9708240628242492,0.9478809237480164,0.0181284993886947,0.3908169269561767,,,,,
0.4126372337341308,0.9438648223876952,74.91713759178971,0.3982468843460083,0.7793313264846802,31.048104008522127,0.3911522030830383,0.5872563719749451,43.75441475319512,0,0.541015625,0.75048828125,0.84326171875,0.8818359375,1.247653603553772,1.2430270809061978,center_e,0.9858370423316956,0.9758543968200684,0.9443275928497314,0.0171769075095653,0.4641641974449157,,,,,
0.4126372337341308,0.9198672771453856,73.20145077930036,0.4019423127174377,0.7771618366241455,30.630930948036944,0.3918405771255493,0.5948566794395447,45.64385729224719,0,0.5458984375,0.75439453125,0.77880859375,0.87451171875,1.247653603553772,1.2480967337424562,center_e,0.9858370423316956,0.9708877205848694,0.9268981218338012,0.0155219016596674,0.4741271138191223,,,,,
0.4126372337341308,0.942221462726593,68.987005192698,0.3982468843460083,0.8669981360435486,27.77405789156229,0.3910796046257019,0.8177911043167114,31.85360842520975,0,0.595703125,0.783203125,0.81591796875,0.88720703125,1.247653603553772,1.2413323752939196,center_e,0.9858370423316956,0.9704949855804444,0.9347896575927734,0.009801285341382,0.5096134543418884,,,,,
0.4067066311836242,0.939092755317688,72.12908944556011,0.3849059641361236,0.8345010280609131,31.731753927707786,0.3630390167236328,0.6881283521652222,37.9325556547335,0,0.50830078125,0.75244140625,0.8125,0.87353515625,1.1960808038711548,1.188714529399295,center_e,0.9870036244392396,0.9726847410202026,0.9375826716423036,0.0202232748270034,0.5209903120994568,,,,,
0.4067066311836242,0.9297468662261964,69.79903719344755,0.3847300410270691,0.7552754282951355,30.79746806892221,0.3630390167236328,0.5628203749656677,50.21057023487985,0,0.607421875,0.77001953125,0.83056640625,0.87548828125,1.1960808038711548,1.193867836077429,center_e,0.9870036244392396,0.96816086769104,0.9296041131019592,0.0197743233293294,0.402200847864151,,,,,
0.4071457087993622,0.934763491153717,71.05509279772699,0.3847300410270691,0.7926119565963745,34.774725285757576,0.3630390167236328,0.6465127468109131,47.46591570357308,0,0.5654296875,0.7666015625,0.82421875,0.87158203125,1.1960808038711548,1.1956634735050338,center_e,0.9870036244392396,0.9663113951683044,0.9231470823287964,-0.0200989805161952,0.4687269330024719,,,,,
0.4106832444667816,0.9079314470291138,68.92210236803193,0.3886938989162445,0.7061108350753784,37.25616776441622,0.3955017924308777,0.5307280421257019,57.05063936988528,0,0.5849609375,0.7451171875,0.8291015625,0.87109375,1.324767827987671,1.3054627511428156,center_e,0.9866453409194946,0.972161591053009,0.9389516711235046,0.0414432995021343,0.4367202818393707,,,,,
0.4106832444667816,0.9187491536140442,70.08894601300729,0.3886938989162445,0.6950362920761108,32.162672783668214,0.3955017924308777,0.5537084937095642,55.38036502587528,0,0.67236328125,0.69580078125,0.80517578125,0.865234375,1.324767827987671,1.3082318941843976,center_e,0.9866453409194946,0.974386751651764,0.9320682287216188,0.0212336722761392,0.3890489637851715,,,,,
0.4106832444667816,0.9191331267356871,66.60517612878431,0.3886938989162445,0.7060868740081787,32.71686231720451,0.3955017924308777,0.5593141317367554,53.09417989794516,0,0.56494140625,0.76953125,0.8193359375,0.87158203125,1.324767827987671,1.3111489918273014,center_e,0.9866453409194946,0.9577249884605408,0.9142312407493592,0.0176825169473886,0.3740811944007873,,,,,
0.7511383891105652,0.8994792699813843,7.593269366987598,0.9212856888771056,0.7430917024612427,7.352170526134777,0.9933845400810242,0.3105885982513428,9.76635084994241,400,0.2431640625,0.67236328125,0.8212890625,0.88037109375,1.2692182064056396,1.2554762997291855,fa,0.8994792699813843,0.7430917024612427,0.3105885982513428,,,90.0,240.0,540.0,450.0,0.110595703125
0.7561956644058228,0.905139148235321,7.353779966705876,0.9173564910888672,0.7628205418586731,6.781539295147876,0.9918385744094848,0.3326587677001953,8.766996933699248,400,0.201171875,0.60546875,0.81201171875,0.87353515625,1.2692182064056396,1.321670944878945,fa,0.905139148235321,0.7628205418586731,0.3326587677001953,,,90.0,420.0,600.0,510.0,0.11977251838235294
0.7434781789779663,0.906075119972229,7.281309691061594,0.9141535758972168,0.776073157787323,6.9079075406647465,0.9880975484848022,0.3862776160240173,9.41130104440773,360,0.1865234375,0.765625,0.80322265625,0.89208984375,1.2692182064056396,1.241233604041638,fa,0.906075119972229,0.776073157787323,0.3862776160240173,,,100.0,260.0,550.0,450.0,0.13241038602941177
0.7669447064399719,0.905132532119751,7.174398883858991,0.9198749661445618,0.7410886287689209,7.041027851850853,0.9923376441001892,0.3424742817878723,9.177315979821572,380,0.17578125,0.70849609375,0.8505859375,0.8955078125,1.3514316082000732,1.3190459916629762,fa,0.905132532119751,0.7410886287689209,0.3424742817878723,,,90.0,440.0,640.0,550.0,0.1141357421875
0.7470304369926453,0.9088357090950012,7.186906635071162,0.9099677801132202,0.7779614329338074,6.291016928763924,0.9899535179138184,0.3701941668987274,8.00898852880584,360,0.3173828125,0.69873046875,0.8388671875,0.88720703125,1.3514316082000732,1.3468030108886442,fa,0.9088357090950012,0.7779614329338074,0.3701941668987274,,,90.0,240.0,570.0,480.0,0.11749267578125
0.7726577520370483,0.9019671678543092,7.977807247329967,0.9312256574630736,0.7212972640991211,7.59739875464809,0.992842137813568,0.3099720180034637,10.463520017760104,420,0.18408203125,0.67431640625,0.82373046875,0.8828125,1.3514316082000732,1.376033838286138,fa,0.9019671678543092,0.7212972640991211,0.3099720180034637,,,110.0,320.0,640.0,530.0,0.12986061789772727
0.7450575828552246,0.9090328216552734,7.4350506253433934,0.9230998158454896,0.7460883259773254,6.812536884862415,0.9912010431289672,0.3153919875621795,9.057607820948189,370,0.1630859375,0.64208984375,0.8095703125,0.89404296875,1.247653603553772,1.4014140962810664,fa,0.9090328216552734,0.7460883259773254,0.3153919875621795,,,90.0,370.0,570.0,480.0,0.12599339978448276
0.7511274218559265,0.9089192748069764,6.808412426928989,0.917011559009552,0.7588393688201904,6.241344350300162,0.9900658130645752,0.3569642603397369,8.2906943542058,360,0.294921875,0.708984375,0.84130859375,0.888671875,1.247653603553772,1.1317133932002046,fa,0.9089192748069764,0.7588393688201904,0.3569642603397369,,,100.0,330.0,500.0,400.0,0.10373942057291667
0.7630985975265503,0.9113187193870544,7.372376677746001,0.9187952876091005,0.7739114761352539,7.592115814808968,0.9889937043190002,0.3893482983112335,9.67134763417114,390,0.2431640625,0.66943359375,0.81640625,0.8837890625,1.247653603553772,1.326842831809666,fa,0.9113187193870544,0.7739114761352539,0.3893482983112335,,,90.0,360.0,600.0,510.0,0.12489536830357142
0.7624732851982117,0.9072195887565612,7.234013502306966,0.925123691558838,0.7301278114318848,6.723124683948905,0.9928067922592164,0.3003791570663452,9.209267906013546,460,0.23974609375,0.59033203125,0.78662109375,0.88232421875,1.1960808038711548,1.199102783471218,fa,0.9072195887565612,0.7301278114318848,0.3003791570663452,,,90.0,310.0,650.0,560.0,0.12531844429347827
0.7661781311035156,0.9053298830986024,7.589122715828425,0.9233184456825256,0.7456291913986206,7.574728102387554,0.993877112865448,0.2706629633903503,10.210331472755886,440,0.20361328125,0.56201171875,0.79052734375,0.87060546875,1.1960808038711548,1.4649566995789183,fa,0.9053298830986024,0.7456291913986206,0.2706629633903503,,,250.0,430.0,720.0,470.0,0.13995682565789475
0.7564564347267151,0.9101580381393432,8.10717521897338,0.9125479459762572,0.7764788866043091,6.981424882604043,0.9875813722610474,0.4207212626934051,8.745136584534038,330,0.2802734375,0.6572265625,0.8095703125,0.88037109375,1.1960808038711548,1.111233009860272,fa,0.9101580381393432,0.7764788866043091,0.4207212626934051,,,110.0,380.0,570.0,460.0,0.12967354910714285
0.7478796243667603,0.9120492935180664,8.168075287743413,0.9126445651054382,0.7714325189590454,7.39085032355615,0.9902513027191162,0.3546413481235504,9.459744407694568,350,0.16259765625,0.650390625,0.76953125,0.8759765625,1.324767827987671,1.270164121055772,fa,0.9120492935180664,0.7714325189590454,0.3546413481235504,,,100.0,450.0,630.0,530.0,0.104736328125
0.7542464137077332,0.9052530527114868,7.379964644668903,0.9152597784996032,0.7610608339309692,7.187225770598775,0.9916293621063232,0.32526895403862,9.38484645946374,390,0.18359375,0.59765625,0.791015625,0.873046875,1.324767827987671,1.2401827632758926,fa,0.9052530527114868,0.7610608339309692,0.32526895403862,,,100.0,400.0,620.0,520.0,0.08733933971774194
0.7684884071350098,0.9034044742584229,7.810369052275473,0.9281353950500488,0.7372203469276428,7.626907864955081,0.9916855692863464,0.3473597168922424,10.06384773392132,400,0.22998046875,0.70263671875,0.7783203125,0.87109375,1.324767827987671,1.305131364533792,fa,0.9034044742584229,0.7372203469276428,0.3473597168922424,,,90.0,410.0,580.0,490.0,0.12754498106060605
0.8906937837600708,0.731623113155365,6.088849055275338,0.9842777848243712,0.4163023829460144,11.777864916884711,0.9979491829872132,0.2298229783773422,14.07104493881565,310,0.27392578125,0.78076171875,0.857421875,0.8994140625,1.2692182064056396,1.2108361858771493,frzbias,0.731623113155365,0.4163023829460144,0.2298229783773422,0.1214102059602737,0.6332717537879944,90.0,310.0,510.0,420.0,0.12107252038043478
0.8836078643798828,0.7351081371307373,6.339768695524869,0.9848188161849976,0.3653184771537781,11.338337194793144,0.9979546666145324,0.2254765629768371,16.796091930662794,330,0.32470703125,0.740234375,0.8349609375,0.89306640625,1.2692182064056396,1.1973576375336221,frzbias,0.7351081371307373,0.3653184771537781,0.2254765629768371,0.1245789378881454,0.633459210395813,90.0,150.0,490.0,400.0,0.11704799107142858
0.90144145488739,0.7369545698165894,6.658527078189895,0.9865263104438782,0.3949070274829864,12.574265409366086,0.998259663581848,0.2572105228900909,16.84203181626479,340,0.36474609375,0.74755859375,0.84814453125,0.892578125,1.2692182064056396,1.2893357705706676,frzbias,0.7369545698165894,0.3949070274829864,0.2572105228900909,0.1329452097415924,0.6429309248924255,80.0,170.0,520.0,440.0,0.137451171875
0.911543309688568,0.6846844553947449,6.470610782235588,0.9893827438354492,0.3214654326438904,12.90376123096048,0.9988349676132202,0.1998546868562698,17.382238127683166,330,0.14013671875,0.705078125,0.84326171875,0.89111328125,1.3514316082000732,1.4797929368434914,frzbias,0.6846844553947449,0.3214654326438904,0.1998546868562698,0.1290866434574127,0.6369143724441528,90.0,470.0,600.0,510.0,0.07840044070512821
0.8990970849990845,0.6993362307548523,6.323790390244582,0.9884236454963684,0.308781236410141,11.479579401664578,0.9988324642181396,0.1951832622289657,18.51306397282208,350,0.17333984375,0.7490234375,0.84765625,0.89892578125,1.3514316082000732,1.44715506126938,frzbias,0.6993362307548523,0.308781236410141,0.1951832622289657,0.0757729709148407,0.6175048351287842,100.0,270.0,580.0,480.0,0.08732096354166667
0.907265841960907,0.6845800280570984,6.661446586460738,0.9884650707244872,0.3253314793109894,13.510246683484558,0.998506724834442,0.2125224769115448,17.998523044849808,350,0.31005859375,0.7119140625,0.857421875,0.90087890625,1.3514316082000732,1.4051038655491563,frzbias,0.6845800280570984,0.3253314793109894,0.2125224769115448,0.1228542625904083,0.6181861162185669,90.0,200.0,510.0,420.0,0.12618001302083334
0.9031171798706056,0.7193317413330078,6.412663203189121,0.98459130525589,0.3800088167190552,13.33601782253809,0.9973449110984802,0.2830267250537872,16.905872858868644,340,0.2236328125,0.7353515625,0.85302734375,0.8994140625,1.247653603553772,1.2872413029433447,frzbias,0.7193317413330078,0.3800088167190552,0.2830267250537872,0.1216121166944503,0.6273573040962219,210.0,320.0,520.0,310.0,0.12325032552083333
0.9027031064033508,0.7209487557411194,6.11703751109667,0.9896286725997924,0.3015806972980499,11.257914121877077,0.9990082383155824,0.1856676191091537,17.292611946867297,390,0.189453125,0.74267578125,0.84619140625,0.89599609375,1.247653603553772,1.35152161500383,frzbias,0.7209487557411194,0.3015806972980499,0.1856676191091537,0.1243387013673782,0.6383921504020691,90.0,220.0,540.0,450.0,0.110595703125
0.8997470736503601,0.719728946685791,6.350174251796485,0.9870095252990724,0.3546535670757293,12.092878612802435,0.9981415271759032,0.2278013080358505,15.450449793458152,310,0.30859375,0.736328125,0.849609375,0.90625,1.247653603553772,1.2048591763154892,frzbias,0.719728946685791,0.3546535670757293,0.2278013080358505,0.1134715527296066,0.6206192970275879,100.0,240.0,500.0,400.0,0.09150390625
0.9143569469451904,0.6786069273948669,6.308901775757126,0.9869275093078612,0.3474235236644745,12.956668156463635,0.9983075857162476,0.2280637472867965,17.363105307305336,370,0.20703125,0.7490234375,0.8310546875,0.88916015625,1.1960808038711548,1.1921101624937243,frzbias,0.6786069273948669,0.3474235236644745,0.2280637472867965,0.1171467080712318,0.6244961619377136,180.0,270.0,580.0,400.0,0.11865234375
0.895293116569519,0.7312076687812805,6.441305776546951,0.98660010099411,0.3538919985294342,11.51544670776592,0.99834406375885,0.2187070846557617,17.82896922385878,340,0.19677734375,0.71630859375,0.83740234375,0.8916015625,1.1960808038711548,1.1412045704036986,frzbias,0.7312076687812805,0.3538919985294342,0.2187070846557617,0.1155362203717231,0.621195375919342,140.0,360.0,530.0,390.0,0.12491508152173914
0.8903917670249939,0.7367088794708252,6.805484013248088,0.9838876724243164,0.3882754147052765,12.42615849484404,0.9978806972503662,0.2446926981210708,17.22922688411853,330,0.09765625,0.7333984375,0.8486328125,0.8876953125,1.1960808038711548,1.2904898743737283,frzbias,0.7367088794708252,0.3882754147052765,0.2446926981210708,0.0947884768247604,0.6287872195243835,100.0,460.0,530.0,430.0,0.07255595439189189
0.910220742225647,0.6974482536315918,6.061808678137411,0.9875230193138124,0.3306611776351928,12.898051114114242,0.998493492603302,0.2120829969644546,17.368133089065225,350,0.31640625,0.751953125,0.8310546875,0.89404296875,1.324767827987671,1.2565628092235281,frzbias,0.6974482536315918,0.3306611776351928,0.2120829969644546,0.1413856893777847,0.619001567363739,80.0,230.0,470.0,390.0,0.108184814453125
0.8913912177085876,0.7447943687438965,6.6966833110651125,0.9830105900764464,0.3868089914321899,12.359910017148437,0.9972622394561768,0.2862038016319275,18.028831059527693,300,0.18505859375,0.71728515625,0.83544921875,0.88818359375,1.324767827987671,1.1216176198138297,frzbias,0.7447943687438965,0.3868089914321899,0.2862038016319275,0.1020597964525222,0.6317100524902344,90.0,280.0,520.0,430.0,0.0712890625
0.8966737985610962,0.7244766354560852,6.5377267508990204,0.98381245136261,0.3767838180065155,12.122153126623113,0.9980241656303406,0.2246474921703338,16.55006410481034,320,0.25146484375,0.74072265625,0.83642578125,0.8876953125,1.324767827987671,1.3063701585659115,frzbias,0.7244766354560852,0.3767838180065155,0.2246474921703338,0.1319766044616699,0.6353780031204224,100.0,380.0,510.0,410.0,0.08475889008620689
0.9771345257759094,0.2073446065187454,60.15091948164481,0.9997144341468812,0.0182346552610397,383.2445393165914,0.999994695186615,0.0085668349638581,464.50325915197743,1490,0.09716796875,0.09716796875,0.09716796875,,1.2692182064056396,1.2741107204313287,frzout,0.2472692281007766,0.0210919473320245,0.0210179276764392,0.023048935458064,-0.0045819608494639,,,,,
0.9724573493003844,0.2019953578710556,63.413601628993824,0.999775767326355,0.0173015389591455,401.45545477528,0.999999463558197,0.0047303116880357,488.8103937807819,1490,0.109375,0.109375,0.109375,,1.2692182064056396,1.2692043398392694,frzout,0.2687716782093048,0.0173015389591455,0.0156767182052135,0.0166643187403678,0.0158751960843801,,,,,
0.9801903367042542,0.168477788567543,75.61036273577643,0.9997633695602416,0.0208803955465555,501.7756781124136,0.9999988079071044,0.0045027583837509,581.1403700033729,1490,0.109375,0.10107421875,0.10107421875,,1.2692182064056396,1.366879789070868,frzout,0.2140838652849197,0.0419590063393116,0.0293035823851823,0.0046944143250584,-0.0303532574325799,,,,,
0.9767093062400818,0.1768693327903747,75.97016816122367,0.9997815489768982,0.0149741349741816,502.6284587551664,0.9999991655349731,0.0070754969492554,589.7719118250881,1490,0.09814453125,0.09814453125,0.09814453125,,1.3514316082000732,1.568012208828665,frzout,0.2138224691152572,0.0241700708866119,0.0210753250867128,-0.0029034344479441,-0.072266861796379,,,,,
0.9743475317955016,0.2218214273452758,77.76307462965902,0.999689519405365,0.018382353708148,494.5872375348477,0.9999936819076538,0.0107763716951012,608.06244837948,1490,0.10791015625,0.10791015625,0.10791015625,,1.3514316082000732,1.5253212279392143,frzout,0.2459121644496917,0.0206374619156122,0.0209458377212286,-0.0791815742850303,-0.087680384516716,,,,,
0.9792383909225464,0.1882601082324981,80.98357603853734,0.9996389746665956,0.0188405625522136,528.6697650420845,0.9999971389770508,0.0058761215768754,628.2538257599076,1490,0.09912109375,0.09912109375,0.09912109375,,1.3514316082000732,1.5033389248143352,frzout,0.2155605256557464,0.0314272455871105,0.0136409029364585,-0.0326015464961528,-0.083505667746067,,,,,
0.9771820306777954,0.1922291219234466,62.96197875349958,0.999546766281128,0.0281928889453411,409.588057392897,0.9999977350234984,0.0041097165085375,482.9487815479576,1490,0.0927734375,0.0927734375,0.0927734375,,1.247653603553772,1.3583924554190532,frzout,0.2223634421825409,0.031922772526741,0.0157638862729072,-0.0046978769823908,-0.0403073392808437,,,,,
0.9817849397659302,0.1569607257843017,73.83585604505213,0.9996988773345948,0.02427907474339,497.61818280587823,0.9999991655349731,0.0036431085318326,574.251633491858,1490,0.09375,0.09375,0.09375,,1.247653603553772,1.4385738200214853,frzout,0.2025041729211807,0.0274655185639858,0.0105895064771175,-0.0399408414959907,-0.0867112502455711,,,,,
0.9766053557395936,0.2195260524749755,66.47947572026284,0.9997009038925172,0.0166415609419345,418.1421024522644,0.9999983310699464,0.0055530285462737,510.7990451037007,1490,0.0927734375,0.0927734375,0.0927734375,,1.247653603553772,1.265249857343661,frzout,0.2596917748451233,0.0181125421077013,0.0145143503323197,0.0001065929754986,-0.0288740862160921,,,,,
0.9789458513259888,0.1916546821594238,63.34541054489639,0.9997830986976624,0.0152096962556242,410.7154968808917,0.9999992847442628,0.0043768477626144,487.7762959862868,1490,0.10546875,0.10546875,0.10546875,,1.1960808038711548,1.250830597785138,frzout,0.2200629860162735,0.0214781388640403,0.0104074422270059,-0.0191862341016531,-0.0667538866400718,,,,,
0.9714690446853638,0.2445215731859207,47.12963570190289,0.9997428059577942,0.0173692237585783,285.68878746499536,0.9999984502792358,0.0070460955612361,356.2807532861262,1490,0.09033203125,0.09033203125,0.09033203125,,1.1960808038711548,1.1966514779145117,frzout,0.2784620225429535,0.0261431001126766,0.0297147892415523,0.0119815710932016,0.008849018253386,,,,,
0.9732517600059508,0.2241334915161132,68.23977401025881,0.9998061656951904,0.0150843588635325,430.2787348970981,0.9999992847442628,0.0041624507866799,528.5135226351883,1490,0.09033203125,0.087890625,0.087890625,,1.1960808038711548,1.348834121647602,frzout,0.2762505114078522,0.0150843588635325,0.0092352367937564,-0.006872393656522,-0.0639399960637092,,,,,
0.979996383190155,0.1896308958530426,70.04044163460786,0.9996982216835022,0.0216941870748996,457.21973954918974,0.9999990463256836,0.0047633051872253,540.5296166188843,1490,0.0966796875,0.10888671875,0.10888671875,,1.324767827987671,1.327083199439051,frzout,0.2355770915746688,0.0243511851876974,0.0183186214417219,0.0166750866919755,-0.0392778404057025,,,,,
0.9761029481887816,0.1847330778837204,80.00672410612559,0.9998059272766112,0.0169513653963804,521.4690168630648,0.9999991655349731,0.0048921573907136,618.7437967748573,1490,0.11328125,0.11328125,0.11328125,,1.324767827987671,1.1807683288578172,frzout,0.2323070615530014,0.0169513653963804,0.0199019629508256,-0.0209774728864431,-0.0700491592288017,,,,,
0.9743558168411256,0.169749230146408,64.91386613795325,0.9994184970855712,0.0210445541888475,426.1268167346543,0.9999960660934448,0.0056101623922586,495.06619801628,1490,0.1103515625,0.1103515625,0.1103515625,,1.324767827987671,1.3736343202379595,frzout,0.223559096455574,0.0290779676288366,0.0160315427929162,0.0064752721227705,-0.0142966723069548,,,,,
0.3549448549747467,0.9182031154632568,70.70890387737745,0.3523772358894348,0.7737982869148254,34.17119625244025,0.3545146286487579,0.6661513447761536,47.06930894006229,0,0.669921875,0.74951171875,0.8115234375,0.88330078125,1.2692182064056396,1.2817336053736839,gated,0.9904417991638184,0.9755921959877014,0.937033712863922,0.0153416777029633,0.4976148605346679,,,,,
0.3544527292251587,0.9451919198036194,76.75462230039928,0.3507662415504455,0.7895615696907043,30.864082367010404,0.3540035486221313,0.6209850907325745,45.10787985836701,0,0.5771484375,0.759765625,0.81201171875,0.8681640625,1.2692182064056396,1.2718439777504305,gated,0.9874898195266724,0.965255081653595,0.9202103614807128,0.0247596278786659,0.5121892690658569,,,,,
0.3557083904743194,0.9347101449966432,71.01924343711316,0.3507662415504455,0.7813454270362854,34.645286416433905,0.3540035486221313,0.6534646153450012,44.598117157231535,0,0.6650390625,0.78515625,0.82080078125,0.876953125,1.2692182064056396,1.2766320655591121,gated,0.9894422888755798,0.9719988703727722,0.9191195964813232,0.0429474301636219,0.4607619345188141,,,,,
0.3873637318611145,0.920622706413269,70.81366862132501,0.3898089230060577,0.7300211787223816,34.61700661724623,0.387746512889862,0.5500009655952454,50.08348221974552,0,0.59228515625,0.75732421875,0.8369140625,0.87939453125,1.3514316082000732,1.3198558900983848,gated,0.9830918312072754,0.9556835889816284,0.9221999049186708,0.0246499981731176,0.4445873200893402,,,,,
0.3879089951515198,0.9229350090026855,72.0666427828564,0.3924527764320373,0.7412492036819458,32.90069554356689,0.391764372587204,0.5533952713012695,51.17829088425214,0,0.5732421875,0.75390625,0.8408203125,0.88623046875,1.3514316082000732,1.318017834031864,gated,0.988448441028595,0.974984049797058,0.9543123841285706,-0.0319969281554222,0.4225793480873108,,,,,
0.3877899944782257,0.912284016609192,64.77786201221049,0.3947308957576751,0.6984575986862183,34.11735142605267,0.3900504410266876,0.5658726096153259,52.69181421351448,0,0.63720703125,0.74755859375,0.83447265625,0.88720703125,1.3514316082000732,1.3097659191357012,gated,0.9868943691253662,0.9708240628242492,0.9478809237480164,0.0181284993886947,0.3908169269561767,,,,,
0.4126372337341308,0.9438648223876952,74.91713759178971,0.3982468843460083,0.7793313264846802,31.048104008522127,0.3911522030830383,0.5872563719749451,43.75441475319512,0,0.541015625,0.75048828125,0.84326171875,0.8818359375,1.247653603553772,1.2430270809061978,gated,0.9858370423316956,0.9758543968200684,0.9443275928497314,0.0171769075095653,0.4641641974449157,,,,,
0.4126372337341308,0.9198672771453856,73.20145077930036,0.4019423127174377,0.7771618366241455,30.630930948036944,0.3918405771255493,0.5948566794395447,45.64385729224719,0,0.5458984375,0.75439453125,0.77880859375,0.87451171875,1.247653603553772,1.2480967337424562,gated,0.9858370423316956,0.9708877205848694,0.9268981218338012,0.0155219016596674,0.4741271138191223,,,,,
0.4126372337341308,0.942221462726593,68.987005192698,0.3982468843460083,0.8669981360435486,27.77405789156229,0.3910796046257019,0.8177911043167114,31.85360842520975,0,0.595703125,0.783203125,0.81591796875,0.88720703125,1.247653603553772,1.2413323752939196,gated,0.9858370423316956,0.9704949855804444,0.9347896575927734,0.009801285341382,0.5096134543418884,,,,,
0.4067066311836242,0.939092755317688,72.12908944556011,0.3849059641361236,0.8345010280609131,31.731753927707786,0.3630390167236328,0.6881283521652222,37.9325556547335,0,0.50830078125,0.75244140625,0.8125,0.87353515625,1.1960808038711548,1.188714529399295,gated,0.9870036244392396,0.9726847410202026,0.9375826716423036,0.0202232748270034,0.5209903120994568,,,,,
0.4067066311836242,0.9297468662261964,69.79903719344755,0.3847300410270691,0.7552754282951355,30.79746806892221,0.3630390167236328,0.5628203749656677,50.21057023487985,0,0.607421875,0.77001953125,0.83056640625,0.87548828125,1.1960808038711548,1.193867836077429,gated,0.9870036244392396,0.96816086769104,0.9296041131019592,0.0197743233293294,0.402200847864151,,,,,
0.4071457087993622,0.934763491153717,71.05509279772699,0.3847300410270691,0.7926119565963745,34.774725285757576,0.3630390167236328,0.6465127468109131,47.46591570357308,0,0.5654296875,0.7666015625,0.82421875,0.87158203125,1.1960808038711548,1.1956634735050338,gated,0.9870036244392396,0.9663113951683044,0.9231470823287964,-0.0200989805161952,0.4687269330024719,,,,,
0.4106832444667816,0.9079314470291138,68.92210236803193,0.3886938989162445,0.7061108350753784,37.25616776441622,0.3955017924308777,0.5307280421257019,57.05063936988528,0,0.5849609375,0.7451171875,0.8291015625,0.87109375,1.324767827987671,1.3054627511428156,gated,0.9866453409194946,0.972161591053009,0.9389516711235046,0.0414432995021343,0.4367202818393707,,,,,
0.4106832444667816,0.9187491536140442,70.08894601300729,0.3886938989162445,0.6950362920761108,32.162672783668214,0.3955017924308777,0.5537084937095642,55.38036502587528,0,0.67236328125,0.69580078125,0.80517578125,0.865234375,1.324767827987671,1.3082318941843976,gated,0.9866453409194946,0.974386751651764,0.9320682287216188,0.0212336722761392,0.3890489637851715,,,,,
0.4106832444667816,0.9191331267356871,66.60517612878431,0.3886938989162445,0.7060868740081787,32.71686231720451,0.3955017924308777,0.5593141317367554,53.09417989794516,0,0.56494140625,0.76953125,0.8193359375,0.87158203125,1.324767827987671,1.3111489918273014,gated,0.9866453409194946,0.9577249884605408,0.9142312407493592,0.0176825169473886,0.3740811944007873,,,,,
0.7254881262779236,0.8898559212684631,1.9347116903404544,0.8412323594093323,0.8683238625526428,2.1561903405917544,0.91960209608078,0.8440855145454407,2.2475548985292493,60,0.8046875,0.87939453125,0.8916015625,0.91162109375,1.2692182064056396,0.7742799266525586,outlr10,0.9193956851959229,0.8764843344688416,0.8440855145454407,0.0981835424900055,0.574917197227478,,,,,
0.6992654204368591,0.906346559524536,1.8863655233794203,0.8401358723640442,0.8661571145057678,1.8793873418382987,0.911215603351593,0.8196292519569397,2.3055724559398527,40,0.7998046875,0.8759765625,0.89306640625,0.908203125,1.2692182064056396,0.7501180166998471,outlr10,0.92961186170578,0.8699467778205872,0.8196292519569397,0.1034287884831428,0.5745878219604492,,,,,
0.736412763595581,0.8857427835464478,2.021980156905494,0.8543623089790344,0.8572527170181274,2.198912091042223,0.9222875237464904,0.8148261308670044,2.401290028797665,60,0.79443359375,0.87353515625,0.89208984375,0.91162109375,1.2692182064056396,0.8395485007213307,outlr10,0.9122753143310548,0.8635571002960205,0.8148261308670044,0.1240138635039329,0.5754094123840332,,,,,
0.7555701732635498,0.8936653733253479,1.9631268645454367,0.8707857131958008,0.8357919454574585,2.1606179970202186,0.9346346855163574,0.7867029309272766,2.345245113879645,90,0.8134765625,0.88037109375,0.89501953125,0.91357421875,1.3514316082000732,0.9098597395791836,outlr10,0.9108225107192992,0.8357919454574585,0.7867029309272766,0.1137362793087959,0.588516354560852,,,,,
0.7349727749824524,0.9099273085594176,1.8470869271590116,0.8724134564399719,0.8439598083496094,1.815872767868804,0.9378601312637328,0.7829656004905701,2.328092644323659,90,0.81396484375,0.87548828125,0.89599609375,0.91552734375,1.3514316082000732,0.9203401015620783,outlr10,0.9154727458953856,0.8439598083496094,0.7829656004905701,0.0614771172404289,0.5660749077796936,,,,,
0.7455953359603882,0.8728252649307251,1.9330016342366223,0.8638102412223816,0.8563257455825806,2.232589967189742,0.9314393401145936,0.7956743836402893,2.376694229034008,80,0.80859375,0.8798828125,0.89501953125,0.91943359375,1.3514316082000732,0.8312791068129053,outlr10,0.9050796627998352,0.8563257455825806,0.7956743836402893,0.1006363928318023,0.5621236562728882,,,,,
0.7378751635551453,0.8862204551696777,1.8865263971058015,0.8556839823722839,0.8660418391227722,2.19542736273082,0.9227603077888488,0.8181485533714294,2.292323663883614,60,0.79638671875,0.88232421875,0.8984375,0.91748046875,1.247653603553772,0.8302503508938153,outlr10,0.9131069779396056,0.8660418391227722,0.8181485533714294,0.1056526824831962,0.5731748342514038,,,,,
0.7332746982574463,0.9082801938056946,1.8244086738447465,0.8768759369850159,0.8443512916564941,1.847160512277515,0.9386762380599976,0.7950869798660278,2.336520087534593,100,0.79736328125,0.8740234375,0.892578125,0.91748046875,1.247653603553772,0.8527793373817367,outlr10,0.9164416790008544,0.8443512916564941,0.7950869798660278,0.0993880257010459,0.59719318151474,,,,,
0.7324819564819336,0.8938945531845093,1.9454059034668167,0.849495530128479,0.8719466328620911,2.1175018909566607,0.9180731177330016,0.8230535984039307,2.218065316439298,60,0.7900390625,0.8857421875,0.90185546875,0.9208984375,1.247653603553772,0.8007163222744369,outlr10,0.913754105567932,0.8732209801673889,0.8230535984039307,0.0862380042672157,0.5747495889663696,,,,,
0.7579078078269958,0.900069534778595,1.8780253558281812,0.8593780994415283,0.8535367250442505,2.0310312171992635,0.9280382394790648,0.8077947497367859,2.282862010844073,80,0.78564453125,0.869140625,0.88623046875,0.90478515625,1.1960808038711548,0.8191772706148227,outlr10,0.914379358291626,0.8535367250442505,0.8077947497367859,0.0968174561858177,0.5829802751541138,,,,,
0.7160199880599976,0.9085666537284852,1.931130342160908,0.8499093055725098,0.8507412075996399,1.8990587472377105,0.9179701805114746,0.82552570104599,2.3969981985314512,60,0.79931640625,0.8642578125,0.8876953125,0.904296875,1.1960808038711548,0.7879883988870019,outlr10,0.9255634546279908,0.8612584471702576,0.82552570104599,0.0909220874309539,0.5789238810539246,,,,,
0.741961658000946,0.8923014402389526,1.994803878501185,0.8665920495986938,0.853628396987915,2.1530301293888034,0.9279829263687134,0.8111464977264404,2.421773426863724,90,0.78173828125,0.86767578125,0.888671875,0.90576171875,1.1960808038711548,0.9032563985048987,outlr10,0.9178413152694702,0.853628396987915,0.8111464977264404,0.0712520480155944,0.5846319198608398,,,,,
0.7577610015869141,0.8858363032341003,1.911452244400413,0.8515101075172424,0.8711577653884888,2.315521038203086,0.9211588501930236,0.8203158378601074,2.346790047902737,60,0.80712890625,0.86669921875,0.884765625,0.908203125,1.324767827987671,0.8021346624181217,outlr10,0.9109755158424376,0.8727328181266785,0.8203158378601074,0.1185643151402473,0.5623246431350708,,,,,
0.7212386131286621,0.9021110534667968,1.9456900750817343,0.8398066163063049,0.8388476967811584,2.0773217370409984,0.9060013890266418,0.851715087890625,2.499942431507673,20,0.80615234375,0.8642578125,0.88330078125,0.90478515625,1.324767827987671,0.7343881414337753,outlr10,0.928396999835968,0.8723906874656677,0.851715087890625,0.0939520522952079,0.571268618106842,,,,,
0.7304129004478455,0.8849350810050964,1.9908189697408432,0.8308951258659363,0.8648061156272888,2.225818472606357,0.905752956867218,0.8364557027816772,2.3832812076475456,40,0.79443359375,0.86279296875,0.8837890625,0.90234375,1.324767827987671,0.8293524211914381,outlr10,0.9161881804466248,0.8806342482566833,0.8364557027816772,0.1097617149353027,0.5751311182975769,,,,,
0.1026625633239746,0.983033001422882,0.3888487091838876,0.4320771098136902,0.9416015148162842,1.3247303944467308,0.8697566390037537,0.7239618897438049,4.479399422483225,0,0.53662109375,0.833984375,0.87109375,0.90576171875,1.2690526247024536,1.293211181422395,pixcenter,0.9922178983688354,0.9696125984191896,0.7239618897438049,0.0989258661866188,0.6731392741203308,,,,,
0.0935434401035308,0.9815510511398317,0.4006722581048987,0.4576152563095093,0.9434809684753418,1.2324224342223573,0.8728721141815186,0.7141963839530945,5.173448052824619,0,0.537109375,0.8203125,0.8662109375,0.89453125,1.2690526247024536,1.296509170248217,pixcenter,0.991120219230652,0.9700820446014404,0.7141963839530945,0.1053963229060173,0.6618065237998962,,,,,
0.1136401146650314,0.9827802181243896,0.4227840295988158,0.4803073704242706,0.9427793622016908,1.4863750779657674,0.8875230550765991,0.6997519135475159,5.405392571433385,0,0.53173828125,0.81201171875,0.861328125,0.8984375,1.2690526247024536,1.3031310500158022,pixcenter,0.9911705851554872,0.9555565118789672,0.6997519135475159,0.1085146591067314,0.6755431890487671,,,,,
0.1137957572937011,0.9819820523262024,0.4192665890981207,0.484431505203247,0.9416003823280334,1.5345541525716164,0.8907289505004883,0.6559011340141296,5.689489427829495,0,0.45556640625,0.8232421875,0.86962890625,0.89501953125,1.2642813920974731,1.2541049899661025,pixcenter,0.9904836416244508,0.960233509540558,0.6559011340141296,0.1036602333188057,0.6743738055229187,,,,,
0.0994040071964263,0.9798732399940492,0.4089480088725559,0.4846461117267608,0.947533905506134,1.3057834887996451,0.8918196558952332,0.669984757900238,5.653699315953878,0,0.43212890625,0.8330078125,0.87255859375,0.900390625,1.2642813920974731,1.2512493279805081,pixcenter,0.9899504780769348,0.9679453372955322,0.669984757900238,0.0488137528300285,0.650729775428772,,,,,
0.1136289462447166,0.982827603816986,0.4213777962586375,0.4664366841316223,0.9467592239379884,1.5380708148569433,0.8573190569877625,0.6854899525642395,5.787455472964024,0,0.572265625,0.822265625,0.87255859375,0.89892578125,1.2642813920974731,1.2456651031258057,pixcenter,0.99021577835083,0.9514501094818116,0.6854899525642395,0.0821395739912986,0.6750449538230896,,,,,
0.1105726957321167,0.9829136729240416,0.4085510965664399,0.4660573303699493,0.9482986330986024,1.4180898964777175,0.880124032497406,0.7035245895385742,4.898789459329903,0,0.51220703125,0.8212890625,0.8740234375,0.9033203125,1.2689590454101562,1.289015752792769,pixcenter,0.992018461227417,0.9658523797988892,0.7035245895385742,0.1009680032730102,0.6799595355987549,,,,,
0.0989428535103797,0.9815804958343506,0.4019062673507104,0.5088749527931213,0.9534946084022522,1.256715748194689,0.9031323194503784,0.6693496704101562,5.457549373122135,30,0.55517578125,0.81494140625,0.865234375,0.90087890625,1.2689590454101562,1.2930853438857628,pixcenter,0.9901317358016968,0.9645332098007202,0.6693496704101562,0.094304122030735,0.665533185005188,,,,,
0.0995348542928695,0.9818376898765564,0.4122691732458817,0.4004206359386444,0.9500038027763368,1.39412673548862,0.8103895783424377,0.7344874739646912,4.7939106329975605,0,0.47509765625,0.82666015625,0.87353515625,0.90771484375,1.2689590454101562,1.282024673876958,pixcenter,0.9897700548171996,0.9556148052215576,0.7344874739646912,0.0760241821408271,0.6700827479362488,,,,,
0.1130456253886222,0.982882022857666,0.4086947873967362,0.4797793924808502,0.9433161616325378,1.4592708907976597,0.8841668367385864,0.6659266352653503,5.213614219345824,0,0.46630859375,0.81689453125,0.85693359375,0.892578125,1.2642155885696411,1.2704772719386381,pixcenter,0.9917428493499756,0.960440993309021,0.6659266352653503,0.0848379805684089,0.6712031960487366,,,,,
0.084777221083641,0.9820091128349304,0.3987760168787252,0.4473467171192169,0.9476687908172609,1.2117353403578122,0.8695304989814758,0.7090017795562744,5.125357142196989,0,0.50927734375,0.8134765625,0.859375,0.88818359375,1.2642155885696411,1.2657796461760875,pixcenter,0.9903178811073304,0.9630778431892396,0.7090017795562744,0.0875789374113082,0.6581141948699951,,,,,
0.0950038060545921,0.9832713603973388,0.420929705406413,0.4384025037288666,0.9509639143943788,1.4174754987792566,0.8551486134529114,0.7290483117103577,5.400789708491104,0,0.5537109375,0.8193359375,0.865234375,0.89697265625,1.2642155885696411,1.27269981684502,pixcenter,0.9895622730255128,0.9620705246925354,0.7290483117103577,0.0619754567742347,0.6700299978256226,,,,,
0.1182525232434272,0.9855706095695496,0.4000279991275739,0.4543729126453399,0.9537926316261292,1.422798922645446,0.8562564849853516,0.7103813886642456,5.037550156934497,0,0.53857421875,0.80810546875,0.85986328125,0.8896484375,1.2655861377716064,1.2692991406115492,pixcenter,0.9923955798149108,0.9692429304122924,0.7103813886642456,0.1091492474079132,0.6712997555732727,,,,,
0.0894477739930152,0.9816106557846068,0.4110339286560155,0.4215133786201477,0.9468036890029908,1.308388900657474,0.8396735191345215,0.7581130862236023,5.654361145569801,0,0.5419921875,0.8173828125,0.85546875,0.89501953125,1.2655861377716064,1.26035458573856,pixcenter,0.9894720911979676,0.9642077684402466,0.7581130862236023,0.0805639177560806,0.6571941375732422,,,,,
0.1023409068584442,0.9833230376243592,0.4205507887030804,0.420936107635498,0.9491128921508788,1.440216611281107,0.8437563180923462,0.7295111417770386,5.073784748338143,0,0.494140625,0.8056640625,0.86083984375,0.89208984375,1.2655861377716064,1.2715532707595167,pixcenter,0.9917557835578918,0.967106819152832,0.7295111417770386,0.0970447808504104,0.6700027585029602,,,,,
0.0033510613720864,0.9855417609214784,2.340151519114765,0.0113746114075183,0.9436813592910768,2.628261913743335,0.0664650127291679,0.8974655866622925,4.644808654550299,0,0.6865234375,0.806640625,0.86279296875,0.896484375,1.2690526247024536,1.2986218984397937,pixcenter_frzbias,0.9915589094161988,0.9684240818023682,0.9077869653701782,0.0133366109803318,0.5299849510192871,,,,,
0.0036838189698755,0.9827094674110411,2.356233543493116,0.013738009147346,0.9490213990211488,2.630306482033937,0.0766941010951995,0.9063666462898254,4.961667829632692,0,0.54541015625,0.7919921875,0.85888671875,0.89306640625,1.2690526247024536,1.299636147058424,pixcenter_frzbias,0.9906741976737976,0.96034836769104,0.9093373417854308,0.023587517440319,0.5018750429153442,,,,,
0.003907564561814,0.982573926448822,2.366507189478804,0.0114840436726808,0.9471954107284546,2.687950708494676,0.0661340728402137,0.8921505212783813,5.029772611740903,0,0.5810546875,0.77294921875,0.83740234375,0.8896484375,1.2690526247024536,1.3013453341674912,pixcenter_frzbias,0.9907401204109192,0.9630839824676514,0.8921505212783813,0.0413617528975009,0.5313971638679504,,,,,
0.005606741644442,0.982198178768158,2.306321758552845,0.0169437322765588,0.9445062279701232,2.6514062663802127,0.0931532680988311,0.9104925394058228,5.020102031373367,0,0.56982421875,0.8125,0.86474609375,0.8974609375,1.2642813920974731,1.2433105135652367,pixcenter_frzbias,0.9898993968963624,0.9674077033996582,0.9171766638755798,0.0238723382353782,0.509418785572052,,,,,
0.0054322783835232,0.9812068343162536,2.334968992673285,0.0185206159949302,0.9522907137870787,2.6445789197222767,0.0902782380580902,0.9125925302505492,4.851953413868561,0,0.65185546875,0.78662109375,0.87109375,0.9033203125,1.2642813920974731,1.2425109827490937,pixcenter_frzbias,0.9916915893554688,0.9767037630081176,0.9382244348526,-0.0293102692812681,0.4877311289310455,,,,,
0.0063394848257303,0.9832285046577454,2.3529717116222013,0.0164474323391914,0.9468779563903807,2.660080202746463,0.0843359380960464,0.9144123792648317,4.914672117670684,0,0.6396484375,0.8056640625,0.86181640625,0.9013671875,1.2642813920974731,1.2426537687215828,pixcenter_frzbias,0.9907562136650084,0.9692439436912536,0.9349947571754456,0.016995545476675,0.5123744606971741,,,,,
0.0033528604544699,0.9843096137046814,2.3895286383754843,0.0127877099439501,0.9512113332748412,2.674792967708272,0.0798646360635757,0.9168075919151306,4.507060900797683,0,0.61767578125,0.78271484375,0.85546875,0.90380859375,1.2689590454101562,1.2909934296124481,pixcenter_frzbias,0.9918065071105956,0.9731370210647584,0.9404337406158448,0.019600560888648,0.5050866007804871,,,,,
0.0061351247131824,0.9824908375740052,2.3252721726274754,0.0201898179948329,0.9475908875465392,2.610679011816127,0.1023492142558097,0.925484836101532,4.758745043528159,0,0.6552734375,0.802734375,0.8701171875,0.8994140625,1.2689590454101562,1.2880972587976287,pixcenter_frzbias,0.991243839263916,0.9721583127975464,0.9255015254020692,0.0137046612799167,0.5007998943328857,,,,,
0.0090186921879649,0.9834309220314026,2.31444674197793,0.0271604768931865,0.9550694227218628,2.608413839391236,0.0877052545547485,0.9086644649505616,4.755304814139615,0,0.60400390625,0.80078125,0.87060546875,0.8994140625,1.2689590454101562,1.2914210687842682,pixcenter_frzbias,0.9904546141624452,0.9619052410125732,0.9086644649505616,0.0080000134184956,0.5035684108734131,,,,,
0.0012758725788444,0.9821476936340332,2.3342474794990102,0.0094062611460685,0.9488953948020936,2.6478931135428008,0.0746243596076965,0.9050324559211732,4.688671132537698,0,0.6142578125,0.7822265625,0.8369140625,0.88818359375,1.2642155885696411,1.2724722717764316,pixcenter_frzbias,0.9912585616111756,0.9700436592102052,0.9278175830841064,0.0225334633141756,0.4842511117458343,,,,,
0.0011492990888655,0.982915222644806,2.314197176244937,0.0092002712190151,0.9452669024467468,2.582922349324283,0.0677246004343032,0.9002227187156677,4.678748776534645,0,0.59033203125,0.80322265625,0.84521484375,0.88037109375,1.2642155885696411,1.2748082335092747,pixcenter_frzbias,0.9913325309753418,0.9653268456459044,0.91569185256958,0.0207731388509273,0.4989438056945801,,,,,
0.0009904556209221,0.984067678451538,2.3772846681593287,0.0099461376667022,0.9515082836151124,2.6545233501731422,0.0677630305290222,0.908012330532074,4.899815800974447,0,0.5068359375,0.77685546875,0.84033203125,0.88623046875,1.2642155885696411,1.2707746327436424,pixcenter_frzbias,0.9903193116188048,0.9626891016960144,0.9083154797554016,-0.0214152205735445,0.5127981901168823,,,,,
0.0072720409370958,0.9838014245033264,2.3565635936547475,0.0164774283766746,0.9533298015594482,2.6526770330513685,0.0886007100343704,0.9134588837623596,4.903363946530254,0,0.595703125,0.78857421875,0.8525390625,0.890625,1.2655861377716064,1.271702194269859,pixcenter_frzbias,0.9919360280036926,0.9699364900588988,0.9299346804618835,0.0439338274300098,0.5197360515594482,,,,,
0.0042460565455257,0.9831611514091492,2.36720912743886,0.014375121332705,0.950359582901001,2.5974457304776126,0.0820026025176048,0.9097843766212464,4.568003570933557,0,0.67626953125,0.7890625,0.84765625,0.8876953125,1.2655861377716064,1.27020594982152,pixcenter_frzbias,0.9911330938339232,0.9732929468154908,0.9346712827682496,0.0246523059904575,0.5053858757019043,,,,,
0.0044433316215872,0.9836971759796144,2.40900410573629,0.0128294816240668,0.9504157900810242,2.7013540327049097,0.0817928537726402,0.924727976322174,4.851391213081051,0,0.57568359375,0.80712890625,0.85595703125,0.884765625,1.2655861377716064,1.2715944803105224,pixcenter_frzbias,0.992274522781372,0.9731337428092957,0.9379007816314696,0.0174601208418607,0.4918403327465057,,,,,
0.5814120769500732,0.8328860402107239,0.2311654547355539,0.3880596160888672,0.8612636923789978,0.7427704852609486,0.3622415363788605,0.8924824595451355,0.6007547349220089,0,0.595703125,0.8330078125,0.87109375,0.9033203125,0.0415895916521549,0.04624307192141759,priorbias,0.974346160888672,0.9627934098243712,0.9254024028778076,0.0128915468230843,0.6662523746490479,0.0,110.0,320.0,320.0,0.11104329427083333
0.5282183885574341,0.8576025366783142,0.3653306124631097,0.4087401926517486,0.8592457175254822,1.041941111591884,0.3540035486221313,0.8820759057998657,1.142696060555285,0,0.55908203125,0.81298828125,0.86279296875,0.8974609375,0.0415895916521549,0.0432741075179154,priorbias,0.9815573692321776,0.9730226993560792,0.9495709538459778,0.0253129675984382,0.6781637668609619,0.0,80.0,260.0,260.0,0.10834418402777778
0.5624943971633911,0.8349231481552124,1.2029048919436516,0.3773212730884552,0.8472787141799927,1.8277874549089888,0.3549954891204834,0.8946093320846558,1.5917450504852575,0,0.59814453125,0.80419921875,0.86181640625,0.8916015625,0.0415895916521549,0.04171588687673352,priorbias,0.9863476157188416,0.9739411473274232,0.944502294063568,0.043784525245428,0.6739861369132996,0.0,60.0,290.0,290.0,0.12130301339285714
0.5923673510551453,0.8106048107147217,2.9149717835538045,0.5791157484054565,0.8295819759368896,4.609266397798256,0.6130558848381042,0.8825758099555969,4.06813084537207,0,0.45703125,0.82958984375,0.86767578125,0.88916015625,0.1067334040999412,0.11222826091996203,priorbias,0.9698593616485596,0.9571918249130248,0.9397205114364624,0.0267554726451635,0.6855542063713074,100.0,220.0,360.0,260.0,0.11204176682692307
0.7308942079544067,0.8483404517173767,2.7036957209153734,0.8639369606971741,0.7818918228149414,3.6865663977622343,0.935681700706482,0.6921672224998474,4.0646696602964205,90,0.52880859375,0.81787109375,0.85986328125,0.90087890625,0.1067334040999412,0.12831066316130876,priorbias,0.8869994282722473,0.7818918228149414,0.6921672224998474,-0.0336013548076152,0.6612887978553772,150.0,220.0,330.0,180.0,0.12005615234375
0.5843208432197571,0.8135104775428772,2.985080258569752,0.4881045818328857,0.8266619443893433,4.709718400589253,0.5149911046028137,0.8906373977661133,4.352271718194579,0,0.55810546875,0.837890625,0.8720703125,0.90185546875,0.1067334040999412,0.1024308122275496,priorbias,0.974825382232666,0.9681978225708008,0.9425466656684875,0.0150530086830258,0.6604465842247009,120.0,190.0,280.0,160.0,0.1029052734375
0.5716928839683533,0.833711564540863,0.3008918453494458,0.4330781102180481,0.8757532835006714,0.3363258797313917,0.4645185768604278,0.8971707820892334,0.2721122876669764,0,0.6123046875,0.82470703125,0.873046875,0.8994140625,0.0941637977957725,0.09576214722843111,priorbias,0.9852874279022216,0.977770447731018,0.946932315826416,0.0203481167554855,0.6640153527259827,0.0,150.0,280.0,280.0,0.099395751953125
0.5255333781242371,0.8542656302452087,-0.3192341324171299,0.4200644493103027,0.8520079255104065,-0.2750128921990027,0.4191257953643799,0.8696488738059998,-0.3006081564214202,0,0.52880859375,0.82275390625,0.8671875,0.9091796875,0.0941637977957725,0.09581156074995734,priorbias,0.9747588634490968,0.9670370221138,0.9464455246925354,0.0173683296889066,0.676671028137207,10.0,110.0,250.0,240.0,0.09108664772727272
0.5726544260978699,0.8293393850326538,0.6775911989683034,0.4397422075271606,0.8556540608406067,0.8043778014433113,0.4454432725906372,0.8954586386680603,0.6380329314542065,0,0.55517578125,0.82568359375,0.8759765625,0.90673828125,0.0941637977957725,0.09752500224795428,priorbias,0.9774681329727172,0.9738572239875792,0.9460355043411256,0.0093897664919495,0.6617339849472046,20.0,130.0,280.0,260.0,0.0853271484375
0.599490761756897,0.8183718323707581,-0.3521923873270313,0.476452112197876,0.8590995669364929,-1.100548148685326,0.4993859529495239,0.8893595933914185,-0.9195558494494817,0,0.5244140625,0.80078125,0.845703125,0.89697265625,0.0801147744059562,0.08366267273501701,priorbias,0.9682464599609376,0.964515507221222,0.9452073574066162,0.0205391887575387,0.6719964742660522,,,,,
0.5675691962242126,0.8303489089012146,0.174192854979353,0.4424500465393066,0.8273912668228149,0.2716353440544454,0.3933203816413879,0.8784058690071106,0.2843270793757643,0,0.5625,0.8203125,0.85400390625,0.8935546875,0.0801147744059562,0.08291326464513721,priorbias,0.9821553826332092,0.9739906787872314,0.9508309364318848,0.0231963712722063,0.6851329207420349,0.0,100.0,290.0,290.0,0.140625
0.5796403884887695,0.8380814790725708,0.2723786721465592,0.4320800006389618,0.8262162804603577,0.3499302848789233,0.4378026127815246,0.8931914567947388,0.3379239021246842,0,0.6005859375,0.7958984375,0.859375,0.8916015625,0.0801147744059562,0.08366653437235393,priorbias,0.9798175692558287,0.9698392748832704,0.9412181973457336,-0.0178764034062623,0.6752316355705261,0.0,70.0,320.0,320.0,0.135498046875
0.5961467623710632,0.8207908272743225,1.845474924031915,0.4112778604030609,0.8499242663383484,2.788455585503488,0.4272396564483642,0.8826687932014465,2.365284932529411,0,0.51171875,0.8212890625,0.85986328125,0.89306640625,0.0752343609929084,0.07474519015009565,priorbias,0.9851660132408142,0.9759771227836608,0.9480352997779846,0.044455662369728,0.6567262411117554,20.0,130.0,230.0,210.0,0.10611979166666667
0.5457316637039185,0.8416613340377808,2.224309089653836,0.4365703165531158,0.8348698019981384,2.9342328996607865,0.4138727486133575,0.8914011716842651,3.048125968848061,0,0.5654296875,0.82373046875,0.8603515625,0.8916015625,0.0752343609929084,0.07351892257047657,priorbias,0.9805778861045836,0.9742944240570068,0.94362473487854,0.0224184431135654,0.6697338223457336,20.0,80.0,250.0,230.0,0.11921037946428571
0.5740616321563721,0.8237830400466919,2.039093128597354,0.433753103017807,0.8613436818122864,2.6951723048247205,0.4745303094387054,0.9002857804298401,2.2239264624178703,0,0.49072265625,0.80517578125,0.85888671875,0.892578125,0.0752343609929084,0.07709313650496238,priorbias,0.9784428477287292,0.96820729970932,0.9508454203605652,0.0202594120055437,0.6717581152915955,20.0,120.0,270.0,250.0,0.08726917613636363
0.2673662304878235,0.957744300365448,0.7046326536523185,0.2783972918987274,0.9485542178153992,0.1107917824147137,0.2709206938743591,0.9180521368980408,0.0705822191664626,0,0.7861328125,0.8955078125,0.91455078125,0.919921875,0.0904107093811035,0.09369894512280039,softmax,0.9613423347473145,0.9491608142852784,0.9329913258552552,0.0211822185665369,0.5853404402732849,,,,,
0.2618377208709717,0.9483047127723694,-0.0119756317662163,0.2598012685775757,0.9467426538467408,-0.0158569365852108,0.248533010482788,0.9332066774368286,-0.0041809811314726,0,0.75146484375,0.89599609375,0.904296875,0.92529296875,0.0904107093811035,0.09214920573882145,softmax,0.9529383182525636,0.9586496353149414,0.9348626732826232,0.040863424539566,0.6105343699455261,,,,,
0.2577226758003235,0.9604183435440063,1.718989564205027,0.2601061463356018,0.9475613236427308,0.1316084232256891,0.2486433684825897,0.9098244905471802,0.0746532551791831,0,0.74658203125,0.88427734375,0.90478515625,0.923828125,0.0904107093811035,0.08194631821687806,softmax,0.9651214480400084,0.9495270848274232,0.9098244905471802,0.0527783334255218,0.5931665301322937,,,,,
0.2596010267734527,0.9579946398735046,4.5352375712176025,0.2552975118160248,0.944496750831604,0.4639887276719091,0.2500573098659515,0.9284155368804932,0.2746350382206353,0,0.7802734375,0.8857421875,0.900390625,0.9208984375,0.0930543094873428,0.10074910012931484,softmax,0.960820734500885,0.944496750831604,0.9284155368804932,0.030139846727252,0.5955074429512024,,,,,
0.2783247530460357,0.9562350511550904,4.776110443821792,0.2935353815555572,0.949559211730957,0.6002334872538005,0.3001135885715484,0.9363068342208862,0.3980372669111876,0,0.767578125,0.89453125,0.90771484375,0.92431640625,0.0930543094873428,0.10142148713741228,softmax,0.9566736817359924,0.9520570039749146,0.9390146136283876,-0.0218570865690708,0.5876880884170532,,,,,
0.2653261125087738,0.9512904286384584,4.532273205400389,0.2531934380531311,0.951490581035614,0.4525408381082701,0.2578989863395691,0.9325419664382936,0.2414782982868739,0,0.810546875,0.89697265625,0.9140625,0.92919921875,0.0930543094873428,0.09669762350088205,softmax,0.9590637683868408,0.9531962275505066,0.9325419664382936,0.0275656320154666,0.5831117630004883,,,,,
0.276034951210022,0.9563602805137634,-2.776804062129692,0.2637412548065185,0.9539121389389038,-0.1033642946001599,0.2818630933761596,0.933113694190979,-0.0502706960590201,0,0.7275390625,0.89306640625,0.9111328125,0.9248046875,0.0889791846275329,0.08901794555972538,softmax,0.9563602805137634,0.9611927270889282,0.9390394687652588,0.0190650410950183,0.5776941180229187,40.0,110.0,190.0,150.0,0.1357421875
0.276034951210022,0.9516929388046264,-4.99970424004051,0.2604131400585174,0.952606439590454,-0.289222144510062,0.2567158043384552,0.924795627593994,-0.1602843057202466,0,0.796875,0.89697265625,0.91015625,0.9287109375,0.0889791846275329,0.08609899014622119,softmax,0.95871901512146,0.959513545036316,0.924795627593994,0.0349016524851322,0.6097407937049866,,,,,
0.283080130815506,0.9458945393562316,-3.6147190448903497,0.2901892364025116,0.9379161596298218,-0.1623856238932464,0.3184877038002014,0.9172561764717102,-0.0785567578528906,0,0.78173828125,0.89794921875,0.9140625,0.9248046875,0.0889791846275329,0.09793291745427647,softmax,0.9458945393562316,0.9379161596298218,0.9172561764717102,0.0229267980903387,0.592012345790863,,,,,
0.2587519884109497,0.9566416144371032,-1.2404723154657478,0.2507982850074768,0.9505767822265624,0.0152480606916522,0.2644372582435608,0.9298575520515442,0.0060104040549905,0,0.76416015625,0.87744140625,0.8984375,0.91845703125,0.0963554754853248,0.10255422965918244,softmax,0.9642521739006042,0.9537503719329834,0.9320948123931884,0.0328954085707664,0.5852017402648926,,,,,
0.2587519884109497,0.9591360688209534,2.140061742755309,0.2507982850074768,0.9477280378341676,0.2133350722032287,0.2644372582435608,0.9257930517196656,0.1184642332289287,0,0.74951171875,0.88232421875,0.89990234375,0.91943359375,0.0963554754853248,0.09689639811960109,softmax,0.9651809930801392,0.9526017308235168,0.9257930517196656,0.0294664986431598,0.6004475951194763,,,,,
0.3124043047428131,0.9379945993423462,0.5846064650807958,0.3289778530597687,0.943997859954834,0.2979964196050894,0.3560921847820282,0.9281994104385376,0.1943291760774028,0,0.7578125,0.87841796875,0.89697265625,0.9169921875,0.0963554754853248,0.10338263492710803,softmax,0.9379945993423462,0.943997859954834,0.9281994104385376,-0.0258699767291545,0.5893453359603882,,,,,
0.2602819800376892,0.9559088349342346,2.187117128489496,0.2452786117792129,0.9542986154556274,0.22840461666034,0.2492224872112274,0.9346106052398682,0.1399324393641453,0,0.78369140625,0.88720703125,0.90185546875,0.91748046875,0.0712535232305526,0.07310791750737711,softmax,0.965293288230896,0.9579689502716064,0.9346106052398682,0.0612618252635002,0.5790926218032837,,,,,
0.2602819800376892,0.9594509601593018,1.5217860203424505,0.2395067363977432,0.9518148899078368,0.1670952348657126,0.2377773225307464,0.9167622327804564,0.0924414428278998,0,0.765625,0.89013671875,0.90087890625,0.91796875,0.0712535232305526,0.06283575471735368,softmax,0.9644043445587158,0.9518148899078368,0.9167622327804564,0.0381525941193103,0.6038181185722351,,,,,
0.2628190517425537,0.959267258644104,2.514095006776534,0.2534375190734863,0.95305335521698,0.3092420816344227,0.2567762434482574,0.9334256649017334,0.1752859682413201,0,0.77099609375,0.88720703125,0.8994140625,0.9169921875,0.0712535232305526,0.07797311415518353,softmax,0.9639877080917358,0.9578018188476562,0.9382911324501038,0.0292336344718933,0.58692467212677,,,,,
0.7959622144699097,0.6730430126190186,12.15278564926124,0.9272775053977966,0.4732853472232818,5.269357650815008,0.977142870426178,0.3948386013507843,4.57364352518006,60,0.7939453125,0.8583984375,0.93701171875,0.96875,0.7122783064842224,1.0880631559502836,softmax_imb07,0.6730430126190186,0.4732853472232818,0.3948386013507843,0.0616947300732135,0.4719847738742828,,,,,
0.7754443883895874,0.6745743751525879,15.742680027261262,0.9045881628990172,0.4734557569026947,5.999299643572475,0.96576988697052,0.3557004332542419,5.256717530625719,60,0.7998046875,0.869140625,0.93408203125,0.9677734375,0.7122783064842224,1.0589245867659345,softmax_imb07,0.6745743751525879,0.4734557569026947,0.3557004332542419,0.0645295456051826,0.4608966708183288,,,,,
0.7797963619232178,0.6626476645469666,14.867767126436508,0.9120213389396667,0.4649836421012878,5.797247255693957,0.9636065363883972,0.3838928639888763,5.03593730001531,60,0.7763671875,0.8837890625,0.9208984375,0.96240234375,0.7122783064842224,1.0516819470903143,softmax_imb07,0.6626476645469666,0.4649836421012878,0.3838928639888763,0.0826760977506637,0.4668031930923462,,,,,
0.7028080224990845,0.7638635039329529,9.15489353355143,0.836496114730835,0.6533052325248718,3.3074561750311475,0.9060553908348083,0.598116934299469,2.639387020836073,20,0.75439453125,0.828125,0.92724609375,0.96337890625,0.6788398027420044,0.895062463306481,softmax_imb07,0.7638635039329529,0.6533052325248718,0.598116934299469,0.0748775526881218,0.488137274980545,,,,,
0.7578212022781372,0.7327632308006287,12.977122707897388,0.895730197429657,0.5583686828613281,4.764110509820893,0.954731285572052,0.4653670787811279,4.106599520312361,40,0.7783203125,0.88330078125,0.9111328125,0.966796875,0.6788398027420044,0.9521881426087431,softmax_imb07,0.7327632308006287,0.5583686828613281,0.4653670787811279,0.0162982922047376,0.4425233602523803,,,,,
0.7054761052131653,0.7587388753890991,10.26778137830608,0.8364202976226807,0.6586454510688782,3.2861587687310894,0.9032764434814452,0.636939287185669,2.6670257658694934,20,0.79150390625,0.86962890625,0.9384765625,0.96435546875,0.6788398027420044,0.8687216488444256,softmax_imb07,0.7587388753890991,0.6586454510688782,0.636939287185669,0.0518962629139423,0.4578199982643127,,,,,
0.7316300272941589,0.7354854345321655,10.867358776757271,0.8661667108535767,0.5692945718765259,4.388940441813815,0.9297701716423036,0.4840909540653229,3.729861319012739,40,0.76904296875,0.86572265625,0.90673828125,0.95849609375,0.6453593969345093,0.9333270742467015,softmax_imb07,0.7354854345321655,0.5692945718765259,0.4840909540653229,0.0744611620903015,0.4556871652603149,,,,,
0.7571797966957092,0.7253707051277161,12.46766793651533,0.903387188911438,0.5265390872955322,4.811060037583403,0.9603277444839478,0.4222534000873565,4.065735901868737,50,0.791015625,0.87646484375,0.92529296875,0.96044921875,0.6453593969345093,0.9814010342481334,softmax_imb07,0.7253707051277161,0.5265390872955322,0.4222534000873565,0.0619069002568721,0.4589971899986267,,,,,
0.756110429763794,0.7265956401824951,14.85036594323719,0.8873019218444824,0.5393660664558411,5.743181376051379,0.9464222192764282,0.4311050474643707,5.038365768355607,50,0.794921875,0.861328125,0.9150390625,0.9599609375,0.6453593969345093,1.006692156347369,softmax_imb07,0.7265956401824951,0.5393660664558411,0.4311050474643707,0.0638942793011665,0.4444710314273834,,,,,
0.770170271396637,0.6826648712158203,12.43559549171347,0.9051655530929564,0.5152537822723389,5.086165503021433,0.9676716923713684,0.399207592010498,4.269711747535383,50,0.78662109375,0.87255859375,0.92822265625,0.95751953125,0.6863167881965637,1.120170706260453,softmax_imb07,0.6826648712158203,0.5152537822723389,0.399207592010498,0.0801777318120002,0.4563278257846832,,,,,
0.7057135701179504,0.7410603165626526,10.594400377392638,0.8328332304954529,0.603648841381073,3.917764793746766,0.9075826406478882,0.5442938208580017,3.2041614811024663,10,0.78076171875,0.89501953125,0.923828125,0.9580078125,0.6863167881965637,0.932331847465764,softmax_imb07,0.7410603165626526,0.603648841381073,0.5442938208580017,0.0667892321944236,0.4395723044872284,,,,,
0.7090300917625427,0.7508872151374817,9.936806389214988,0.8434475064277649,0.6383407711982727,3.611146038616676,0.9126204252243042,0.5662842988967896,2.84538339013816,30,0.78076171875,0.8564453125,0.90185546875,0.95166015625,0.6742492914199829,0.9048221265072001,softmax_imb07,0.7508872151374817,0.6383407711982727,0.5662842988967896,0.0829686820507049,0.4654653370380401,,,,,
0.709092915058136,0.7453787922859192,11.501659737099118,0.859536349773407,0.5855938792228699,4.137962264706448,0.9257246851921082,0.516680121421814,3.750308175845532,30,0.78759765625,0.8515625,0.89990234375,0.955078125,0.6742493510246277,0.9031086175703565,softmax_imb07,0.7453787922859192,0.5855938792228699,0.516680121421814,0.0685110390186309,0.453290730714798,,,,,
0.357481986284256,0.9245368242263794,6.894981569948884,0.3592142164707184,0.9549480080604552,0.9893335275530616,0.3746853768825531,0.9578034281730652,0.5174711733878324,0,0.833984375,0.904296875,0.92822265625,0.95166015625,0.7122783064842224,0.8408567763273892,softmax_imb07_bp,0.9248225092887878,0.9589043855667114,0.9708929657936096,,,,,,,
0.3325514793395996,0.9383966326713562,6.837124969790401,0.3538307845592499,0.9609893560409546,0.8708975015428837,0.3763936161994934,0.9606192111968994,0.5014499405978113,0,0.8076171875,0.88427734375,0.91552734375,0.951171875,0.6788398027420044,0.7729039492665793,softmax_imb07_bp,0.938650608062744,0.9646082520484924,0.9725669622421264,,,,,,,
0.3595570921897888,0.924217402935028,4.746327365111808,0.3616529405117035,0.9581003189086914,0.6837212127692874,0.3967605829238891,0.9598698616027832,0.3526678697158364,0,0.822265625,0.880859375,0.92041015625,0.947265625,0.6453593969345093,0.6670126271612059,softmax_imb07_bp,0.924217402935028,0.9604750871658324,0.9700608253479004,,,,,,,
0.3653421401977539,0.9220085740089417,5.742250224387372,0.3699238896369934,0.9564251899719238,0.8816585640847715,0.4165513813495636,0.9579052329063416,0.4702245971326216,0,0.8203125,0.8994140625,0.92431640625,0.9443359375,0.6863167881965637,0.7802671275548563,softmax_imb07_bp,0.9220085740089417,0.9564251899719238,0.969291627407074,,,,,,,
0.3487755954265594,0.9297725558280944,8.226105692590014,0.3429613709449768,0.9661847949028016,1.1869963946140525,0.3632968068122864,0.9638864398002625,0.604618308279544,0,0.81298828125,0.89306640625,0.9140625,0.9384765625,0.6742493510246277,0.7832029203046137,softmax_imb07_bp,0.9297725558280944,0.9661847949028016,0.9751518368721008,,,,,,,
