tag,n_runs,maxcos_l1_mean,minp_l1_mean,kappa_l1_mean,maxcos_l2_mean,minp_l2_mean,kappa_l2_mean,maxcos_l3_mean,minp_l3_mean,kappa_l3_mean,steps_cos_gt_0.9_mean,plateau_onset_mean,plateau_band_end_mean,plateau_exit_mean,plateau_duration_mean,plateau_band_acc_mean,ebar0_mean,ebar_ratio_10_mean,n_layers_mean,minp_w300_l1_mean,maxcos_w300_l1_mean,cos0_l1_mean,p0_l1_mean,H0_l1_mean,wa_end_l1_mean,minp_w300_l2_mean,maxcos_w300_l2_mean,cos0_l2_mean,p0_l2_mean,H0_l2_mean,wa_end_l2_mean,minp_w300_l3_mean,maxcos_w300_l3_mean,cos0_l3_mean,p0_l3_mean,H0_l3_mean,wa_end_l3_mean,acc_450_mean,acc_1000_mean,acc_1500_mean,acc_3000_mean,acc_final_mean,step_final_mean,loss_final_mean,loss_min_mean,kappa_cf_l1_mean,kappa_cf_l2_mean,kappa_cf_l3_mean,drive_mean,ebar0_pred_mean,fb_scale_mean,lr_mean,out_lr_mult_mean,hid_lr_mult_mean,batch_mean,width_mean,depth_mean,steps_mean,out_bias_q_mean,freeze_bias_mean,freeze_out_mean,muon_mean,whiten_mean,batchnorm_mean,p0_mean,target_scale_mean,classes_mean,C_mean,prior_loss_mean,xbar2_mean,wall_mean,final_step_mean,maxcos_l1_sd,minp_l1_sd,kappa_l1_sd,maxcos_l2_sd,minp_l2_sd,kappa_l2_sd,maxcos_l3_sd,minp_l3_sd,kappa_l3_sd,steps_cos_gt_0.9_sd,plateau_onset_sd,plateau_band_end_sd,plateau_exit_sd,plateau_duration_sd,plateau_band_acc_sd,ebar0_sd,ebar_ratio_10_sd,n_layers_sd,minp_w300_l1_sd,maxcos_w300_l1_sd,cos0_l1_sd,p0_l1_sd,H0_l1_sd,wa_end_l1_sd,minp_w300_l2_sd,maxcos_w300_l2_sd,cos0_l2_sd,p0_l2_sd,H0_l2_sd,wa_end_l2_sd,minp_w300_l3_sd,maxcos_w300_l3_sd,cos0_l3_sd,p0_l3_sd,H0_l3_sd,wa_end_l3_sd,acc_450_sd,acc_1000_sd,acc_1500_sd,acc_3000_sd,acc_final_sd,step_final_sd,loss_final_sd,loss_min_sd,kappa_cf_l1_sd,kappa_cf_l2_sd,kappa_cf_l3_sd,drive_sd,ebar0_pred_sd,fb_scale_sd,lr_sd,out_lr_mult_sd,hid_lr_mult_sd,batch_sd,width_sd,depth_sd,steps_sd,out_bias_q_sd,freeze_bias_sd,freeze_out_sd,muon_sd,whiten_sd,batchnorm_sd,p0_sd,target_scale_sd,classes_sd,C_sd,prior_loss_sd,xbar2_sd,wall_sd,final_step_sd,maxcos_l1_n,minp_l1_n,kappa_l1_n,maxcos_l2_n,minp_l2_n,kappa_l2_n,maxcos_l3_n,minp_l3_n,kappa_l3_n,steps_cos_gt_0.9_n,plateau_onset_n,plateau_band_end_n,plateau_exit_n,plateau_duration_n,plateau_band_acc_n,ebar0_n,ebar_ratio_10_n,n_layers_n,minp_w300_l1_n,maxcos_w300_l1_n,cos0_l1_n,p0_l1_n,H0_l1_n,wa_end_l1_n,minp_w300_l2_n,maxcos_w300_l2_n,cos0_l2_n,p0_l2_n,H0_l2_n,wa_end_l2_n,minp_w300_l3_n,maxcos_w300_l3_n,cos0_l3_n,p0_l3_n,H0_l3_n,wa_end_l3_n,acc_450_n,acc_1000_n,acc_1500_n,acc_3000_n,acc_final_n,step_final_n,loss_final_n,loss_min_n,kappa_cf_l1_n,kappa_cf_l2_n,kappa_cf_l3_n,drive_n,ebar0_pred_n,fb_scale_n,lr_n,out_lr_mult_n,hid_lr_mult_n,batch_n,width_n,depth_n,steps_n,out_bias_q_n,freeze_bias_n,freeze_out_n,muon_n,whiten_n,batchnorm_n,p0_n,target_scale_n,classes_n,C_n,prior_loss_n,xbar2_n,wall_n,final_step_n,rule,dataset,preprocess,arch,act,head,center
cnn,3,0.9800697962443033,0.2723235189914703,124.48777026099951,0.9983718792597452,0.08579573904474573,1805.5840123360522,0.999998132387797,0.008525540741781365,1091.6817282661732,1040.0,276.6666666666667,616.6666666666666,2903.3333333333335,2626.6666666666665,0.0989256843687996,1.1727548042933147,1.2985564533233633,3.0,0.2982640862464905,0.9800697962443033,0.8353107968966166,0.9766855835914612,946.9825846354166,,0.09186860670646026,0.9983718792597452,0.8549644351005554,0.9879037936528524,348.00999959309894,,0.0086799571290612,0.999997099240621,0.8563429713249207,0.9755511085192362,8.753589630126953,,0.1083984375,0.12239583333333333,0.16162109375,0.27587890625,0.35205078125,4000.0,2.76238751411438,2.735893487930298,507.71408392074835,625.136989455958,220.52284037090692,1.1727548042933147,1.264911064067352,1.0,0.001,1.0,1.0,128.0,300.0,3.0,4000.0,-1.0,0.0,0.0,0.0,0.0,0.0,0.0,1.0,0.0,10.0,3.250812369223352,692.0383911132812,12.41708000500997,4000.0,0.0033649566603983923,0.04473359627014619,28.160012541490442,0.0006105702163073988,0.0322663806076184,324.118057918833,1.537445554881434e-06,0.0006133450417672363,189.03741073011486,190.78784028338913,280.05951748393295,416.8133075290823,635.1640208114227,759.5612768785237,0.0019560365391828884,0.056841867433899164,0.45672790659233636,0.0,0.01317767220851741,0.0033649566603983923,0.020249707332079748,0.00813503991615191,356.72166530909425,,0.024955120643473,0.0006105702163073988,0.02992928887093385,0.008718036192636228,172.13109074582638,,0.0006998880904582068,2.052108658674762e-06,0.018604776967073976,0.014205431714657745,3.2040672895119733,,0.011667776509129415,0.01943539302809633,0.0180861906029806,0.021098044629363575,0.032638232357555474,0.0,0.09334334791888274,0.09500145189671666,228.536385759238,87.13081008329094,43.63533097300996,0.056841867433899164,0.0,0.0,0.0,0.0,0.0,0.0,0.0,0.0,0.0,0.0,0.0,0.0,0.0,0.0,0.0,0.0,0.0,0.0,0.0,0.0,0.0,1.9799024559911487,0.0,3,3,3,3,3,3,3,3,3,3,3,3,3,3,3,3,3,3,3,3,3,3,3,0,3,3,3,3,3,0,3,3,3,3,3,0,3,3,3,3,3,3,3,3,3,3,3,3,3,3,3,3,3,3,3,3,3,3,3,3,3,3,3,3,3,3,3,3,3,3,3,dfa,cifar10,div255,cnn,tanh,sigmoid_bce,none
cnn_bp,3,0.8658654093742371,0.9616478085517883,28.804822759678547,0.9092304309209188,0.9351271192232767,53.62467102782205,0.9639709989229838,0.6669840017954508,33.78225613502644,1500.0,,,,,,1.1727548042933147,0.3841028144645504,3.0,0.9672157764434814,0.8627697428067526,0.8353107968966166,0.9766855835914612,946.9825846354166,,0.9680131475130717,0.9042260448137919,0.8549644351005554,0.9879037936528524,348.00999959309894,,0.7560305992762247,0.9639709989229838,0.8563429713249207,0.9755511085192362,8.753589630126953,,0.24641927083333334,0.2939453125,0.3194986979166667,0.3429361979166667,0.35986328125,4000.0,2.7635623613993325,2.760324001312256,507.71408392074835,625.136989455958,220.52284037090692,1.1727548042933147,1.264911064067352,1.0,0.001,1.0,1.0,128.0,300.0,3.0,4000.0,-1.0,0.0,0.0,0.0,0.0,0.0,0.0,1.0,0.0,10.0,3.250812369223352,692.0383911132812,13.465773264567057,4000.0,0.004896862162352221,0.004493787144108523,2.484190701336458,0.004471031331633939,0.0013442806797476132,6.29742395460425,0.008411291103219047,0.019615939353854073,2.613272423265587,209.52326839756964,,,,,,0.056841867433899164,0.16613426896687453,0.0,0.007377691309492679,0.0063538221883583075,0.020249707332079748,0.00813503991615191,356.72166530909425,,0.0098109544710576,0.004977918101551949,0.02992928887093385,0.008718036192636228,172.13109074582638,,0.02616280326576623,0.008411291103219047,0.018604776967073976,0.014205431714657745,3.2040672895119733,,0.005966895436140417,0.01613546058775225,0.009634536840461424,0.006144070992245084,0.009753410329803798,0.0,0.02499557001766709,0.023498571310890125,228.536385759238,87.13081008329094,43.63533097300996,0.056841867433899164,0.0,0.0,0.0,0.0,0.0,0.0,0.0,0.0,0.0,0.0,0.0,0.0,0.0,0.0,0.0,0.0,0.0,0.0,0.0,0.0,0.0,2.8978042444695364,0.0,3,3,3,3,3,3,3,3,3,3,0,0,0,0,0,3,3,3,3,3,3,3,3,0,3,3,3,3,3,0,3,3,3,3,3,0,3,3,3,3,3,3,3,3,3,3,3,3,3,3,3,3,3,3,3,3,3,3,3,3,3,3,3,3,3,3,3,3,3,3,3,bp,cifar10,div255,cnn,tanh,sigmoid_bce,none
cnn_centere,3,0.8545498450597128,0.8083217740058899,1424.9742805034732,0.8862396876017252,0.7000633279482523,5786.143426713173,0.8758052388827006,0.7470338940620422,2997.635495857248,0.0,,,,,,1.1727548042933147,1.1969147870908252,3.0,0.9208542307217916,0.8545498450597128,0.8353107968966166,0.9766855835914612,946.9825846354166,,0.8777554035186768,0.8862396876017252,0.8549644351005554,0.9879037936528524,348.00999959309894,,0.9045464793841044,0.8758052388827006,0.8563429713249207,0.9755511085192362,8.753589630126953,,0.14192708333333334,0.2265625,0.2742513020833333,0.3583984375,0.3912760416666667,4000.0,3.1248373985290527,3.0578545729319253,507.71408392074835,625.136989455958,220.52284037090692,1.1727548042933147,1.264911064067352,1.0,0.001,1.0,1.0,128.0,300.0,3.0,4000.0,-1.0,0.0,0.0,0.0,0.0,0.0,0.0,1.0,0.0,10.0,3.250812369223352,692.0383911132812,13.289485613505045,4000.0,0.003702294801890676,0.07328183894258243,288.38003328025974,0.0023902036219218678,0.0339707322201414,540.7046484134529,0.013170092853411478,0.08328865230618954,112.84770518795732,0.0,,,,,,0.056841867433899164,0.07674708439616278,0.0,0.012532674726353546,0.003702294801890676,0.020249707332079748,0.00813503991615191,356.72166530909425,,0.018540202496319283,0.0023902036219218678,0.02992928887093385,0.008718036192636228,172.13109074582638,,0.015389954911745666,0.013170092853411478,0.018604776967073976,0.014205431714657745,3.2040672895119733,,0.03515738026250251,0.02486401768842581,0.025392189955778244,0.03125,0.02957764763437642,0.0,0.3749470711091713,0.33960606723926967,228.536385759238,87.13081008329094,43.63533097300996,0.056841867433899164,0.0,0.0,0.0,0.0,0.0,0.0,0.0,0.0,0.0,0.0,0.0,0.0,0.0,0.0,0.0,0.0,0.0,0.0,0.0,0.0,0.0,2.994438041775818,0.0,3,3,3,3,3,3,3,3,3,3,0,0,0,0,0,3,3,3,3,3,3,3,3,0,3,3,3,3,3,0,3,3,3,3,3,0,3,3,3,3,3,3,3,3,3,3,3,3,3,3,3,3,3,3,3,3,3,3,3,3,3,3,3,3,3,3,3,3,3,3,3,dfa,cifar10,div255,cnn,tanh,sigmoid_bce,e
cnn_centere_outlr10,3,0.8542375564575195,0.7709190448125204,296.7227535691882,0.8873029351234436,0.6131142775217692,1435.7570786246845,0.8849482536315918,0.6038113832473755,814.8481198936506,0.0,,,,,,1.1727548042933147,0.9573475831027233,3.0,0.9123742381731669,0.8542375564575195,0.8353107968966166,0.9766855835914612,946.9825846354166,,0.8486697276433309,0.8873029351234436,0.8549644351005554,0.9879037936528524,348.00999959309894,,0.7917989293734232,0.8849482536315918,0.8563429713249207,0.9755511085192362,8.753589630126953,,0.2555338541666667,0.33203125,0.3798828125,0.4365234375,0.4547526041666667,4000.0,2.4683380921681723,2.4615426858266196,50.77140839207484,62.513698945595785,22.05228403709069,1.1727548042933147,1.264911064067352,1.0,0.001,10.0,1.0,128.0,300.0,3.0,4000.0,-1.0,0.0,0.0,0.0,0.0,0.0,0.0,1.0,0.0,10.0,3.250812369223352,692.0383911132812,13.599493424097696,4000.0,0.0025653992560977566,0.006700066929819869,10.212357871215355,0.004576700246020432,0.05511296445841565,155.75329801855847,0.020183713995135195,0.040960213766815586,124.43654451679333,0.0,,,,,,0.056841867433899164,0.11016548133203366,0.0,0.015621073125873094,0.0025653992560977566,0.020249707332079748,0.00813503991615191,356.72166530909425,,0.042170331511217574,0.004576700246020432,0.02992928887093385,0.008718036192636228,172.13109074582638,,0.06056386366407791,0.020183713995135195,0.018604776967073976,0.014205431714657745,3.2040672895119733,,0.02197446462465843,0.006888054677571233,0.013956646414019972,0.020303342662394325,0.01594470690172654,0.0,0.043799712110033015,0.041591380663188626,22.8536385759238,8.713081008329096,4.363533097300994,0.056841867433899164,0.0,0.0,0.0,0.0,0.0,0.0,0.0,0.0,0.0,0.0,0.0,0.0,0.0,0.0,0.0,0.0,0.0,0.0,0.0,0.0,0.0,3.4402470317423823,0.0,3,3,3,3,3,3,3,3,3,3,0,0,0,0,0,3,3,3,3,3,3,3,3,0,3,3,3,3,3,0,3,3,3,3,3,0,3,3,3,3,3,3,3,3,3,3,3,3,3,3,3,3,3,3,3,3,3,3,3,3,3,3,3,3,3,3,3,3,3,3,3,dfa,cifar10,div255,cnn,tanh,sigmoid_bce,e
cnn_centere_pixcenter,3,0.11729270716508224,0.852898637453715,6.6459743821768384,0.1155663505196571,0.6072337031364441,1049.8508877596507,0.13913563142220178,0.6558252970377604,1024.7554764249396,0.0,,,,,,1.2646183967590332,1.3065656139411885,3.0,0.9025151530901591,0.013934069623549766,4.927821767823337e-05,0.9986093839009603,0.20712160567442575,,0.6834860642751058,0.006519033030296301,1.5841137307366665e-05,0.9993171691894531,0.0725015265246232,,0.8497511744499207,0.008705045911483434,-4.2998707309999996e-05,0.9996270736058553,0.0018179905988896332,,0.15983072916666666,0.20377604166666666,0.267578125,0.3494466145833333,0.3740234375,4000.0,3.315406640370687,3.3026121457417807,6.934028475366662,8.368914393542463,7.436305058855832,1.2646183967590332,1.264911064067352,1.0,0.001,1.0,1.0,128.0,300.0,3.0,4000.0,-1.0,0.0,0.0,0.0,0.0,0.0,0.0,1.0,0.0,10.0,3.250812369223352,2.7981881135091813e-12,12.6893523534139,4000.0,0.037357648380793876,0.03322705901535123,0.26022348875390966,0.019228795319882443,0.006365585706318996,214.23415742295177,0.030328560979339735,0.019262187044741075,190.10748103789751,0.0,,,,,,0.0016883361609584392,0.019002465722657323,0.0,0.014821676789764308,0.011258317845531024,0.0006902815475405303,0.0003946558938797675,0.14957833239873516,,0.03245957164197536,0.007018772786794458,0.0007427227727939167,0.0005192289071929389,0.054718257105597044,,0.022583292107938677,0.010076905396949122,0.0006187176715919998,0.00029478356928591915,0.0010317417553926318,,0.023239999021616584,0.028101989375203952,0.010506559956713873,0.018646548237938803,0.013956646414019972,0.0,0.1456540306163243,0.12455803960560795,0.014105518714235859,1.0203302757671866,0.365872336590439,0.0016883361609584392,0.0,0.0,0.0,0.0,0.0,0.0,0.0,0.0,0.0,0.0,0.0,0.0,0.0,0.0,0.0,0.0,0.0,0.0,0.0,0.0,0.0,0.6168000540971813,0.0,3,3,3,3,3,3,3,3,3,3,0,0,0,0,0,3,3,3,3,3,3,3,3,0,3,3,3,3,3,0,3,3,3,3,3,0,3,3,3,3,3,3,3,3,3,3,3,3,3,3,3,3,3,3,3,3,3,3,3,3,3,3,3,3,3,3,3,3,3,3,3,dfa,cifar10,pixcenter,cnn,tanh,sigmoid_bce,e
cnn_outlr10,3,0.9580455819765726,0.6051135659217834,20.15057498477719,0.9927278757095337,0.2911663303772608,163.20067335799533,0.9998027483622233,0.02884050272405143,117.68006080939695,426.6666666666667,33.333333333333336,336.6666666666667,793.3333333333334,760.0,0.10774057367114324,1.1727548042933147,0.3501487648312933,3.0,0.6373968323071798,0.9580455819765726,0.8353107968966166,0.9766855835914612,946.9825846354166,,0.2922497342030207,0.9927278757095337,0.8549644351005554,0.9879037936528524,348.00999959309894,,0.02884050272405143,0.9998027483622233,0.8563429713249207,0.9755511085192362,8.753589630126953,,0.15169270833333334,0.3037109375,0.3727213541666667,0.4235026041666667,0.4449869791666667,4000.0,2.426274538040161,2.396107037862142,50.77140839207484,62.513698945595785,22.05228403709069,1.1727548042933147,1.264911064067352,1.0,0.001,10.0,1.0,128.0,300.0,3.0,4000.0,-1.0,0.0,0.0,0.0,0.0,0.0,0.0,1.0,0.0,10.0,3.250812369223352,692.0383911132812,12.995554685592651,4000.0,0.007432657636504149,0.03592517376151938,1.8771884394865714,0.0027873250795966355,0.0814418801453241,11.403164122427205,0.00017019129488764865,0.018402873318296754,8.85207664018634,73.71114795831993,5.773502691896256,55.075705472861024,76.37626158259734,75.49834435270749,0.0066814280089244745,0.056841867433899164,0.1320677013461239,0.0,0.04611097229764023,0.007432657636504149,0.020249707332079748,0.00813503991615191,356.72166530909425,,0.08331791244971637,0.0027873250795966355,0.02992928887093385,0.008718036192636228,172.13109074582638,,0.018402873318296754,0.00017019129488764865,0.018604776967073976,0.014205431714657745,3.2040672895119733,,0.03921580431490318,0.03354246971796015,0.027170266722248756,0.02032290461188082,0.024903939389238496,0.0,0.08301069843051469,0.05829091917811034,22.8536385759238,8.713081008329096,4.363533097300994,0.056841867433899164,0.0,0.0,0.0,0.0,0.0,0.0,0.0,0.0,0.0,0.0,0.0,0.0,0.0,0.0,0.0,0.0,0.0,0.0,0.0,0.0,0.0,2.378839516848888,0.0,3,3,3,3,3,3,3,3,3,3,3,3,3,3,3,3,3,3,3,3,3,3,3,0,3,3,3,3,3,0,3,3,3,3,3,0,3,3,3,3,3,3,3,3,3,3,3,3,3,3,3,3,3,3,3,3,3,3,3,3,3,3,3,3,3,3,3,3,3,3,3,dfa,cifar10,div255,cnn,tanh,sigmoid_bce,none
cnn_pixcenter,3,0.9720346728960673,0.5742667218049368,0.5317341508258522,0.9994920293490092,0.09798120210568102,1261.0487153734723,0.9999997615814209,0.008534832857549133,1065.5507123129526,583.3333333333334,313.3333333333333,653.3333333333334,2103.3333333333335,1790.0,0.1120482586953941,1.2646183967590332,1.362730642588968,3.0,0.5930859744548798,0.9720346728960673,4.927821767823337e-05,0.9986093839009603,0.20712160567442575,,0.09798120210568102,0.9994920293490092,1.5841137307366665e-05,0.9993171691894531,0.0725015265246232,,0.008534832857549133,0.9999997615814209,-4.2998707309999996e-05,0.9996270736058553,0.0018179905988896332,,0.10286458333333333,0.16080729166666666,0.20263671875,0.3487955729166667,0.39111328125,4000.0,2.633728822072347,2.619216044743856,6.934028475366662,8.368914393542463,7.436305058855832,1.2646183967590332,1.264911064067352,1.0,0.001,1.0,1.0,128.0,300.0,3.0,4000.0,-1.0,0.0,0.0,0.0,0.0,0.0,0.0,1.0,0.0,10.0,3.250812369223352,2.7981881135091813e-12,13.668264150619507,4000.0,0.022250144126861097,0.1185605482927804,0.053187370303099425,0.0006157500988679291,0.0015956853687826116,241.1932287384042,4.1295309244824856e-07,0.00042721022798982523,134.908226869597,92.91573243177568,318.17186131607133,249.06491790963526,202.31987873991355,281.60255680657446,0.007562795182856624,0.0016883361609584392,0.4686118014965717,0.0,0.1325879565601272,0.022250144126861097,0.0006902815475405303,0.0003946558938797675,0.14957833239873516,,0.0015956853687826116,0.0006157500988679291,0.0007427227727939167,0.0005192289071929389,0.054718257105597044,,0.00042721022798982523,4.1295309244824856e-07,0.0006187176715919998,0.00029478356928591915,0.0010317417553926318,,0.0384514379688002,0.01889423419392116,0.05038295953687453,0.01151695284526985,0.02622211246503428,0.0,0.06754481618796292,0.06160866110252413,0.014105518714235859,1.0203302757671866,0.365872336590439,0.0016883361609584392,0.0,0.0,0.0,0.0,0.0,0.0,0.0,0.0,0.0,0.0,0.0,0.0,0.0,0.0,0.0,0.0,0.0,0.0,0.0,0.0,0.0,1.6533387091560043,0.0,3,3,3,3,3,3,3,3,3,3,3,3,3,3,3,3,3,3,3,3,3,3,3,0,3,3,3,3,3,0,3,3,3,3,3,0,3,3,3,3,3,3,3,3,3,3,3,3,3,3,3,3,3,3,3,3,3,3,3,3,3,3,3,3,3,3,3,3,3,3,3,dfa,cifar10,pixcenter,cnn,tanh,sigmoid_bce,none
cnn_priorbias,3,0.975594719250997,0.3517823020617166,-8.036648117682189,0.9975513021151224,0.09913914650678633,-127.98581853146571,0.9999714493751526,0.013317265858252802,-65.46132224214239,856.6666666666666,795.0,870.0,1975.0,1180.0,0.12255859375,0.07491989682118093,0.1883796455816014,3.0,0.4209446708361308,0.9714016119639078,0.8353107968966166,0.9766855835914612,946.9825846354166,,0.12284679959217708,0.9963114261627197,0.8549644351005554,0.9879037936528524,348.00999959309894,,0.0162792652845382,0.9999674757321676,0.8563429713249207,0.9755511085192362,8.753589630126953,,0.09928385416666667,0.15608723958333334,0.24365234375,0.3486328125,0.3907877604166667,4000.0,2.622153123219808,2.603549083073934,31.049800473068387,40.93870026980442,14.748526263457885,0.07491989682118093,1.264911064067352,1.0,0.001,1.0,1.0,128.0,300.0,3.0,4000.0,0.10000000000000002,0.0,0.0,0.0,0.0,0.0,0.0,1.0,0.0,10.0,3.250812369223352,692.0383911132812,15.027995109558105,4000.0,0.00590129571636958,0.0861361708859717,16.471830025960145,0.0011947336828634497,0.021600458840250292,233.2241741427813,3.618532154507676e-05,0.0027001214849931387,140.3459309520429,75.71877794400365,63.63961030678928,56.568542494923804,91.92388155425118,28.284271247461902,0.0027621358640099515,0.01803229141777186,0.15352191602058307,0.0,0.09832994033060721,0.009261344437893258,0.020249707332079748,0.00813503991615191,356.72166530909425,,0.05471197033603473,0.0030637798977963173,0.02992928887093385,0.008718036192636228,172.13109074582638,,0.0020139433686020315,3.32554570756641e-05,0.018604776967073976,0.014205431714657745,3.2040672895119733,,0.02120700151000248,0.01997979414998353,0.016187094193604274,0.03941491420041126,0.027897629201191997,0.0,0.0928110954616617,0.07665062197868273,9.702222282297566,16.21653831178022,7.348117206483275,0.01803229141777186,0.0,0.0,0.0,0.0,0.0,0.0,0.0,0.0,0.0,0.0,0.0,0.0,0.0,0.0,0.0,0.0,0.0,0.0,0.0,0.0,0.0,4.203747299337224,0.0,3,3,3,3,3,3,3,3,3,3,2,2,2,2,2,3,3,3,3,3,3,3,3,0,3,3,3,3,3,0,3,3,3,3,3,0,3,3,3,3,3,3,3,3,3,3,3,3,3,3,3,3,3,3,3,3,3,3,3,3,3,3,3,3,3,3,3,3,3,3,3,dfa,cifar10,div255,cnn,tanh,sigmoid_bce,none
cnn_softmax,3,0.1400132924318313,0.8324649930000305,0.6755137349100591,0.17930647234121955,0.7178623080253601,2.999685720612447,0.1498944809039433,0.8541355729103088,2.1895172105132197,0.0,205.0,275.0,680.0,475.0,0.13573443700396826,0.029532742997010534,0.030239788586237232,3.0,0.8393468459447225,0.09582514191667235,0.021124664073189036,0.9571120937665304,48.34591929117838,,0.7178623080253601,0.12221795072158177,0.01934933724502717,0.9812106092770895,13.27928892771403,,0.8541355729103088,0.11538284271955486,0.0189482358594735,0.9936004678408304,0.299316793680191,,0.205078125,0.3103841145833333,0.3572591145833333,0.4314778645833333,0.4537760416666667,4000.0,1.5633275111516316,1.562395453453064,,,,0.029532742997010534,,1.0,0.001,1.0,1.0,128.0,300.0,3.0,4000.0,-1.0,0.0,0.0,0.0,0.0,0.0,0.0,1.0,0.0,10.0,2.3025694674972073,63.51714324951172,12.296581347783407,4000.0,0.006897619687643851,0.003755004646674762,0.5307270797993442,0.024326304348116237,0.03980957029242318,4.91365720656514,0.025159987173506943,0.042853880763817985,3.5129048720331686,0.0,91.92388155425118,106.06601717798213,141.4213562373095,49.49747468305833,0.006817652807199156,0.004537049383815318,0.008120005416995158,0.0,0.009961438057273581,0.03670526782363826,0.0015238172604776388,0.012879842179368836,12.926683031488059,,0.03980957029242318,0.07524040308398704,0.002717485271187714,0.012107451034055921,5.374716880884199,,0.042853880763817985,0.02642404036522467,0.002758986454861701,0.003222526509067974,0.07373981284435961,,0.02908041781118769,0.010361845079685551,0.011578890893120057,0.024386377532118166,0.014027644157822415,0.0,0.04917817616351655,0.05021380321496783,,,,0.004537049383815318,,0.0,0.0,0.0,0.0,0.0,0.0,0.0,0.0,0.0,0.0,0.0,0.0,0.0,0.0,0.0,0.0,0.0,0.0,0.0,0.0,1.598782970866967,0.0,3,3,3,3,3,3,3,3,3,3,2,2,2,2,2,3,3,3,3,3,3,3,3,0,3,3,3,3,3,0,3,3,3,3,3,0,3,3,3,3,3,3,3,3,0,0,0,3,0,3,3,3,3,3,3,3,3,3,3,3,3,3,3,3,3,3,3,3,3,3,3,dfa,cifar10,standardize,cnn,tanh,softmax_ce,none
cnn_softmax_bp,3,0.0369904537995656,0.9559899767239889,-0.9662174572727865,0.054634085545937204,0.9784018993377686,-1.0771622608426394,0.053736663113037736,0.9709857304890951,-0.45067140548407053,0.0,,,,,,0.029532742997010534,0.028528701238715138,3.0,0.9563749432563782,0.023666270698110198,0.021124664073189036,0.9571120937665304,48.34591929117838,,0.9807853301366171,0.024727995817859935,0.01934933724502717,0.9812106092770895,13.27928892771403,,0.9918897151947021,0.025946608434120732,0.0189482358594735,0.9936004678408304,0.299316793680191,,0.326171875,0.3610026041666667,0.3834635416666667,0.4041341145833333,0.41650390625,4000.0,1.6870002746582031,1.6868687868118286,,,,0.029532742997010534,,1.0,0.001,1.0,1.0,128.0,300.0,3.0,4000.0,-1.0,0.0,0.0,0.0,0.0,0.0,0.0,1.0,0.0,10.0,2.3025694674972073,63.51714324951172,12.09952441851298,4000.0,0.0025669696962386523,0.012020120769370727,0.3290910815091711,0.0025700532941788446,0.007583337847886041,0.44532841029988246,0.007098416051336825,0.005470986748235742,0.18274905526723592,0.0,,,,,,0.004537049383815318,0.0017440796040649334,0.0,0.012686348776130398,0.0016480957835651655,0.0015238172604776388,0.012879842179368836,12.926683031488059,,0.011404428826899498,0.002605976878424087,0.002717485271187714,0.012107451034055921,5.374716880884199,,0.0028310403182938175,0.003388715262331367,0.002758986454861701,0.003222526509067974,0.07373981284435961,,0.003813598474563796,0.005356276911427186,0.00692831922323983,0.011308042768673015,0.0064593537867787855,0.0,0.03222089914043627,0.032012263352184885,,,,0.004537049383815318,,0.0,0.0,0.0,0.0,0.0,0.0,0.0,0.0,0.0,0.0,0.0,0.0,0.0,0.0,0.0,0.0,0.0,0.0,0.0,0.0,1.9756643200257002,0.0,3,3,3,3,3,3,3,3,3,3,0,0,0,0,0,3,3,3,3,3,3,3,3,0,3,3,3,3,3,0,3,3,3,3,3,0,3,3,3,3,3,3,3,3,0,0,0,3,0,3,3,3,3,3,3,3,3,3,3,3,3,3,3,3,3,3,3,3,3,3,3,bp,cifar10,standardize,cnn,tanh,softmax_ce,none
cnn_softmax_imb07,3,0.4365459481875102,0.8110241293907166,29.015527058405514,0.8230472207069397,0.4746499756971995,266.77406117732386,0.9648549954096476,0.1463302746415138,280.1362135863062,213.33333333333334,246.66666666666666,356.6666666666667,1496.6666666666667,1250.0,0.7232119605654761,0.6608810226122538,0.9264170596683137,3.0,0.8283117413520813,0.3962303350369136,0.0751565098762512,0.9520079294840494,213.06720479329428,,0.5124246180057526,0.807539701461792,0.07270677387714383,0.9786602457364401,59.445499420166016,,0.1463302746415138,0.9648549954096476,0.07181447123487787,0.9899030923843384,1.2667685945828755,,0.72119140625,0.7171223958333334,0.724609375,0.7291666666666666,0.7410481770833334,4000.0,0.8699549436569214,0.8691720763842264,,,,0.6608810226122538,,1.0,0.001,1.0,1.0,128.0,300.0,3.0,4000.0,-1.0,0.0,0.0,0.0,0.0,0.0,0.6999999999999998,1.0,0.0,10.0,1.1768401087243543,63.51714324951172,13.011911869049072,4000.0,0.09071351616438579,0.04613752370115016,2.088883510042091,0.08578061289291539,0.15248171226022866,93.04174142856019,0.028941932635262194,0.09046589327790759,78.4252481332493,136.13718571108092,262.7419519858474,291.4332399252586,68.06859285554044,223.38307903688676,0.010500469076184456,0.007187496782907863,0.09630243323308975,0.0,0.04407990680094117,0.13575695323361528,0.007312694788293562,0.015092244284106986,79.89945079973911,,0.15372491737364632,0.08590757702900098,0.010215959100852061,0.014051726074258721,28.68407753752236,,0.09046589327790759,0.028941932635262194,0.010558344296705054,0.004571534589244211,0.4355988272147345,,0.013845162967536939,0.01403613975413437,0.008910296675241533,0.007474584963024122,0.002307527161256167,0.0,0.025399425767442696,0.026686087550336177,,,,0.007187496782907863,,0.0,0.0,0.0,0.0,0.0,0.0,0.0,0.0,0.0,0.0,0.0,0.0,0.0,0.0,0.0,0.0,0.0,0.0,0.0,0.0,2.3106010878530427,0.0,3,3,3,3,3,3,3,3,3,3,3,3,3,3,3,3,3,3,3,3,3,3,3,0,3,3,3,3,3,0,3,3,3,3,3,0,3,3,3,3,3,3,3,3,0,0,0,3,0,3,3,3,3,3,3,3,3,3,3,3,3,3,3,3,3,3,3,3,3,3,3,dfa,cifar10,standardize,cnn,tanh,softmax_ce,none
cnn_softmax_imb07_bp,3,0.10928767671187717,0.9500913619995117,25.77880601257543,0.1827009618282318,0.9749956130981444,20.7774734308546,0.37471415599187213,0.9720181226730347,7.884003568120199,0.0,,,,,,0.6608810226122538,0.7852384360171282,3.0,0.9506081938743591,0.10012797514597571,0.0751565098762512,0.9520079294840494,213.06720479329428,,0.977934201558431,0.15929573774337763,0.07270677387714383,0.9786602457364401,59.445499420166016,,0.9831491112709045,0.3190467456976573,0.07181447123487787,0.9899030923843384,1.2667685945828755,,0.72216796875,0.7247721354166666,0.72509765625,0.7273763020833334,0.73193359375,4000.0,0.8992945551872253,0.8992428382237753,,,,0.6608810226122538,,1.0,0.001,1.0,1.0,128.0,300.0,3.0,4000.0,-1.0,0.0,0.0,0.0,0.0,0.0,0.6999999999999998,1.0,0.0,10.0,1.1768401087243543,63.51714324951172,13.605905294418335,4000.0,0.0068568475798094905,0.014362302951226126,2.0129656507340776,0.02350959800497419,0.008988795529962082,8.353721517691234,0.05927549330323732,0.00400305484432611,2.998099256536345,0.0,,,,,,0.007187496782907863,0.10997151090157722,0.0,0.014856151795633491,0.006968249007309993,0.007312694788293562,0.015092244284106986,79.89945079973911,,0.012899022837001492,0.028885496260170628,0.010215959100852061,0.014051726074258721,28.68407753752236,,0.004214811807286127,0.07020544460623296,0.010558344296705054,0.004571534589244211,0.4355988272147345,,0.007627196949127592,0.007893460711576906,0.004809012598533254,0.008204481224693085,0.0090430953014903,0.0,0.011999288913157102,0.012088342391012719,,,,0.007187496782907863,,0.0,0.0,0.0,0.0,0.0,0.0,0.0,0.0,0.0,0.0,0.0,0.0,0.0,0.0,0.0,0.0,0.0,0.0,0.0,0.0,3.7019302050974905,0.0,3,3,3,3,3,3,3,3,3,3,0,0,0,0,0,3,3,3,3,3,3,3,3,0,3,3,3,3,3,0,3,3,3,3,3,0,3,3,3,3,3,3,3,3,0,0,0,3,0,3,3,3,3,3,3,3,3,3,3,3,3,3,3,3,3,3,3,3,3,3,3,bp,cifar10,standardize,cnn,tanh,softmax_ce,none
cnn_softmax_imb07_centere,3,0.11954506238301593,0.773452619711558,365.86592180778115,0.14813930789629617,0.6071670850118002,1012.7195854591438,0.17620950937271118,0.7806635697682699,559.4183432370477,0.0,2786.6666666666665,3133.3333333333335,3646.6666666666665,860.0,0.6837777750191266,0.6608810226122538,0.931853065235253,3.0,0.7835532029469808,0.091968019803365,0.0751565098762512,0.9520079294840494,213.06720479329428,,0.6537818908691406,0.0937176868319511,0.07270677387714383,0.9786602457364401,59.445499420166016,,0.7818263570467631,0.14300034195184708,0.07181447123487787,0.9899030923843384,1.2667685945828755,,0.5735677083333334,0.5950520833333334,0.6359049479166666,0.6803385416666666,0.7122395833333334,4000.0,1.0230201880137126,1.014150083065033,,,,0.6608810226122538,,1.0,0.001,1.0,1.0,128.0,300.0,3.0,4000.0,-1.0,0.0,0.0,0.0,0.0,0.0,0.6999999999999998,1.0,0.0,10.0,1.1768401087243543,63.51714324951172,12.492351373036703,4000.0,0.02592709655726153,0.04200193923379844,27.812699584236576,0.006219874150712682,0.02544901807670442,267.70997378748723,0.009200631974432452,0.015036905348841983,118.0486312114726,0.0,402.03648258999254,265.76932353703523,128.58201014657277,323.5737937472687,0.004003837214424842,0.007187496782907863,0.052568733679205976,0.0,0.03076164898303466,0.0054550167597306395,0.007312694788293562,0.015092244284106986,79.89945079973911,,0.023265886007374937,0.005062384321429235,0.010215959100852061,0.014051726074258721,28.68407753752236,,0.015014168537282959,0.016960317890423033,0.010558344296705054,0.004571534589244211,0.4355988272147345,,0.02481282418629396,0.023822587834268102,0.009060654726378126,0.024706902585303964,0.004939450164548663,0.0,0.03321758830628203,0.02796885554394156,,,,0.007187496782907863,,0.0,0.0,0.0,0.0,0.0,0.0,0.0,0.0,0.0,0.0,0.0,0.0,0.0,0.0,0.0,0.0,0.0,0.0,0.0,0.0,1.1346177254922654,0.0,3,3,3,3,3,3,3,3,3,3,3,3,3,3,3,3,3,3,3,3,3,3,3,0,3,3,3,3,3,0,3,3,3,3,3,0,3,3,3,3,3,3,3,3,0,0,0,3,0,3,3,3,3,3,3,3,3,3,3,3,3,3,3,3,3,3,3,3,3,3,3,dfa,cifar10,standardize,cnn,tanh,softmax_ce,e
cnnrelu,3,0.9075840910275778,0.28381777306397754,33.754471650863096,0.9265520373980204,0.13549728939930597,12281.481956509606,0.9999255935351054,0.15334587295850116,310952460.7713234,4000.0,,,,,,1.2534623543421428,0.7792058084314855,3.0,0.2894712686538696,0.9075840910275778,0.8361350297927856,0.6054505805174509,884.9122924804688,,0.13551363845666245,0.9204842845598856,0.849105437596639,0.5527570843696594,194.62005869547525,,0.16419413685798642,0.9999255935351054,0.8572914401690165,0.581756055355072,2.9880139430363974,,0.10221354166666667,0.11767578125,0.103515625,0.10758463541666667,0.13623046875,4000.0,1.1649414469779456e+16,6.889723936716716,1635.0917596478796,1669.0024456160718,342.3358158400894,1.2534623543421428,1.264911064067352,1.0,0.001,1.0,1.0,128.0,300.0,3.0,4000.0,-1.0,0.0,0.0,0.0,0.0,0.0,0.0,1.0,0.0,10.0,3.250812369223352,692.0383911132812,11.675395886103312,4000.0,0.01659547086127825,0.1044733307550001,3.807847732528448,0.029700168227013428,0.07225289276535267,8100.245148413285,4.960275236814388e-05,0.03892276116287949,378750000.61269003,0.0,,,,,,0.02607085598596035,0.7713323383168116,0.0,0.09930092206193959,0.01659547086127825,0.007478721854784679,0.14487446191794462,520.9944937760938,,0.07223873690141047,0.020140278053752216,0.012473721533956292,0.03919510648755699,141.24899777806925,,0.03415135587479589,4.960275236814388e-05,0.03311146946968121,0.0400318416173287,3.019098296640869,,0.0058253678932855745,0.010392478834859747,0.005144362184010126,0.01190378548387145,0.03328559954522317,0.0,1.6371320893529658e+16,0.13577824653769086,877.6609681344586,408.3882397875698,40.24441156885486,0.02607085598596035,0.0,0.0,0.0,0.0,0.0,0.0,0.0,0.0,0.0,0.0,0.0,0.0,0.0,0.0,0.0,0.0,0.0,0.0,0.0,0.0,0.0,1.0297394430588522,0.0,3,3,3,3,3,3,3,3,3,3,0,0,0,0,0,3,3,3,3,3,3,3,3,0,3,3,3,3,3,0,3,3,3,3,3,0,3,3,3,3,3,3,3,3,3,3,3,3,3,3,3,3,3,3,3,3,3,3,3,3,3,3,3,3,3,3,3,3,3,3,3,dfa,cifar10,div255,cnn,relu,sigmoid_bce,none
cnnrelu_bp,3,0.8870530128479004,0.5869320432345072,63.40382429910144,0.9149632453918457,0.5390004913012186,179.4186948729271,0.9853511055310568,0.44832394520441693,136.69748606984317,3996.6666666666665,85.0,140.0,2450.0,2365.0,0.1378871372767857,1.2534623543421428,0.8981114286289764,3.0,0.5886313319206238,0.8671397964159647,0.8361350297927856,0.6054505805174509,884.9122924804688,,0.5390004913012186,0.8967842857042948,0.849105437596639,0.5527570843696594,194.62005869547525,,0.44832394520441693,0.9853511055310568,0.8572914401690165,0.581756055355072,2.9880139430363974,,0.2158203125,0.25390625,0.2869466145833333,0.3338216145833333,0.3528645833333333,4000.0,2.7814082304636636,2.7740186055501304,1635.0917596478796,1669.0024456160718,342.3358158400894,1.2534623543421428,1.264911064067352,1.0,0.001,1.0,1.0,128.0,300.0,3.0,4000.0,-1.0,0.0,0.0,0.0,0.0,0.0,0.0,1.0,0.0,10.0,3.250812369223352,692.0383911132812,11.932193597157797,4000.0,0.007330367530602478,0.14400734217598507,6.145164713416512,0.007066072377421691,0.04036192208108937,35.924358692562166,0.005436181701319936,0.05590229440284998,16.144672254870933,5.77350269189629,7.0710678118654755,14.142135623730951,707.1067811865476,714.177848998413,0.004217189578086615,0.02607085598596035,0.2646101368533834,0.0,0.14483621267329252,0.0056083081005591905,0.007478721854784679,0.14487446191794462,520.9944937760938,,0.04036192208108937,0.0060842392209249875,0.012473721533956292,0.03919510648755699,141.24899777806925,,0.05590229440284998,0.005436181701319936,0.03311146946968121,0.0400318416173287,3.019098296640869,,0.022855526832946192,0.026330993677173366,0.026949999346995542,0.013761679572869777,0.022799824019081965,0.0,0.04997278059215101,0.05036315801872184,877.6609681344586,408.3882397875698,40.24441156885486,0.02607085598596035,0.0,0.0,0.0,0.0,0.0,0.0,0.0,0.0,0.0,0.0,0.0,0.0,0.0,0.0,0.0,0.0,0.0,0.0,0.0,0.0,0.0,1.5354859473778077,0.0,3,3,3,3,3,3,3,3,3,3,2,2,2,2,2,3,3,3,3,3,3,3,3,0,3,3,3,3,3,0,3,3,3,3,3,0,3,3,3,3,3,3,3,3,3,3,3,3,3,3,3,3,3,3,3,3,3,3,3,3,3,3,3,3,3,3,3,3,3,3,3,bp,cifar10,div255,cnn,relu,sigmoid_bce,none
cnnrelu_centere_pixcenter,3,0.5800096988677979,0.8276045123736063,0.3876626648401282,0.6634289026260376,0.6909263730049133,101.0189883766504,0.9710070292154948,0.7130696376164755,35913.804751270945,3466.6666666666665,,,,,,1.2627289295196533,1.3247458289164726,3.0,0.8276045123736063,0.5182511905829111,0.3415201703707376,0.9984769423802694,51.94694264729818,,0.7039100527763367,0.5893370707829794,0.4951593478520711,0.7571800152460734,14.67936658859253,,0.7130696376164755,0.8345518708229065,0.6114181081453959,0.7475367983182272,0.295690710345904,,0.15348307291666666,0.1337890625,0.12532552083333334,0.20849609375,0.203125,4000.0,4872217550.020833,5.2922695477803545,5.458632917612474,277.5476666718963,80.33883775426435,1.2627289295196533,1.264911064067352,1.0,0.001,1.0,1.0,128.0,300.0,3.0,4000.0,-1.0,0.0,0.0,0.0,0.0,0.0,0.0,1.0,0.0,10.0,3.250812369223352,2.7981881135091813e-12,13.451703230539957,4000.0,0.08472345988096612,0.038399296971935976,0.08811625980991779,0.005820438052298915,0.07348813357139275,54.13878500693904,0.01660279514915319,0.0163118364157714,59740.68774899977,225.0185177565023,,,,,,0.005286405808919088,0.009182207483263115,0.0,0.038399296971935976,0.03838454194843858,0.012305725832357789,0.0006897321195259134,18.57214277809562,,0.08451055267063752,0.024910069038077794,0.017462833149680397,0.07653965600361637,8.497784739116254,,0.0163118364157714,0.07149076104295607,0.0570792679219907,0.007218014357958891,0.2221300174244278,,0.04939450164548671,0.03324618072372891,0.01984809727745916,0.03322107166635557,0.013593174713940483,0.0,8438650901.596145,0.9030424899229607,0.927731880326895,51.33002122757802,32.54370907760892,0.005286405808919088,0.0,0.0,0.0,0.0,0.0,0.0,0.0,0.0,0.0,0.0,0.0,0.0,0.0,0.0,0.0,0.0,0.0,0.0,0.0,0.0,0.0,2.266727469939088,0.0,3,3,3,3,3,3,3,3,3,3,0,0,0,0,0,3,3,3,3,3,3,3,3,0,3,3,3,3,3,0,3,3,3,3,3,0,3,3,3,3,3,3,3,3,3,3,3,3,3,3,3,3,3,3,3,3,3,3,3,3,3,3,3,3,3,3,3,3,3,3,3,dfa,cifar10,pixcenter,cnn,relu,sigmoid_bce,e
cnnrelu_priorbias,3,0.8993637760480245,0.2782802035411199,-2.4581596531578698,0.9093686739603678,0.1762185295422872,-10083.446005780637,0.9998993873596191,0.1286796430746714,-661889774.0848551,3983.3333333333335,,,,,,0.0508878969897826,0.09809182530866906,3.0,0.29885705312093097,0.8993637760480245,0.8361350297927856,0.6054505805174509,884.9122924804688,,0.2296647528807322,0.9075841506322225,0.849105437596639,0.5527570843696594,194.62005869547525,,0.1442371880014737,0.9998993873596191,0.8572914401690165,0.581756055355072,2.9880139430363974,,0.10546875,0.09977213541666667,0.11507161458333333,0.12044270833333333,0.1259765625,4000.0,4.3996224389556904e+16,3.273809274037679,50.82012935271592,63.45844038695183,13.607757353242391,0.0508878969897826,1.264911064067352,1.0,0.001,1.0,1.0,128.0,300.0,3.0,4000.0,0.10000000000000002,0.0,0.0,0.0,0.0,0.0,0.0,1.0,0.0,10.0,3.250812369223352,692.0383911132812,12.254809697469076,4000.0,0.013741657957271105,0.07049988668645596,16.01514586612559,0.015863767677147207,0.0824386499805873,26238.348997615438,4.9313361720184425e-05,0.03202877658536023,1483211659.805101,20.816659994661283,,,,,,0.03452130627019374,0.10525106147558978,0.0,0.0426456495631319,0.013741657957271105,0.007478721854784679,0.14487446191794462,520.9944937760938,,0.036228231090068654,0.013345976808771021,0.012473721533956292,0.03919510648755699,141.24899777806925,,0.035172447598996084,4.9313361720184425e-05,0.03311146946968121,0.0400318416173287,3.019098296640869,,0.020790692242230242,0.007787027157490679,0.017505637577797852,0.02442057204884252,0.03223765789110169,0.0,6.360722419744411e+16,0.033763549372856604,10.216342329562199,32.963448950899725,8.78141656583674,0.03452130627019374,0.0,0.0,0.0,0.0,0.0,0.0,0.0,0.0,0.0,0.0,0.0,0.0,0.0,0.0,0.0,0.0,0.0,0.0,0.0,0.0,0.0,1.354567132138148,0.0,3,3,3,3,3,3,3,3,3,3,0,0,0,0,0,3,3,3,3,3,3,3,3,0,3,3,3,3,3,0,3,3,3,3,3,0,3,3,3,3,3,3,3,3,3,3,3,3,3,3,3,3,3,3,3,3,3,3,3,3,3,3,3,3,3,3,3,3,3,3,3,dfa,cifar10,div255,cnn,relu,sigmoid_bce,none
mlp,3,0.9946438272794088,0.11121154328187303,69.36506925497895,0.9992740551630656,0.16101734340190885,20.47874057199478,0.9999025265375773,0.15920039017995194,16.990962609837293,656.6666666666666,166.66666666666666,513.3333333333334,1873.3333333333333,1706.6666666666667,0.10840350513202075,1.263139804204305,1.3128626805069459,3.0,0.11121154328187303,0.9946438272794088,0.8007310231526693,0.8647752404212952,63.79009755452474,0.3349242905775706,0.16101734340190885,0.9992740551630656,0.7979418238004049,0.9169991215070089,43.918861389160156,0.2516329487164815,0.15920039017995194,0.9999025265375773,0.8041577339172363,0.9408678809801737,34.707706451416016,0.17119009792804715,0.13623046875,0.21533203125,0.23404947916666666,0.3330078125,0.36181640625,4000.0,2.6828020413716636,2.680186669031779,135.40682549785518,12.60600948251397,8.72485641957839,1.263139804204305,1.264911064067352,1.0,0.001,1.0,1.0,128.0,300.0,3.0,4000.0,-1.0,0.0,0.0,0.0,0.0,0.0,0.0,1.0,0.0,10.0,3.250812369223352,692.0383911132812,18.84286443392436,4000.0,0.0005973156598374224,0.011001972956331018,4.033558189240705,0.0001178534010087935,0.01981546020223717,0.04338908337147508,3.907584927097395e-05,0.02484337398920833,0.37965338548366906,35.11884584284245,141.53915830374763,205.26405757787538,166.5332799572906,49.32882862316251,0.002419095885240808,0.11539122271349156,0.05540232072195239,0.0,0.011001972956331018,0.0005973156598374224,0.009111401143686425,0.004428926171832525,2.8234391770127685,0.0214835772133388,0.01981546020223717,0.0001178534010087935,0.01555110988586191,0.0061571829190279325,2.781858824813259,0.013701940357097831,0.02484337398920833,3.907584927097395e-05,0.01799053750361406,0.006114628909197109,2.336736523797971,0.01724756659524174,0.005167483029423029,0.014705293307007419,0.020671854455024122,0.01600937139722168,0.02622211246503428,0.0,0.0578411465397257,0.05817223856643429,19.54892191934513,1.2497707964478035,0.7093215402869408,0.11539122271349156,0.0,0.0,0.0,0.0,0.0,0.0,0.0,0.0,0.0,0.0,0.0,0.0,0.0,0.0,0.0,0.0,0.0,0.0,0.0,0.0,0.0,1.5234501316093343,0.0,3,3,3,3,3,3,3,3,3,3,3,3,3,3,3,3,3,3,3,3,3,3,3,3,3,3,3,3,3,3,3,3,3,3,3,3,3,3,3,3,3,3,3,3,3,3,3,3,3,3,3,3,3,3,3,3,3,3,3,3,3,3,3,3,3,3,3,3,3,3,3,dfa,cifar10,div255,mlp,tanh,sigmoid_bce,none
mlp_bp,3,0.8527407248814901,0.7719030181566874,34.370151094122456,0.8845046559969584,0.8348776698112488,3.903602615443919,0.9096417824427286,0.8621872663497925,2.954023316835358,296.6666666666667,40.0,90.0,1420.0,1380.0,0.13411458333333334,1.263139804204305,0.46650282608610283,3.0,0.8035356203715006,0.8527157306671143,0.8007310231526693,0.8647752404212952,63.79009755452474,,0.8380529085795084,0.8845046559969584,0.7979418238004049,0.9169991215070089,43.918861389160156,,0.8622390230496725,0.9096417824427286,0.8041577339172363,0.9408678809801737,34.707706451416016,,0.2532552083333333,0.2903645833333333,0.3095703125,0.3349609375,0.3527018229166667,4000.0,2.7729249000549316,2.7715017795562744,135.40682549785518,12.60600948251397,8.72485641957839,1.263139804204305,1.264911064067352,1.0,0.001,1.0,1.0,128.0,300.0,3.0,4000.0,-1.0,0.0,0.0,0.0,0.0,0.0,0.0,1.0,0.0,10.0,3.250812369223352,692.0383911132812,17.28675651550293,4000.0,0.009385636282461885,0.014731659157825155,1.9586560665589758,0.00842037440117155,0.009586233785794783,0.2029862366830757,0.01077591091262341,0.010205145400433805,0.10683137506271645,281.48416178061126,,,,,,0.11539122271349156,0.015239938356230718,0.0,0.0046192153205578965,0.009383469967824049,0.009111401143686425,0.004428926171832525,2.8234391770127685,,0.007748398260529123,0.00842037440117155,0.01555110988586191,0.0061571829190279325,2.781858824813259,,0.010136551406305237,0.01077591091262341,0.01799053750361406,0.006114628909197109,2.336736523797971,,0.021530564103923,0.01574912045561038,0.017462455802976236,0.006118146526436361,0.010987232312329216,0.0,0.019845047845572533,0.019344898809898422,19.54892191934513,1.2497707964478035,0.7093215402869408,0.11539122271349156,0.0,0.0,0.0,0.0,0.0,0.0,0.0,0.0,0.0,0.0,0.0,0.0,0.0,0.0,0.0,0.0,0.0,0.0,0.0,0.0,0.0,1.5438913855992387,0.0,3,3,3,3,3,3,3,3,3,3,1,1,1,1,1,3,3,3,3,3,3,3,3,0,3,3,3,3,3,0,3,3,3,3,3,0,3,3,3,3,3,3,3,3,3,3,3,3,3,3,3,3,3,3,3,3,3,3,3,3,3,3,3,3,3,3,3,3,3,3,3,bp,cifar10,div255,mlp,tanh,sigmoid_bce,none
mlp_centere,3,0.8049488067626953,0.8340525031089783,1927.464523680016,0.7980998953183492,0.585099975268046,95.2707821211,0.8041577339172363,0.30927375952402747,61.41729812962654,0.0,,,,,,1.263139804204305,1.1945713699601883,3.0,0.8419104417165121,0.8049488067626953,0.8007310231526693,0.8647752404212952,63.79009755452474,0.1843073616425196,0.9056888620058695,0.7980998953183492,0.7979418238004049,0.9169991215070089,43.918861389160156,0.09845932076374686,0.8394980033238729,0.8041577339172363,0.8041577339172363,0.9408678809801737,34.707706451416016,0.08397908757130301,0.158203125,0.20426432291666666,0.22965494791666666,0.3115234375,0.3341471354166667,4000.0,3.6587273279825845,3.6587273279825845,135.40682549785518,12.60600948251397,8.72485641957839,1.263139804204305,1.264911064067352,1.0,0.001,1.0,1.0,128.0,300.0,3.0,4000.0,-1.0,0.0,0.0,0.0,0.0,0.0,0.0,1.0,0.0,10.0,3.250812369223352,692.0383911132812,18.433939536412556,4000.0,0.008479333469583643,0.03110829487942677,8.639674427023785,0.015299458793610552,0.06898724761695399,6.948764420981083,0.01799053750361406,0.043638388246078436,2.461447309521184,0.0,,,,,,0.11539122271349156,0.09705425194512728,0.0,0.026910743981677525,0.008479333469583643,0.009111401143686425,0.004428926171832525,2.8234391770127685,0.024281035185163776,0.012230421534020179,0.015299458793610552,0.01555110988586191,0.0061571829190279325,2.781858824813259,0.00830888419873439,0.03686794423426167,0.01799053750361406,0.01799053750361406,0.006114628909197109,2.336736523797971,0.011694208012270389,0.00931581251383736,0.016350740045409328,0.008874548099098684,0.020790692242230242,0.012940220840039686,0.0,0.0824326569310605,0.0824326569310605,19.54892191934513,1.2497707964478035,0.7093215402869408,0.11539122271349156,0.0,0.0,0.0,0.0,0.0,0.0,0.0,0.0,0.0,0.0,0.0,0.0,0.0,0.0,0.0,0.0,0.0,0.0,0.0,0.0,0.0,0.8283656391970993,0.0,3,3,3,3,3,3,3,3,3,3,0,0,0,0,0,3,3,3,3,3,3,3,3,3,3,3,3,3,3,3,3,3,3,3,3,3,3,3,3,3,3,3,3,3,3,3,3,3,3,3,3,3,3,3,3,3,3,3,3,3,3,3,3,3,3,3,3,3,3,3,3,dfa,cifar10,div255,mlp,tanh,sigmoid_bce,e
mlp_pixcenter,3,0.045724065353473,0.9401384592056274,0.6188686020671842,0.23496460914611816,0.8891297578811646,0.8851758894236083,0.6754351854324341,0.717962364355723,3.041057315706762,0.0,,,,,,1.2652557690938313,1.281043589219214,3.0,0.9401384592056274,0.045724065353473,4.5566577076300005e-05,0.9962210456530253,0.018255482117334968,0.5159927407900492,0.889367401599884,0.23496460914611816,1.6708004598800046e-05,0.9969649712244669,0.014038265372315966,0.36251116792360943,0.717962364355723,0.6754351854324341,2.7991210420899994e-05,0.9975044926007589,0.011852131846050365,0.20910005768140152,0.21451822916666666,0.271484375,0.3125,0.3746744791666667,0.3951822916666667,4000.0,2.6163241068522134,2.616161584854126,6.868722191396834,6.994084312148469,6.965130791039669,1.2652557690938313,1.264911064067352,1.0,0.001,1.0,1.0,128.0,300.0,3.0,4000.0,-1.0,0.0,0.0,0.0,0.0,0.0,0.0,1.0,0.0,10.0,3.250812369223352,2.7981881135091813e-12,18.93758209546407,4000.0,0.0029268900893133047,0.016605805258348007,0.0011451086780631947,0.0454878699368816,0.04572590262600253,0.03594650005829289,0.09426186658276181,0.024478359821863502,0.12097695481162118,0.0,,,,,,0.001549183891602671,0.014780460654053296,0.0,0.016605805258348007,0.0029268900893133047,0.0007387282693984286,0.0003542753594446349,0.00577527567913274,0.007763207727902259,0.045909287530016676,0.0454878699368816,0.0008071228988192303,0.0005073408024773878,0.0037941764308433144,0.010808329386101373,0.024478359821863502,0.09426186658276181,0.0008478896646919328,0.0001309077360515839,0.001201891002572714,0.01972489472861052,0.01661113388303786,0.01001869361752109,0.005074367600299445,0.005444573139218014,0.0023075271612561644,0.0,0.031703696676142326,0.03144957337956905,0.008704114728007337,0.03207652936765154,0.020374878504536016,0.001549183891602671,0.0,0.0,0.0,0.0,0.0,0.0,0.0,0.0,0.0,0.0,0.0,0.0,0.0,0.0,0.0,0.0,0.0,0.0,0.0,0.0,0.0,0.5500606027250793,0.0,3,3,3,3,3,3,3,3,3,3,0,0,0,0,0,3,3,3,3,3,3,3,3,3,3,3,3,3,3,3,3,3,3,3,3,3,3,3,3,3,3,3,3,3,3,3,3,3,3,3,3,3,3,3,3,3,3,3,3,3,3,3,3,3,3,3,3,3,3,3,3,dfa,cifar10,pixcenter,mlp,tanh,sigmoid_bce,none
mlp_priorbias,3,0.9565914869308472,0.3741637667020162,7.595908495254498,0.9734129110972086,0.5199373563130697,1.778141575395215,0.9836894273757935,0.5682330628236135,1.1834571570903643,290.0,130.0,290.0,1213.3333333333333,1083.3333333333333,0.11410537704483016,0.12657473484675086,0.11752782499825032,3.0,0.3741637667020162,0.9565914869308472,0.8007310231526693,0.8647752404212952,63.79009755452474,0.4109582801659902,0.5313555399576823,0.9734129110972086,0.7979418238004049,0.9169991215070089,43.918861389160156,0.2807832856973012,0.5811507701873779,0.9836894273757935,0.8041577339172363,0.9408678809801737,34.707706451416016,0.1607283254464467,0.16764322916666666,0.25244140625,0.2942708333333333,0.3655598958333333,0.38525390625,4000.0,2.6077582041422525,2.6047685146331787,13.647197662629424,1.2620499251124275,0.8707935867825792,0.12657473484675086,1.264911064067352,1.0,0.001,1.0,1.0,128.0,300.0,3.0,4000.0,0.10000000000000002,0.0,0.0,0.0,0.0,0.0,0.0,1.0,0.0,10.0,3.250812369223352,692.0383911132812,18.026387214660645,4000.0,0.009390943444008532,0.043068921024738034,6.735706509839431,0.00972079554899999,0.07054206547683868,0.9622248331239591,0.009005340010306147,0.1088247292668456,0.4938528640425089,88.88194417315589,174.35595774162695,157.1623364550171,177.85762095938802,102.14368964029711,0.00976452345237085,0.041875764688458515,0.03678638972502475,0.0,0.043068921024738034,0.009390943444008532,0.009111401143686425,0.004428926171832525,2.8234391770127685,0.026526811018690793,0.05395984533945587,0.00972079554899999,0.01555110988586191,0.0061571829190279325,2.781858824813259,0.007539620418002338,0.0888977956566925,0.009005340010306147,0.01799053750361406,0.006114628909197109,2.336736523797971,0.008004496573607287,0.03320432174620234,0.00950582145211513,0.027519027600666834,0.013258731676052281,0.01416015625,0.0,0.04758491740869648,0.045389751027522775,5.176047576622786,0.41744208309474967,0.2692494037949901,0.041875764688458515,0.0,0.0,0.0,0.0,0.0,0.0,0.0,0.0,0.0,0.0,0.0,0.0,0.0,0.0,0.0,0.0,0.0,0.0,0.0,0.0,0.0,0.820967503620339,0.0,3,3,3,3,3,3,3,3,3,3,3,3,3,3,3,3,3,3,3,3,3,3,3,3,3,3,3,3,3,3,3,3,3,3,3,3,3,3,3,3,3,3,3,3,3,3,3,3,3,3,3,3,3,3,3,3,3,3,3,3,3,3,3,3,3,3,3,3,3,3,3,dfa,cifar10,div255,mlp,tanh,sigmoid_bce,none
mlp_std,3,0.15878657996654508,0.9337331255276998,33.3090879359911,0.27352651953697205,0.8362041910489401,7.8541294032763505,0.4274367392063141,0.7380469044049581,11.02513544874801,0.0,,,,,,1.2605838775634766,1.2020631462092883,3.0,0.9371835589408875,0.15878657996654508,0.0216788481920957,0.9705749154090881,2.8557510375976562,0.5769895911216736,0.8362041910489401,0.27352651953697205,0.020793590073784132,0.9848784406979879,1.5379944642384846,0.42915021379788715,0.7380469044049581,0.4235747357209523,0.019562715664505934,0.990947405497233,0.983180046081543,0.2534481386343638,0.22526041666666666,0.3098958333333333,0.3541666666666667,0.4143880208333333,0.4404296875,4000.0,2.51104458173116,2.5106698671976724,226.33302238604298,13.465755864206407,8.868715741141557,1.2605838775634766,1.264911064067352,1.0,0.001,1.0,1.0,128.0,300.0,3.0,4000.0,-1.0,0.0,0.0,0.0,0.0,0.0,0.0,1.0,0.0,10.0,3.250812369223352,63.51714324951172,18.348506927490234,4000.0,0.03557266388284113,0.004749859592922259,0.33457011215966176,0.03573083468003004,0.05097638039560301,0.7800645132969114,0.0188398696068906,0.0565408025717729,0.9090220415567011,0.0,,,,,,0.021861811414895554,0.010342231083135997,0.0,0.0027097400623086938,0.03557266388284113,0.002971009494122114,0.0013986820050092585,0.3905518018415454,0.007963907561443245,0.05097638039560301,0.03573083468003004,0.002876004097522552,0.0014902021434908068,0.1889086286272348,0.01962283364588502,0.0565408025717729,0.014393837938734515,0.002377668636899334,0.0004489464511350518,0.1687703336279048,0.010591803934774073,0.003176956591136578,0.01571881423037118,0.0032511367766012737,0.006182753878002139,0.008802615418613255,0.0,0.0285367145123124,0.02824322345397615,19.321742543122262,0.8380908316197085,0.2849949221615654,0.021861811414895554,0.0,0.0,0.0,0.0,0.0,0.0,0.0,0.0,0.0,0.0,0.0,0.0,0.0,0.0,0.0,0.0,0.0,0.0,0.0,0.0,0.0,0.7948234454124544,0.0,3,3,3,3,3,3,3,3,3,3,0,0,0,0,0,3,3,3,3,3,3,3,3,3,3,3,3,3,3,3,3,3,3,3,3,3,3,3,3,3,3,3,3,3,3,3,3,3,3,3,3,3,3,3,3,3,3,3,3,3,3,3,3,3,3,3,3,3,3,3,3,dfa,cifar10,standardize,mlp,tanh,sigmoid_bce,none
mlp_std_bp,3,0.03829750418663023,0.9660349090894064,70.92878125282037,0.07183906932671859,0.9846442540486654,5.446900627849249,0.21472813685735062,0.9899627963701884,5.155316604927989,0.0,,,,,,1.2605838775634766,1.1896227450913417,3.0,0.9705749154090881,0.03715903932849563,0.0216788481920957,0.9705749154090881,2.8557510375976562,,0.9846442540486654,0.06005805358290667,0.020793590073784132,0.9848784406979879,1.5379944642384846,,0.9906163811683655,0.09663896014293032,0.019562715664505934,0.990947405497233,0.983180046081543,,0.2931315104166667,0.3372395833333333,0.353515625,0.3829752604166667,0.3984375,4000.0,2.6702067852020264,2.6701197624206543,226.33302238604298,13.465755864206407,8.868715741141557,1.2605838775634766,1.264911064067352,1.0,0.001,1.0,1.0,128.0,300.0,3.0,4000.0,-1.0,0.0,0.0,0.0,0.0,0.0,0.0,1.0,0.0,10.0,3.250812369223352,63.51714324951172,18.53179367383321,4000.0,0.0034942835508990637,0.004122056642269344,0.35683186728104677,0.008040202163553828,0.0011712963179813535,0.08529674921512807,0.00257486624440556,0.0003989764150094578,0.18577070305143537,0.0,,,,,,0.021861811414895554,0.022757847209693035,0.0,0.0013986820050092585,0.0035203352528874665,0.002971009494122114,0.0013986820050092585,0.3905518018415454,,0.0011712963179813535,0.007760835177573345,0.002876004097522552,0.0014902021434908068,0.1889086286272348,,0.00043975278080872314,0.008531176238051216,0.002377668636899334,0.0004489464511350518,0.1687703336279048,,0.014861193663624319,0.008116834400906036,0.01220703125,0.012735937603834402,0.00991102691903537,0.0,0.02779910566732201,0.027771611664540247,19.321742543122262,0.8380908316197085,0.2849949221615654,0.021861811414895554,0.0,0.0,0.0,0.0,0.0,0.0,0.0,0.0,0.0,0.0,0.0,0.0,0.0,0.0,0.0,0.0,0.0,0.0,0.0,0.0,0.0,2.326377921572805,0.0,3,3,3,3,3,3,3,3,3,3,0,0,0,0,0,3,3,3,3,3,3,3,3,0,3,3,3,3,3,0,3,3,3,3,3,0,3,3,3,3,3,3,3,3,3,3,3,3,3,3,3,3,3,3,3,3,3,3,3,3,3,3,3,3,3,3,3,3,3,3,3,bp,cifar10,standardize,mlp,tanh,sigmoid_bce,none
