tag,n_runs,maxcos_l1_mean,minp_l1_mean,kappa_l1_mean,maxcos_l2_mean,minp_l2_mean,kappa_l2_mean,maxcos_l3_mean,minp_l3_mean,kappa_l3_mean,steps_cos_gt_0.9_mean,ebar0_mean,ebar_ratio_10_mean,plateau_onset_mean,plateau_band_end_mean,plateau_exit_mean,plateau_duration_mean,plateau_band_acc_mean,maxcos_l4_mean,minp_l4_mean,kappa_l4_mean,maxcos_l5_mean,minp_l5_mean,kappa_l5_mean,maxcos_l6_mean,minp_l6_mean,kappa_l6_mean,n_layers_mean,minp_w300_l1_mean,maxcos_w300_l1_mean,cos0_l1_mean,p0_l1_mean,H0_l1_mean,wa_end_l1_mean,minp_w300_l2_mean,maxcos_w300_l2_mean,cos0_l2_mean,p0_l2_mean,H0_l2_mean,wa_end_l2_mean,minp_w300_l3_mean,maxcos_w300_l3_mean,cos0_l3_mean,p0_l3_mean,H0_l3_mean,wa_end_l3_mean,acc_450_mean,acc_1000_mean,acc_1500_mean,acc_3000_mean,acc_final_mean,step_final_mean,loss_final_mean,loss_min_mean,kappa_cf_l1_mean,kappa_cf_l2_mean,kappa_cf_l3_mean,drive_mean,ebar0_pred_mean,fb_scale_mean,lr_mean,out_lr_mult_mean,hid_lr_mult_mean,batch_mean,width_mean,depth_mean,steps_mean,out_bias_q_mean,freeze_bias_mean,freeze_out_mean,muon_mean,whiten_mean,batchnorm_mean,p0_mean,target_scale_mean,classes_mean,C_mean,prior_loss_mean,xbar2_mean,wall_mean,final_step_mean,minp_w300_l4_mean,maxcos_w300_l4_mean,cos0_l4_mean,p0_l4_mean,H0_l4_mean,wa_end_l4_mean,minp_w300_l5_mean,maxcos_w300_l5_mean,cos0_l5_mean,p0_l5_mean,H0_l5_mean,wa_end_l5_mean,minp_w300_l6_mean,maxcos_w300_l6_mean,cos0_l6_mean,p0_l6_mean,H0_l6_mean,wa_end_l6_mean,kappa_cf_l4_mean,kappa_cf_l5_mean,kappa_cf_l6_mean,maxcos_l1_sd,minp_l1_sd,kappa_l1_sd,maxcos_l2_sd,minp_l2_sd,kappa_l2_sd,maxcos_l3_sd,minp_l3_sd,kappa_l3_sd,steps_cos_gt_0.9_sd,ebar0_sd,ebar_ratio_10_sd,plateau_onset_sd,plateau_band_end_sd,plateau_exit_sd,plateau_duration_sd,plateau_band_acc_sd,maxcos_l4_sd,minp_l4_sd,kappa_l4_sd,maxcos_l5_sd,minp_l5_sd,kappa_l5_sd,maxcos_l6_sd,minp_l6_sd,kappa_l6_sd,n_layers_sd,minp_w300_l1_sd,maxcos_w300_l1_sd,cos0_l1_sd,p0_l1_sd,H0_l1_sd,wa_end_l1_sd,minp_w300_l2_sd,maxcos_w300_l2_sd,cos0_l2_sd,p0_l2_sd,H0_l2_sd,wa_end_l2_sd,minp_w300_l3_sd,maxcos_w300_l3_sd,cos0_l3_sd,p0_l3_sd,H0_l3_sd,wa_end_l3_sd,acc_450_sd,acc_1000_sd,acc_1500_sd,acc_3000_sd,acc_final_sd,step_final_sd,loss_final_sd,loss_min_sd,kappa_cf_l1_sd,kappa_cf_l2_sd,kappa_cf_l3_sd,drive_sd,ebar0_pred_sd,fb_scale_sd,lr_sd,out_lr_mult_sd,hid_lr_mult_sd,batch_sd,width_sd,depth_sd,steps_sd,out_bias_q_sd,freeze_bias_sd,freeze_out_sd,muon_sd,whiten_sd,batchnorm_sd,p0_sd,target_scale_sd,classes_sd,C_sd,prior_loss_sd,xbar2_sd,wall_sd,final_step_sd,minp_w300_l4_sd,maxcos_w300_l4_sd,cos0_l4_sd,p0_l4_sd,H0_l4_sd,wa_end_l4_sd,minp_w300_l5_sd,maxcos_w300_l5_sd,cos0_l5_sd,p0_l5_sd,H0_l5_sd,wa_end_l5_sd,minp_w300_l6_sd,maxcos_w300_l6_sd,cos0_l6_sd,p0_l6_sd,H0_l6_sd,wa_end_l6_sd,kappa_cf_l4_sd,kappa_cf_l5_sd,kappa_cf_l6_sd,maxcos_l1_n,minp_l1_n,kappa_l1_n,maxcos_l2_n,minp_l2_n,kappa_l2_n,maxcos_l3_n,minp_l3_n,kappa_l3_n,steps_cos_gt_0.9_n,ebar0_n,ebar_ratio_10_n,plateau_onset_n,plateau_band_end_n,plateau_exit_n,plateau_duration_n,plateau_band_acc_n,maxcos_l4_n,minp_l4_n,kappa_l4_n,maxcos_l5_n,minp_l5_n,kappa_l5_n,maxcos_l6_n,minp_l6_n,kappa_l6_n,n_layers_n,minp_w300_l1_n,maxcos_w300_l1_n,cos0_l1_n,p0_l1_n,H0_l1_n,wa_end_l1_n,minp_w300_l2_n,maxcos_w300_l2_n,cos0_l2_n,p0_l2_n,H0_l2_n,wa_end_l2_n,minp_w300_l3_n,maxcos_w300_l3_n,cos0_l3_n,p0_l3_n,H0_l3_n,wa_end_l3_n,acc_450_n,acc_1000_n,acc_1500_n,acc_3000_n,acc_final_n,step_final_n,loss_final_n,loss_min_n,kappa_cf_l1_n,kappa_cf_l2_n,kappa_cf_l3_n,drive_n,ebar0_pred_n,fb_scale_n,lr_n,out_lr_mult_n,hid_lr_mult_n,batch_n,width_n,depth_n,steps_n,out_bias_q_n,freeze_bias_n,freeze_out_n,muon_n,whiten_n,batchnorm_n,p0_n,target_scale_n,classes_n,C_n,prior_loss_n,xbar2_n,wall_n,final_step_n,minp_w300_l4_n,maxcos_w300_l4_n,cos0_l4_n,p0_l4_n,H0_l4_n,wa_end_l4_n,minp_w300_l5_n,maxcos_w300_l5_n,cos0_l5_n,p0_l5_n,H0_l5_n,wa_end_l5_n,minp_w300_l6_n,maxcos_w300_l6_n,cos0_l6_n,p0_l6_n,H0_l6_n,wa_end_l6_n,kappa_cf_l4_n,kappa_cf_l5_n,kappa_cf_l6_n,rule,dataset,preprocess,arch,act,head,center
base__aligned,3,0.743349015712738,0.8318747679392496,2.165546758262663,0.7528717319170634,0.7345134218533834,2.7430463487775243,0.772798478603363,0.7726355989774069,3.7215933276723376,0.0,1.2894344727198284,0.23096009620510213,,,,,,,,,,,,,,,3.0,0.9574547410011292,0.5531015793482462,0.38470569252967834,0.9884867072105408,14.038005828857422,0.8311555782953898,0.9136261542638143,0.6545866926511129,0.37960734963417053,0.9928126533826193,11.02204163869222,0.9142057100931803,0.8779220779736837,0.772798478603363,0.3776098887125651,0.9941629767417908,9.087292035420736,0.9963069558143615,0.875,0.8938802083333334,0.9033203125,0.9142252604166666,0.9142252604166666,3000.0,0.6302745739618937,0.6288994948069254,25.489379638648316,10.538669121246059,8.43826772259638,1.2894344727198284,1.264911064067352,1.0,0.001,1.0,1.0,128.0,300.0,3.0,3000.0,-1.0,0.0,0.0,0.0,0.0,0.0,0.0,1.0,0.0,10.0,3.2490788990307586,35.225006103515625,13.25071382522583,3000.0,,,,,,,,,,,,,,,,,,,,,,0.006524158595549572,0.007007703080206815,0.13571021622230298,0.01204424338453891,0.0071240770862634984,0.18052480330914925,0.008951330056430746,0.006817300504212551,0.1600084957024133,0.0,0.05476304985897501,0.04121204947235419,,,,,,,,,,,,,,,0.0,0.0006355282688448135,0.011167653170593034,0.0293509676544497,0.002539809994922193,1.4158406883105061,0.008391704256585465,0.003099281881382502,0.001858169299583776,0.02533094815668091,0.0006364215611277847,0.7681671753344824,0.0012426356577467023,0.007310053349639397,0.008951330056430746,0.020511505173409307,0.0006321758289724897,0.6213559629840015,0.0005861387937174192,0.004809012598533254,0.0007458619295175491,0.00244140625,0.003251136776601282,0.003251136776601282,0.0,0.014008848225017832,0.013940079975076729,1.6381739710841083,0.30309183784331123,0.25772676029856056,0.05476304985897501,0.0,0.0,0.0,0.0,0.0,0.0,0.0,0.0,0.0,0.0,0.0,0.0,0.0,0.0,0.0,0.0,0.0,0.0,0.0,0.0,0.0,0.6212863653903449,0.0,,,,,,,,,,,,,,,,,,,,,,3,3,3,3,3,3,3,3,3,3,3,3,0,0,0,0,0,0,0,0,0,0,0,0,0,0,3,3,3,3,3,3,3,3,3,3,3,3,3,3,3,3,3,3,3,3,3,3,3,3,3,3,3,3,3,3,3,3,3,3,3,3,3,3,3,3,3,3,3,3,3,3,3,3,3,3,3,3,3,3,0,0,0,0,0,0,0,0,0,0,0,0,0,0,0,0,0,0,0,0,0,aligned,mnist,div255,mlp,tanh,sigmoid_bce,none
base__bn,3,0.1660621513923009,0.9834359486897787,29.72012343956968,0.14361200233300522,0.9847494761149088,9.165597662850592,0.12899982929229734,0.9822247624397278,8.211065132418007,0.0,1.2646469672520955,1.1281357494488737,,,,,,,,,,,,,,,3.0,0.9964523911476135,0.06569192061821613,0.0011266997898928333,0.9991780519485474,0.07175917178392403,0.44725800553957623,0.9959498047828674,0.05549904083212214,0.00012917993929781443,0.9994683464368185,0.04254416003823277,0.3375743627548218,0.9956808884938558,0.04958241432905197,-0.00022860927613993381,0.9995875755945841,0.029576481009523033,0.3949253559112548,0.7911783854166666,0.8894856770833334,0.9025065104166666,0.92041015625,0.92041015625,3000.0,0.6712308724721273,0.6712308724721273,244.4183134526057,7.231392368233762,7.034286929753645,1.2646469672520955,1.264911064067352,1.0,0.001,1.0,1.0,128.0,300.0,3.0,3000.0,-1.0,0.0,0.0,0.0,0.0,1.0,0.0,1.0,0.0,10.0,3.2490788990307586,35.225006103515625,15.199556509653727,3000.0,,,,,,,,,,,,,,,,,,,,,,0.0034126779315995968,0.0031381767440930206,0.9338330622823566,0.025085551475647984,0.0015681198872604925,0.18241681219164135,0.003404696705981025,0.000696180227579575,1.5644687595740694,0.0,0.001276179827661148,0.04036627707720127,,,,,,,,,,,,,,,0.0,0.0004674437141084602,0.0035625207518473908,0.0005698748634788871,6.558426122105991e-05,0.003649901979407941,0.009750203971279263,0.0003811370434560934,0.014815524591848137,0.00039132272306712684,6.588447161832796e-05,0.0038338138241006126,0.005382646599753033,0.0005578459949838439,0.005629584247871021,0.0002499469780335822,5.6071478323874885e-05,0.0007612818421493751,0.00648448494578465,0.0040657539052073016,0.005552969436598941,0.0026892434312920563,0.00465790625691868,0.00465790625691868,0.0,0.011141982908199198,0.011141982908199198,0.28265628175953167,0.02177525415542349,0.029201349644393554,0.001276179827661148,0.0,0.0,0.0,0.0,0.0,0.0,0.0,0.0,0.0,0.0,0.0,0.0,0.0,0.0,0.0,0.0,0.0,0.0,0.0,0.0,0.0,1.6360879910962545,0.0,,,,,,,,,,,,,,,,,,,,,,3,3,3,3,3,3,3,3,3,3,3,3,0,0,0,0,0,0,0,0,0,0,0,0,0,0,3,3,3,3,3,3,3,3,3,3,3,3,3,3,3,3,3,3,3,3,3,3,3,3,3,3,3,3,3,3,3,3,3,3,3,3,3,3,3,3,3,3,3,3,3,3,3,3,3,3,3,3,3,3,0,0,0,0,0,0,0,0,0,0,0,0,0,0,0,0,0,0,0,0,0,dfa,mnist,div255,mlp,tanh,sigmoid_bce,none
base__center_delta,3,0.538793702920278,0.6031117041905721,39.57024731866401,0.5236685375372568,0.37113142013549805,88.50962980304485,0.5121883551279703,0.3922446072101593,105.85338842322717,0.0,1.2894344727198284,1.2794198257612235,,,,,,,,,,,,,,,3.0,0.9293078581492106,0.4567378759384155,0.38470569252967834,0.9884867072105408,14.038005828857422,0.20146748920281723,0.8528376817703247,0.4381690224011739,0.37960734963417053,0.9928126533826193,11.02204163869222,0.23687744637330374,0.7315342823664347,0.4256420135498047,0.3776098887125651,0.9941629767417908,9.087292035420736,0.16511734326680497,0.3505859375,0.63330078125,0.7683919270833334,0.8611653645833334,0.8611653645833334,3000.0,1.7587578296661377,1.7587578296661377,25.489379638648316,10.538669121246059,8.43826772259638,1.2894344727198284,1.264911064067352,1.0,0.001,1.0,1.0,128.0,300.0,3.0,3000.0,-1.0,0.0,0.0,0.0,0.0,0.0,0.0,1.0,0.0,10.0,3.2490788990307586,35.225006103515625,14.88987104098002,3000.0,,,,,,,,,,,,,,,,,,,,,,0.03284819841799075,0.02565773042072302,1.2265517405134938,0.036242983142429144,0.012193842387463773,2.1863988979475835,0.04993432538013477,0.07987776822107545,9.846095927255734,0.0,0.05476304985897501,0.034992605747225396,,,,,,,,,,,,,,,0.0,0.017495233671632197,0.021896937675272534,0.0293509676544497,0.002539809994922193,1.4158406883105061,0.021824195778092026,0.08141834349228383,0.06092967229931935,0.02533094815668091,0.0006364215611277847,0.7681671753344824,0.058401483695935515,0.17808616342907338,0.08596830611793371,0.020511505173409307,0.0006321758289724897,0.6213559629840015,0.03015159845209493,0.014898580373430037,0.04736328125,0.050969484113048705,0.011578890893120045,0.011578890893120045,0.0,0.10133016780543745,0.10133016780543745,1.6381739710841083,0.30309183784331123,0.25772676029856056,0.05476304985897501,0.0,0.0,0.0,0.0,0.0,0.0,0.0,0.0,0.0,0.0,0.0,0.0,0.0,0.0,0.0,0.0,0.0,0.0,0.0,0.0,0.0,0.9529722784372221,0.0,,,,,,,,,,,,,,,,,,,,,,3,3,3,3,3,3,3,3,3,3,3,3,0,0,0,0,0,0,0,0,0,0,0,0,0,0,3,3,3,3,3,3,3,3,3,3,3,3,3,3,3,3,3,3,3,3,3,3,3,3,3,3,3,3,3,3,3,3,3,3,3,3,3,3,3,3,3,3,3,3,3,3,3,3,3,3,3,3,3,3,0,0,0,0,0,0,0,0,0,0,0,0,0,0,0,0,0,0,0,0,0,dfa,mnist,div255,mlp,tanh,sigmoid_bce,delta
base__center_e,3,0.38516369462013245,0.9277865290641785,70.58751728431062,0.38102563222249347,0.7940152088801066,31.615316562523144,0.37911953528722125,0.6791125734647115,43.36706941650806,0.0,1.2894344727198284,1.2803612715664892,,,,,,,,,,,,,,,3.0,0.9882424275080363,0.38516369462013245,0.38470569252967834,0.9884867072105408,14.038005828857422,0.47660255432128906,0.973690410455068,0.38102563222249347,0.37960734963417053,0.9928126533826193,11.02204163869222,0.36849645773569745,0.942045251528422,0.37911953528722125,0.3776098887125651,0.9941629767417908,9.087292035420736,0.21712619562943772,0.6129557291666666,0.76220703125,0.82275390625,0.8855794270833334,0.8855794270833334,3000.0,2.0356425444285073,2.0356425444285073,25.489379638648316,10.538669121246059,8.43826772259638,1.2894344727198284,1.264911064067352,1.0,0.001,1.0,1.0,128.0,300.0,3.0,3000.0,-1.0,0.0,0.0,0.0,0.0,0.0,0.0,1.0,0.0,10.0,3.2490788990307586,35.225006103515625,13.155093113581339,3000.0,,,,,,,,,,,,,,,,,,,,,,0.02894400020703401,0.012722939381127828,1.5434030421155183,0.024978808637957317,0.06526669478251095,3.3867379800828807,0.021311224737351406,0.1326736002971962,10.1804111485259,0.0,0.05476304985897501,0.03836114401997183,,,,,,,,,,,,,,,0.0,0.0023092807427281497,0.02894400020703401,0.0293509676544497,0.002539809994922193,1.4158406883105061,0.04716854536857033,0.002783974774368601,0.024978808637957317,0.02533094815668091,0.0006364215611277847,0.7681671753344824,0.01986713659368266,0.010682736198522022,0.021311224737351406,0.020511505173409307,0.0006321758289724897,0.6213559629840015,0.012439623943393647,0.05059624251536053,0.018315429036631886,0.015799501647815857,0.0020328769526036343,0.0020328769526036343,0.0,0.08929414758888246,0.08929414758888246,1.6381739710841083,0.30309183784331123,0.25772676029856056,0.05476304985897501,0.0,0.0,0.0,0.0,0.0,0.0,0.0,0.0,0.0,0.0,0.0,0.0,0.0,0.0,0.0,0.0,0.0,0.0,0.0,0.0,0.0,0.576946434981052,0.0,,,,,,,,,,,,,,,,,,,,,,3,3,3,3,3,3,3,3,3,3,3,3,0,0,0,0,0,0,0,0,0,0,0,0,0,0,3,3,3,3,3,3,3,3,3,3,3,3,3,3,3,3,3,3,3,3,3,3,3,3,3,3,3,3,3,3,3,3,3,3,3,3,3,3,3,3,3,3,3,3,3,3,3,3,3,3,3,3,3,3,0,0,0,0,0,0,0,0,0,0,0,0,0,0,0,0,0,0,0,0,0,dfa,mnist,div255,mlp,tanh,sigmoid_bce,e
base__center_outlr10,3,0.38525617122650146,0.9524461030960083,20.599978123439247,0.3811390201250712,0.7650157411893209,10.49959476683213,0.3950790464878082,0.5244898895422617,16.98801918365713,0.0,1.2894344727198284,1.0342649049649297,,,,,,,,,,,,,,,3.0,0.9873486161231995,0.38525617122650146,0.38470569252967834,0.9884867072105408,14.038005828857422,0.4076469838619232,0.9847390254338583,0.3811390201250712,0.37960734963417053,0.9928126533826193,11.02204163869222,0.3318931559721629,0.9757987062136332,0.37935590744018555,0.3776098887125651,0.9941629767417908,9.087292035420736,0.30025649070739746,0.8181966145833334,0.84521484375,0.8717447916666666,0.9015299479166666,0.9015299479166666,3000.0,0.8500177264213562,0.8500177264213562,2.5489379638648315,1.053866912124606,0.8438267722596381,1.2894344727198284,1.264911064067352,1.0,0.001,10.0,1.0,128.0,300.0,3.0,3000.0,-1.0,0.0,0.0,0.0,0.0,0.0,0.0,1.0,0.0,10.0,3.2490788990307586,35.225006103515625,13.260042905807495,3000.0,,,,,,,,,,,,,,,,,,,,,,0.029044569029105273,0.012179682073483458,0.7248237819535268,0.025388679321938234,0.05943702046256361,0.9618551195725847,0.005419045137986521,0.08803836237530606,4.736812265766694,0.0,0.05476304985897501,0.03245379857274262,,,,,,,,,,,,,,,0.0,0.0016516572997994242,0.029044569029105273,0.0293509676544497,0.002539809994922193,1.4158406883105061,0.017240828652920825,0.003802113338046527,0.025388679321938234,0.02533094815668091,0.0006364215611277847,0.7681671753344824,0.008342631233941324,0.011346542769133992,0.021911310787221788,0.020511505173409307,0.0006321758289724897,0.6213559629840015,0.002223075301563213,0.003251136776601278,0.002237585788552656,0.0002819093111277389,0.002408634210115371,0.002408634210115371,0.0,0.021248499580043025,0.021248499580043025,0.16381739710841117,0.030309183784330968,0.025772676029856025,0.05476304985897501,0.0,0.0,0.0,0.0,0.0,0.0,0.0,0.0,0.0,0.0,0.0,0.0,0.0,0.0,0.0,0.0,0.0,0.0,0.0,0.0,0.0,0.3987902866641737,0.0,,,,,,,,,,,,,,,,,,,,,,3,3,3,3,3,3,3,3,3,3,3,3,0,0,0,0,0,0,0,0,0,0,0,0,0,0,3,3,3,3,3,3,3,3,3,3,3,3,3,3,3,3,3,3,3,3,3,3,3,3,3,3,3,3,3,3,3,3,3,3,3,3,3,3,3,3,3,3,3,3,3,3,3,3,3,3,3,3,3,3,0,0,0,0,0,0,0,0,0,0,0,0,0,0,0,0,0,0,0,0,0,dfa,mnist,div255,mlp,tanh,sigmoid_bce,e
base__center_priorbias,3,0.38510505358378083,0.9685293436050415,2.800871591707356,0.38071562846501666,0.946714460849762,1.2015449974459014,0.3786376317342122,0.9229332804679871,1.035135141059779,0.0,0.08082893118262287,0.08511214671860971,5.0,135.0,295.0,290.0,0.09991618273729946,,,,,,,,,,3.0,0.9883367816607157,0.38510505358378083,0.38470569252967834,0.9884867072105408,14.038005828857422,0.6055711905161539,0.9748843908309937,0.38071562846501666,0.37960734963417053,0.9928126533826193,11.02204163869222,0.4405513405799866,0.9465031623840332,0.3786376317342122,0.3776098887125651,0.9941629767417908,9.087292035420736,0.24948412179946897,0.5701497395833334,0.8291015625,0.8753255208333334,0.9026692708333334,0.9026692708333334,3000.0,0.96123073498408,0.96123073498408,1.570215738014543,0.661982848479968,0.528852336649924,0.08082893118262287,1.264911064067352,1.0,0.001,1.0,1.0,128.0,300.0,3.0,3000.0,0.10000000000000002,0.0,0.0,0.0,0.0,0.0,0.0,1.0,0.0,10.0,3.2490788990307586,35.225006103515625,14.380418300628662,3000.0,,,,,,,,,,,,,,,,,,,,,,0.02878920945257223,0.0010970598483983518,2.9575247494004007,0.02459058371195928,0.0050586514651599895,1.1978165241501693,0.020667543914498723,0.003797555426904507,1.043332070307473,0.0,0.034558545625517266,0.035073970699489296,7.0710678118654755,49.49747468305833,21.213203435596427,28.284271247461902,0.027689673497698686,,,,,,,,,,0.0,0.0023336219296705577,0.02878920945257223,0.0293509676544497,0.002539809994922193,1.4158406883105061,0.00951934179767682,0.0002588503730434452,0.02459058371195928,0.02533094815668091,0.0006364215611277847,0.7681671753344824,0.0038922297752114064,0.004933764311659897,0.020667543914498723,0.020511505173409307,0.0006321758289724897,0.6213559629840015,0.010250330285144495,0.05221033506622865,0.009728934982993787,0.0033236617605244254,0.0014095465556387427,0.0014095465556387427,0.0,0.02587248381068349,0.02587248381068349,0.607661133762744,0.2828991742441039,0.22472689040435942,0.034558545625517266,0.0,0.0,0.0,0.0,0.0,0.0,0.0,0.0,0.0,0.0,0.0,0.0,0.0,0.0,0.0,0.0,0.0,0.0,0.0,0.0,0.0,2.417387990371045,0.0,,,,,,,,,,,,,,,,,,,,,,3,3,3,3,3,3,3,3,3,3,3,3,2,2,2,2,2,0,0,0,0,0,0,0,0,0,3,3,3,3,3,3,3,3,3,3,3,3,3,3,3,3,3,3,3,3,3,3,3,3,3,3,3,3,3,3,3,3,3,3,3,3,3,3,3,3,3,3,3,3,3,3,3,3,3,3,3,3,3,3,0,0,0,0,0,0,0,0,0,0,0,0,0,0,0,0,0,0,0,0,0,dfa,mnist,div255,mlp,tanh,sigmoid_bce,e
base__gated,3,0.38516369462013245,0.9277865290641785,70.58751728431062,0.38102563222249347,0.7940152088801066,31.615316562523144,0.37911953528722125,0.6791125734647115,43.36706941650806,0.0,1.2894344727198284,1.2803612715664892,,,,,,,,,,,,,,,3.0,0.9882424275080363,0.38516369462013245,0.38470569252967834,0.9884867072105408,14.038005828857422,0.47660255432128906,0.973690410455068,0.38102563222249347,0.37960734963417053,0.9928126533826193,11.02204163869222,0.36849645773569745,0.942045251528422,0.37911953528722125,0.3776098887125651,0.9941629767417908,9.087292035420736,0.21712619562943772,0.6129557291666666,0.76220703125,0.82275390625,0.8855794270833334,0.8855794270833334,3000.0,2.0356425444285073,2.0356425444285073,25.489379638648316,10.538669121246059,8.43826772259638,1.2894344727198284,1.264911064067352,1.0,0.001,1.0,1.0,128.0,300.0,3.0,3000.0,-1.0,0.0,0.0,0.0,0.0,0.0,0.0,1.0,0.0,10.0,3.2490788990307586,35.225006103515625,13.234886089960733,3000.0,,,,,,,,,,,,,,,,,,,,,,0.02894400020703401,0.012722939381127828,1.5434030421155183,0.024978808637957317,0.06526669478251095,3.3867379800828807,0.021311224737351406,0.1326736002971962,10.1804111485259,0.0,0.05476304985897501,0.03836114401997183,,,,,,,,,,,,,,,0.0,0.0023092807427281497,0.02894400020703401,0.0293509676544497,0.002539809994922193,1.4158406883105061,0.04716854536857033,0.002783974774368601,0.024978808637957317,0.02533094815668091,0.0006364215611277847,0.7681671753344824,0.01986713659368266,0.010682736198522022,0.021311224737351406,0.020511505173409307,0.0006321758289724897,0.6213559629840015,0.012439623943393647,0.05059624251536053,0.018315429036631886,0.015799501647815857,0.0020328769526036343,0.0020328769526036343,0.0,0.08929414758888246,0.08929414758888246,1.6381739710841083,0.30309183784331123,0.25772676029856056,0.05476304985897501,0.0,0.0,0.0,0.0,0.0,0.0,0.0,0.0,0.0,0.0,0.0,0.0,0.0,0.0,0.0,0.0,0.0,0.0,0.0,0.0,0.0,0.04245820751262631,0.0,,,,,,,,,,,,,,,,,,,,,,3,3,3,3,3,3,3,3,3,3,3,3,0,0,0,0,0,0,0,0,0,0,0,0,0,0,3,3,3,3,3,3,3,3,3,3,3,3,3,3,3,3,3,3,3,3,3,3,3,3,3,3,3,3,3,3,3,3,3,3,3,3,3,3,3,3,3,3,3,3,3,3,3,3,3,3,3,3,3,3,0,0,0,0,0,0,0,0,0,0,0,0,0,0,0,0,0,0,0,0,0,dfa,mnist,div255,mlp,tanh,sigmoid_bce,gated
base__muon,3,0.6168899337450663,0.8570066094398499,10.601414893433883,0.6973366936047872,0.8566479086875916,12.87787315452978,0.7484582662582397,0.8484000960985819,13.937789110121825,0.0,1.2894344727198284,1.284617758802359,,,,,,,,,,,,,,,3.0,0.9250394304593405,0.6168899337450663,0.38470569252967834,0.9884867072105408,14.038005828857422,0.5926425258318583,0.8859735727310181,0.6973366936047872,0.37960734963417053,0.9928126533826193,11.02204163869222,0.48415013154347736,0.8484000960985819,0.7484582662582397,0.3776098887125651,0.9941629767417908,9.087292035420736,0.37066846092542005,0.533203125,0.8206380208333334,0.86962890625,0.9026692708333334,0.9026692708333334,3000.0,0.7690626382827759,0.7690626382827759,25.489379638648316,10.538669121246059,8.43826772259638,1.2894344727198284,1.264911064067352,1.0,0.001,1.0,1.0,128.0,300.0,3.0,3000.0,-1.0,0.0,0.0,1.0,0.0,0.0,0.0,1.0,0.0,10.0,3.2490788990307586,35.225006103515625,16.638872782389324,3000.0,,,,,,,,,,,,,,,,,,,,,,0.01006418818149757,0.005940322335644618,0.3318612824318007,0.014765039752882432,0.009297725782194389,0.4710131698209474,0.010214736468591008,0.026014698143240395,1.417789481571559,0.0,0.05476304985897501,0.06117961579840349,,,,,,,,,,,,,,,0.0,0.005066602691891885,0.01006418818149757,0.0293509676544497,0.002539809994922193,1.4158406883105061,0.005319264575995034,0.012658912216129877,0.014765039752882432,0.02533094815668091,0.0006364215611277847,0.7681671753344824,0.010892204377604749,0.026014698143240395,0.010214736468591008,0.020511505173409307,0.0006321758289724897,0.6213559629840015,0.011342193942169836,0.052040336663156286,0.010350334046604574,0.003521046167445302,0.0020328769526036608,0.0020328769526036608,0.0,0.025941359242230053,0.025941359242230053,1.6381739710841083,0.30309183784331123,0.25772676029856056,0.05476304985897501,0.0,0.0,0.0,0.0,0.0,0.0,0.0,0.0,0.0,0.0,0.0,0.0,0.0,0.0,0.0,0.0,0.0,0.0,0.0,0.0,0.0,0.10940471371892133,0.0,,,,,,,,,,,,,,,,,,,,,,3,3,3,3,3,3,3,3,3,3,3,3,0,0,0,0,0,0,0,0,0,0,0,0,0,0,3,3,3,3,3,3,3,3,3,3,3,3,3,3,3,3,3,3,3,3,3,3,3,3,3,3,3,3,3,3,3,3,3,3,3,3,3,3,3,3,3,3,3,3,3,3,3,3,3,3,3,3,3,3,0,0,0,0,0,0,0,0,0,0,0,0,0,0,0,0,0,0,0,0,0,dfa,mnist,div255,mlp,tanh,sigmoid_bce,none
base__none,3,0.8998117645581564,0.7091759443283081,6.20732471939161,0.9872529705365499,0.3518264393011729,11.813231993434515,0.9984173774719238,0.21430594722429908,15.993801812160234,326.6666666666667,1.2894344727198284,1.2851716267654625,96.66666666666667,273.3333333333333,536.6666666666666,440.0,0.10075160716082932,,,,,,,,,,3.0,0.7091759443283081,0.8998117645581564,0.38470569252967834,0.9884867072105408,14.038005828857422,0.6248065034548441,0.3518264393011729,0.9872529705365499,0.37960734963417053,0.9928126533826193,11.02204163869222,0.509984036286672,0.21430594722429908,0.9984173774719238,0.3776098887125651,0.9941629767417908,9.087292035420736,0.3239807188510895,0.2508138020833333,0.7569986979166666,0.8507486979166666,0.9021809895833334,0.9021809895833334,3000.0,0.746625562508901,0.746625562508901,25.489379638648316,10.538669121246059,8.43826772259638,1.2894344727198284,1.264911064067352,1.0,0.001,1.0,1.0,128.0,300.0,3.0,3000.0,-1.0,0.0,0.0,0.0,0.0,0.0,0.0,1.0,0.0,10.0,3.2490788990307586,35.225006103515625,13.79393450419108,3000.0,,,,,,,,,,,,,,,,,,,,,,0.005037853080859471,0.016544035321137157,0.13714611935199778,0.0019771924293693717,0.052625465176484205,0.2909728756709315,0.0004329530125721667,0.0190616784351525,2.294472198327323,28.867513459481295,0.05476304985897501,0.1391721158267126,5.773502691896256,35.118845842842454,47.25815626252607,45.8257569495584,0.01883171717313569,,,,,,,,,,0.0,0.016544035321137157,0.005037853080859471,0.0293509676544497,0.002539809994922193,1.4158406883105061,0.00873428465213325,0.052625465176484205,0.0019771924293693717,0.02533094815668091,0.0006364215611277847,0.7681671753344824,0.011179968059108,0.0190616784351525,0.0004329530125721667,0.020511505173409307,0.0006321758289724897,0.6213559629840015,0.011542272562271716,0.06811888034410366,0.021363815980767354,0.005701262984419591,0.004792458289171683,0.004792458289171683,0.0,0.015237254209623715,0.015237254209623715,1.6381739710841083,0.30309183784331123,0.25772676029856056,0.05476304985897501,0.0,0.0,0.0,0.0,0.0,0.0,0.0,0.0,0.0,0.0,0.0,0.0,0.0,0.0,0.0,0.0,0.0,0.0,0.0,0.0,0.0,0.606142699510791,0.0,,,,,,,,,,,,,,,,,,,,,,3,3,3,3,3,3,3,3,3,3,3,3,3,3,3,3,3,0,0,0,0,0,0,0,0,0,3,3,3,3,3,3,3,3,3,3,3,3,3,3,3,3,3,3,3,3,3,3,3,3,3,3,3,3,3,3,3,3,3,3,3,3,3,3,3,3,3,3,3,3,3,3,3,3,3,3,3,3,3,3,0,0,0,0,0,0,0,0,0,0,0,0,0,0,0,0,0,0,0,0,0,dfa,mnist,div255,mlp,tanh,sigmoid_bce,none
base__outlr10,3,0.7309809525807699,0.8978925943374634,1.9090681736554276,0.8543804486592611,0.8614101012547811,2.02985499980574,0.9251784483591715,0.8167015711466471,2.2645709530974023,70.0,1.2894344727198284,0.8317787834963579,,,,,,,,,,,,,,,3.0,0.916207512219747,0.7309809525807699,0.38470569252967834,0.9884867072105408,14.038005828857422,0.5719138979911804,0.8645550409952799,0.8543804486592611,0.37960734963417053,0.9928126533826193,11.02204163869222,0.500648707151413,0.8167015711466471,0.9251784483591715,0.3776098887125651,0.9941629767417908,9.087292035420736,0.4967329402764638,0.8028971354166666,0.8802083333333334,0.896484375,0.916015625,0.916015625,3000.0,0.5778293410936991,0.5768387317657471,2.5489379638648315,1.053866912124606,0.8438267722596381,1.2894344727198284,1.264911064067352,1.0,0.001,10.0,1.0,128.0,300.0,3.0,3000.0,-1.0,0.0,0.0,0.0,0.0,0.0,0.0,1.0,0.0,10.0,3.2490788990307586,35.225006103515625,13.47501540184021,3000.0,,,,,,,,,,,,,,,,,,,,,,0.004917255311203754,0.010616185602249407,0.053943004518983984,0.01615431907564738,0.01522056694200217,0.18632094815754396,0.011009234971871383,0.031051121738620766,0.05695316325844376,17.320508075688775,0.05476304985897501,0.07782705857555192,,,,,,,,,,,,,,,0.0,0.002891671893265543,0.004917255311203754,0.0293509676544497,0.002539809994922193,1.4158406883105061,0.005057408244316162,0.01791047392229401,0.01615431907564738,0.02533094815668091,0.0006364215611277847,0.7681671753344824,0.0036823855038110027,0.031051121738620766,0.011009234971871383,0.020511505173409307,0.0006321758289724897,0.6213559629840015,0.0031492969140326033,0.012062951799275884,0.005175167023302279,0.005144362184010126,0.00465790625691868,0.00465790625691868,0.0,0.025658312663523707,0.025464801464090258,0.16381739710841117,0.030309183784330968,0.025772676029856025,0.05476304985897501,0.0,0.0,0.0,0.0,0.0,0.0,0.0,0.0,0.0,0.0,0.0,0.0,0.0,0.0,0.0,0.0,0.0,0.0,0.0,0.0,0.0,0.5712415351935366,0.0,,,,,,,,,,,,,,,,,,,,,,3,3,3,3,3,3,3,3,3,3,3,3,0,0,0,0,0,0,0,0,0,0,0,0,0,0,3,3,3,3,3,3,3,3,3,3,3,3,3,3,3,3,3,3,3,3,3,3,3,3,3,3,3,3,3,3,3,3,3,3,3,3,3,3,3,3,3,3,3,3,3,3,3,3,3,3,3,3,3,3,0,0,0,0,0,0,0,0,0,0,0,0,0,0,0,0,0,0,0,0,0,dfa,mnist,div255,mlp,tanh,sigmoid_bce,none
base__priorbias,3,0.6283202370007833,0.8368552923202515,1.2041507915397436,0.5639129281044006,0.8329365253448486,1.7445715614888313,0.5811221698919932,0.8267027735710144,1.7678191088908786,30.0,0.08082893118262287,0.0906929124435602,56.666666666666664,153.33333333333334,310.0,253.33333333333334,0.10547553168402778,,,,,,,,,,3.0,0.9462712407112122,0.5224273105462393,0.38470569252967834,0.9884867072105408,14.038005828857422,0.6630917191505432,0.9061808188756307,0.5639129281044006,0.37960734963417053,0.9928126533826193,11.02204163869222,0.5402837594350179,0.8545350432395935,0.5811221698919932,0.3776098887125651,0.9941629767417908,9.087292035420736,0.31477678815523785,0.5598958333333334,0.8255208333333334,0.8689778645833334,0.9036458333333334,0.9036458333333334,3000.0,0.7199331919352213,0.7199331919352213,1.570215738014543,0.661982848479968,0.528852336649924,0.08082893118262287,1.264911064067352,1.0,0.001,1.0,1.0,128.0,300.0,3.0,3000.0,0.10000000000000002,0.0,0.0,0.0,0.0,0.0,0.0,1.0,0.0,10.0,3.2490788990307586,35.225006103515625,12.69103201230367,3000.0,,,,,,,,,,,,,,,,,,,,,,0.08893952299179689,0.010103284392763747,1.317687456375966,0.2611102978903103,0.044294900764920625,1.682098933902587,0.3098628372291623,0.11652070754616911,1.989218252883059,51.96152422706632,0.034558545625517266,0.041458177375530446,81.44527815247078,58.59465277082315,26.457513110645905,70.23769168568492,0.018021540257351913,,,,,,,,,,0.0,0.051354624813869085,0.18320288869506532,0.0293509676544497,0.002539809994922193,1.4158406883105061,0.002746243847849848,0.10777948739110804,0.2611102978903103,0.02533094815668091,0.0006364215611277847,0.7681671753344824,0.004844214034976631,0.14099259954986873,0.3098628372291623,0.020511505173409307,0.0006321758289724897,0.6213559629840015,0.009979476867392742,0.033696123612981674,0.007569671845204092,0.00826239592870901,0.0029432196158894913,0.0029432196158894913,0.0,0.01968615991060555,0.01968615991060555,0.607661133762744,0.2828991742441039,0.22472689040435942,0.034558545625517266,0.0,0.0,0.0,0.0,0.0,0.0,0.0,0.0,0.0,0.0,0.0,0.0,0.0,0.0,0.0,0.0,0.0,0.0,0.0,0.0,0.0,0.06690556043689615,0.0,,,,,,,,,,,,,,,,,,,,,,3,3,3,3,3,3,3,3,3,3,3,3,3,3,3,3,3,0,0,0,0,0,0,0,0,0,3,3,3,3,3,3,3,3,3,3,3,3,3,3,3,3,3,3,3,3,3,3,3,3,3,3,3,3,3,3,3,3,3,3,3,3,3,3,3,3,3,3,3,3,3,3,3,3,3,3,3,3,3,3,0,0,0,0,0,0,0,0,0,0,0,0,0,0,0,0,0,0,0,0,0,dfa,mnist,div255,mlp,tanh,sigmoid_bce,none
base__whiten,3,0.8349445660909017,0.6821007132530212,7.0316082236520385,0.9427107572555542,0.5159076750278473,5.830491346359736,0.9731001853942872,0.4483213226000468,6.876225372359616,2760.0,1.2894344727198284,1.2753716937135442,290.0,556.6666666666666,1890.0,1600.0,0.11313543252814691,,,,,,,,,,3.0,0.877815842628479,0.737197478612264,0.38470569252967834,0.9884867072105408,14.038005828857422,0.2054035862286885,0.8220579624176025,0.8673058152198792,0.37960734963417053,0.9928126533826193,11.02204163869222,0.15403031309445697,0.7793932755788168,0.9357954462369283,0.3776098887125651,0.9941629767417908,9.087292035420736,0.11450150609016413,0.1279296875,0.23111979166666666,0.3533528645833333,0.5817057291666666,0.5817057291666666,3000.0,2.397101402282715,2.397101402282715,25.489379638648316,10.538669121246059,8.43826772259638,1.2894344727198284,1.264911064067352,1.0,0.001,1.0,1.0,128.0,300.0,3.0,3000.0,-1.0,0.0,0.0,0.0,1.0,0.0,0.0,1.0,0.0,10.0,3.2490788990307586,35.225006103515625,23.98231776555379,3000.0,,,,,,,,,,,,,,,,,,,,,,0.008218939580541124,0.00651080546128369,0.7203285250060428,0.004364334220274376,0.028874177911620967,0.2935521659717354,0.0012897260350034794,0.01327379530063502,0.4946038877210953,70.0,0.05476304985897501,0.03318869838141849,40.0,178.97858344878398,70.0,104.4030650891055,0.01739499191159855,,,,,,,,,,0.0,0.012318911403882422,0.005502562939250146,0.0293509676544497,0.002539809994922193,1.4158406883105061,0.0173292562944272,0.026521267678056067,0.01745186485140338,0.02533094815668091,0.0006364215611277847,0.7681671753344824,0.006521671615173585,0.035848484124858616,0.008857924266435424,0.020511505173409307,0.0006321758289724897,0.6213559629840015,0.01219795253382852,0.06571148214816341,0.06371337536689532,0.0654321167148554,0.044027520040940335,0.044027520040940335,0.0,0.05076462570292201,0.05076462570292201,1.6381739710841083,0.30309183784331123,0.25772676029856056,0.05476304985897501,0.0,0.0,0.0,0.0,0.0,0.0,0.0,0.0,0.0,0.0,0.0,0.0,0.0,0.0,0.0,0.0,0.0,0.0,0.0,0.0,0.0,1.3476202607821395,0.0,,,,,,,,,,,,,,,,,,,,,,3,3,3,3,3,3,3,3,3,3,3,3,3,3,3,3,3,0,0,0,0,0,0,0,0,0,3,3,3,3,3,3,3,3,3,3,3,3,3,3,3,3,3,3,3,3,3,3,3,3,3,3,3,3,3,3,3,3,3,3,3,3,3,3,3,3,3,3,3,3,3,3,3,3,3,3,3,3,3,3,0,0,0,0,0,0,0,0,0,0,0,0,0,0,0,0,0,0,0,0,0,dfa,mnist,div255,mlp,tanh,sigmoid_bce,none
base__whiten_lam0.3,3,0.7903346419334412,0.7196673353513082,6.628114995447462,0.9136608044306437,0.5475701689720154,6.068226832642762,0.9528011878331503,0.49416646361351013,7.952053319622842,1083.3333333333333,1.2894344727198284,1.2760928266799418,263.3333333333333,410.0,1150.0,886.6666666666666,0.13073714068797582,,,,,,,,,,3.0,0.8722639878590902,0.743920644124349,0.38470569252967834,0.9884867072105408,14.038005828857422,0.3180620074272156,0.7875672976175944,0.884864608446757,0.37960734963417053,0.9928126533826193,11.02204163869222,0.24537469943364457,0.7282811999320984,0.9457187255223594,0.3776098887125651,0.9941629767417908,9.087292035420736,0.17626269658406568,0.20963541666666666,0.3566080729166667,0.4874674479166667,0.7125651041666666,0.7125651041666666,3000.0,1.757155458132426,1.757155458132426,25.489379638648316,10.538669121246059,8.43826772259638,1.2894344727198284,1.264911064067352,1.0,0.001,1.0,1.0,128.0,300.0,3.0,3000.0,-1.0,0.0,0.0,0.0,1.0,0.0,0.0,1.0,0.0,10.0,3.2490788990307586,35.225006103515625,23.98059908548991,3000.0,,,,,,,,,,,,,,,,,,,,,,0.009532420288958956,0.008805872308190446,0.5191386669850184,0.01382827423311644,0.03368725487962867,0.5292334098044552,0.005422179868084589,0.008314288058698573,0.3575751817918879,66.58328118479396,0.05476304985897501,0.034803918838607666,20.81665999466132,127.67145334803705,79.37253933193772,80.20806277010642,0.02063140242271787,,,,,,,,,,0.0,0.017361783693469784,0.01993864174918582,0.0293509676544497,0.002539809994922193,1.4158406883105061,0.002025322214816654,0.037533176517827845,0.016207788674631993,0.02533094815668091,0.0006364215611277847,0.7681671753344824,0.013729205849711818,0.01515090559047961,0.006838474308598393,0.020511505173409307,0.0006321758289724897,0.6213559629840015,0.012225991955598411,0.07842552873868756,0.0446912956848813,0.03166809145750455,0.0045105489780439675,0.0045105489780439675,0.0,0.026361624628537778,0.026361624628537778,1.6381739710841083,0.30309183784331123,0.25772676029856056,0.05476304985897501,0.0,0.0,0.0,0.0,0.0,0.0,0.0,0.0,0.0,0.0,0.0,0.0,0.0,0.0,0.0,0.0,0.0,0.0,0.0,0.0,0.0,1.8442598126829621,0.0,,,,,,,,,,,,,,,,,,,,,,3,3,3,3,3,3,3,3,3,3,3,3,3,3,3,3,3,0,0,0,0,0,0,0,0,0,3,3,3,3,3,3,3,3,3,3,3,3,3,3,3,3,3,3,3,3,3,3,3,3,3,3,3,3,3,3,3,3,3,3,3,3,3,3,3,3,3,3,3,3,3,3,3,3,3,3,3,3,3,3,0,0,0,0,0,0,0,0,0,0,0,0,0,0,0,0,0,0,0,0,0,dfa,mnist,div255,mlp,tanh,sigmoid_bce,none
base__whiten_lam1.0,3,0.7261591951052347,0.7527273495992025,6.832502450712684,0.8721770246823629,0.5960966149965922,7.395557074691429,0.9455546339352926,0.5370324452718099,9.955085088136402,346.6666666666667,1.2894344727198284,1.2770031428019628,226.66666666666666,436.6666666666667,676.6666666666666,450.0,0.10510240988756614,,,,,,,,,,3.0,0.8747804562250773,0.7248601913452148,0.38470569252967834,0.9884867072105408,14.038005828857422,0.408140887816747,0.7665519913037618,0.8721770246823629,0.37960734963417053,0.9928126533826193,11.02204163869222,0.3352084457874298,0.6706284085909525,0.9455546339352926,0.3776098887125651,0.9941629767417908,9.087292035420736,0.2360334197680155,0.18473307291666666,0.5353190104166666,0.666015625,0.8191731770833334,0.8191731770833334,3000.0,1.2735884189605713,1.2735884189605713,25.489379638648316,10.538669121246059,8.43826772259638,1.2894344727198284,1.264911064067352,1.0,0.001,1.0,1.0,128.0,300.0,3.0,3000.0,-1.0,0.0,0.0,0.0,1.0,0.0,0.0,1.0,0.0,10.0,3.2490788990307586,35.225006103515625,23.80467677116394,3000.0,,,,,,,,,,,,,,,,,,,,,,0.018362559717304938,0.018550008407074145,0.8234185004771007,0.013146711002667408,0.01869585244163752,0.6133157828776122,0.006034748494327038,0.022082104140155146,0.8189678620710736,40.4145188432738,0.05476304985897501,0.038092930210305624,37.85938897200182,45.09249752822895,25.166114784235834,60.8276253029822,0.0238868884153308,,,,,,,,,,0.0,0.015344103955761367,0.019264807349632505,0.0293509676544497,0.002539809994922193,1.4158406883105061,0.010382519677227925,0.02747149357713184,0.013146711002667408,0.02533094815668091,0.0006364215611277847,0.7681671753344824,0.015705965069415975,0.01326454344211557,0.006034748494327038,0.020511505173409307,0.0006321758289724897,0.6213559629840015,0.001342102356758714,0.05653177962117454,0.03729309647587759,0.009753410329803798,0.005866152763977911,0.005866152763977911,0.0,0.04690266434858455,0.04690266434858455,1.6381739710841083,0.30309183784331123,0.25772676029856056,0.05476304985897501,0.0,0.0,0.0,0.0,0.0,0.0,0.0,0.0,0.0,0.0,0.0,0.0,0.0,0.0,0.0,0.0,0.0,0.0,0.0,0.0,0.0,3.6966005477264563,0.0,,,,,,,,,,,,,,,,,,,,,,3,3,3,3,3,3,3,3,3,3,3,3,3,3,3,3,3,0,0,0,0,0,0,0,0,0,3,3,3,3,3,3,3,3,3,3,3,3,3,3,3,3,3,3,3,3,3,3,3,3,3,3,3,3,3,3,3,3,3,3,3,3,3,3,3,3,3,3,3,3,3,3,3,3,3,3,3,3,3,3,0,0,0,0,0,0,0,0,0,0,0,0,0,0,0,0,0,0,0,0,0,dfa,mnist,div255,mlp,tanh,sigmoid_bce,none
base__whiten_lam10.0,3,0.7452252308527628,0.8145247499148051,8.63992880390208,0.8903167645136515,0.7503320177396139,11.953804210824446,0.9576817750930786,0.6605879267056783,14.965647185280739,120.0,1.2894344727198284,1.286178213852879,180.0,230.0,400.0,220.0,0.10978190104166667,,,,,,,,,,3.0,0.8707751035690308,0.7452252308527628,0.38470569252967834,0.9884867072105408,14.038005828857422,0.5757333636283875,0.7679433623949686,0.8903167645136515,0.37960734963417053,0.9928126533826193,11.02204163869222,0.485304723183314,0.6605879267056783,0.9576817750930786,0.3776098887125651,0.9941629767417908,9.087292035420736,0.31735264261563617,0.4332682291666667,0.7692057291666666,0.8328450520833334,0.8929036458333334,0.8929036458333334,3000.0,0.7942672769228617,0.7942672769228617,25.489379638648316,10.538669121246059,8.43826772259638,1.2894344727198284,1.264911064067352,1.0,0.001,1.0,1.0,128.0,300.0,3.0,3000.0,-1.0,0.0,0.0,0.0,1.0,0.0,0.0,1.0,0.0,10.0,3.2490788990307586,35.225006103515625,23.736349662144978,3000.0,,,,,,,,,,,,,,,,,,,,,,0.006867892198109175,0.020340054690625997,0.24943051102269687,0.013923314687275288,0.019241927376891378,0.6086366720184839,0.010266701403808117,0.03839073229931465,1.5476623232341005,20.0,0.05476304985897501,0.05895781980898644,,,,,,,,,,,,,,,0.0,0.01455009331934521,0.006867892198109175,0.0293509676544497,0.002539809994922193,1.4158406883105061,0.023146241988779726,0.02107961233397032,0.013923314687275288,0.02533094815668091,0.0006364215611277847,0.7681671753344824,0.01669058818629666,0.03839073229931465,0.010266701403808117,0.020511505173409307,0.0006321758289724897,0.6213559629840015,0.0066085244315109365,0.060296968295092804,0.026440929385811704,0.02448394945103893,0.0065022735532025205,0.0065022735532025205,0.0,0.011481349996020542,0.011481349996020542,1.6381739710841083,0.30309183784331123,0.25772676029856056,0.05476304985897501,0.0,0.0,0.0,0.0,0.0,0.0,0.0,0.0,0.0,0.0,0.0,0.0,0.0,0.0,0.0,0.0,0.0,0.0,0.0,0.0,0.0,2.548650604123349,0.0,,,,,,,,,,,,,,,,,,,,,,3,3,3,3,3,3,3,3,3,3,3,3,1,1,1,1,1,0,0,0,0,0,0,0,0,0,3,3,3,3,3,3,3,3,3,3,3,3,3,3,3,3,3,3,3,3,3,3,3,3,3,3,3,3,3,3,3,3,3,3,3,3,3,3,3,3,3,3,3,3,3,3,3,3,3,3,3,3,3,3,0,0,0,0,0,0,0,0,0,0,0,0,0,0,0,0,0,0,0,0,0,dfa,mnist,div255,mlp,tanh,sigmoid_bce,none
base__whiten_lam3.0,3,0.6953514218330383,0.816011885801951,7.990453784065977,0.8479284644126892,0.6935426394144694,8.889707869076572,0.9320682088534037,0.6485150853792826,11.871636601219143,110.0,1.2894344727198284,1.2804234125479004,260.0,330.0,450.0,190.0,0.1077880859375,,,,,,,,,,3.0,0.8875725467999777,0.6953514218330383,0.38470569252967834,0.9884867072105408,14.038005828857422,0.49595675865809125,0.7900305390357971,0.8479284644126892,0.37960734963417053,0.9928126533826193,11.02204163869222,0.4186283051967621,0.6967890858650208,0.9320682088534037,0.3776098887125651,0.9941629767417908,9.087292035420736,0.2837691803773244,0.3356119791666667,0.6863606770833334,0.77197265625,0.8662109375,0.8662109375,3000.0,0.9575075308481852,0.9575075308481852,25.489379638648316,10.538669121246059,8.43826772259638,1.2894344727198284,1.264911064067352,1.0,0.001,1.0,1.0,128.0,300.0,3.0,3000.0,-1.0,0.0,0.0,0.0,1.0,0.0,0.0,1.0,0.0,10.0,3.2490788990307586,35.225006103515625,24.812987486521404,3000.0,,,,,,,,,,,,,,,,,,,,,,0.012121859099486175,0.015616701624948501,0.7699648239783345,0.016538479611418154,0.01396473257914447,0.7364783083745592,0.01167597715163272,0.018041021717012176,0.9642619691481304,20.0,0.05476304985897501,0.045482913815154,,,,,,,,,,,,,,,0.0,0.008347925423948225,0.012121859099486175,0.0293509676544497,0.002539809994922193,1.4158406883105061,0.010354078366304269,0.020266374953947855,0.016538479611418154,0.02533094815668091,0.0006364215611277847,0.7681671753344824,0.006288642714582097,0.011885998422433102,0.01167597715163272,0.020511505173409307,0.0006321758289724897,0.6213559629840015,0.006899556739134869,0.05104660736876327,0.01356976845513979,0.013610702992935892,0.00465790625691868,0.00465790625691868,0.0,0.002985080806760535,0.002985080806760535,1.6381739710841083,0.30309183784331123,0.25772676029856056,0.05476304985897501,0.0,0.0,0.0,0.0,0.0,0.0,0.0,0.0,0.0,0.0,0.0,0.0,0.0,0.0,0.0,0.0,0.0,0.0,0.0,0.0,0.0,2.5754229869344374,0.0,,,,,,,,,,,,,,,,,,,,,,3,3,3,3,3,3,3,3,3,3,3,3,1,1,1,1,1,0,0,0,0,0,0,0,0,0,3,3,3,3,3,3,3,3,3,3,3,3,3,3,3,3,3,3,3,3,3,3,3,3,3,3,3,3,3,3,3,3,3,3,3,3,3,3,3,3,3,3,3,3,3,3,3,3,3,3,3,3,3,3,0,0,0,0,0,0,0,0,0,0,0,0,0,0,0,0,0,0,0,0,0,dfa,mnist,div255,mlp,tanh,sigmoid_bce,none
cnn__center_delta,3,0.5615570743878683,0.9026294350624084,8.654221862620135,0.6673296689987183,0.7527753512064616,117.52472749812159,0.7015316883722941,0.4977819820245107,139.73142765867317,0.0,1.2608011960983276,1.3006149856514497,,,,,,,,,,,,,,,3.0,0.9454395174980164,0.5532617171605428,0.38067348798116046,0.9984531799952189,51.49140930175781,,0.8326335946718851,0.6665868957837423,0.4032258490721385,0.9993463158607483,17.25324821472168,,0.5806517799695333,0.7015316883722941,0.4312688410282135,0.9995611310005188,0.7467191616694132,,0.3590494791666667,0.7117513020833334,0.78955078125,,0.78955078125,1500.0,1.8823250532150269,1.8823250532150269,147.8669866067526,201.55285085089238,69.7373400053949,1.2608011960983276,1.264911064067352,1.0,0.001,1.0,1.0,128.0,300.0,3.0,1500.0,-1.0,0.0,0.0,0.0,0.0,0.0,0.0,1.0,0.0,10.0,3.2490788990307586,35.225006103515625,7.214714686075847,1500.0,,,,,,,,,,,,,,,,,,,,,,0.011262545592418778,0.007896446060257531,1.346528437166741,0.02901814667607641,0.012914513285567655,11.072389728499989,0.025631600662836023,0.03304119549094414,7.968474852349906,0.0,0.0322961872996045,0.05313456096975495,,,,,,,,,,,,,,,0.0,0.003920647387315712,0.0057633741165788056,0.03328414719703483,0.0009578771394449125,21.637531604244177,,0.016158703742430655,0.02923167718619212,0.030952193592073175,0.00047443777523061784,7.90130049771554,,0.02131255778191641,0.025631600662836023,0.02788982062234359,0.00040125573718177715,0.3411189044449225,,0.056843012383617345,0.043785879772083654,0.054661335817017695,,0.054661335817017695,0.0,0.06098727637225174,0.06098727637225174,32.808030492392845,53.24373426489528,17.266569167046985,0.0322961872996045,0.0,0.0,0.0,0.0,0.0,0.0,0.0,0.0,0.0,0.0,0.0,0.0,0.0,0.0,0.0,0.0,0.0,0.0,0.0,0.0,0.0,0.5432804502430783,0.0,,,,,,,,,,,,,,,,,,,,,,3,3,3,3,3,3,3,3,3,3,3,3,0,0,0,0,0,0,0,0,0,0,0,0,0,0,3,3,3,3,3,3,0,3,3,3,3,3,0,3,3,3,3,3,0,3,3,3,0,3,3,3,3,3,3,3,3,3,3,3,3,3,3,3,3,3,3,3,3,3,3,3,3,3,3,3,3,3,3,3,0,0,0,0,0,0,0,0,0,0,0,0,0,0,0,0,0,0,0,0,0,dfa,mnist,div255,cnn,tanh,sigmoid_bce,delta
cnn__center_e,3,0.5121263265609741,0.9027567108472189,38.29024807781489,0.5856399734814962,0.47599104046821594,838.4767647176405,0.47368120153745014,0.9172357718149821,1589.5406817089463,0.0,1.2608011960983276,1.3026539258462269,,,,,,,,,,,,,,,3.0,0.968177596728007,0.44478918115297955,0.38067348798116046,0.9984531799952189,51.49140930175781,,0.7566554745038351,0.5219495097796122,0.4032258490721385,0.9993463158607483,17.25324821472168,,0.9306564927101135,0.47368120153745014,0.4312688410282135,0.9995611310005188,0.7467191616694132,,0.6259765625,0.8701171875,0.9041341145833334,,0.9041341145833334,1500.0,1.7994792461395264,1.7973627249399822,147.8669866067526,201.55285085089238,69.7373400053949,1.2608011960983276,1.264911064067352,1.0,0.001,1.0,1.0,128.0,300.0,3.0,1500.0,-1.0,0.0,0.0,0.0,0.0,0.0,0.0,1.0,0.0,10.0,3.2490788990307586,35.225006103515625,5.857183297475179,1500.0,,,,,,,,,,,,,,,,,,,,,,0.023755385637213505,0.04538807889692243,2.0583505001141127,0.008734054553917988,0.060116842260532405,388.00246369003514,0.020031209213211505,0.013920600264232379,393.973685639045,0.0,0.0322961872996045,0.05479699352585042,,,,,,,,,,,,,,,0.0,0.008982608470669153,0.004399189732456948,0.03328414719703483,0.0009578771394449125,21.637531604244177,,0.08743677734956577,0.01971465191654633,0.030952193592073175,0.00047443777523061784,7.90130049771554,,0.007330062172422168,0.020031209213211505,0.02788982062234359,0.00040125573718177715,0.3411189044449225,,0.030269499491853258,0.017766997459629154,0.007569671845204092,,0.007569671845204092,0.0,0.1935664287887097,0.19488012687862527,32.808030492392845,53.24373426489528,17.266569167046985,0.0322961872996045,0.0,0.0,0.0,0.0,0.0,0.0,0.0,0.0,0.0,0.0,0.0,0.0,0.0,0.0,0.0,0.0,0.0,0.0,0.0,0.0,0.0,1.362440100919784,0.0,,,,,,,,,,,,,,,,,,,,,,3,3,3,3,3,3,3,3,3,3,3,3,0,0,0,0,0,0,0,0,0,0,0,0,0,0,3,3,3,3,3,3,0,3,3,3,3,3,0,3,3,3,3,3,0,3,3,3,0,3,3,3,3,3,3,3,3,3,3,3,3,3,3,3,3,3,3,3,3,3,3,3,3,3,3,3,3,3,3,3,0,0,0,0,0,0,0,0,0,0,0,0,0,0,0,0,0,0,0,0,0,dfa,mnist,div255,cnn,tanh,sigmoid_bce,e
cnn__gated,3,0.5121263662974039,0.9027566115061442,38.290249597887986,0.5856399536132812,0.4759909709294637,838.4768729884586,0.47368117173512775,0.9172358711560568,1589.5408163151235,0.0,1.2608011960983276,1.3026539258462269,,,,,,,,,,,,,,,3.0,0.968177596728007,0.44478918115297955,0.38067348798116046,0.9984531799952189,51.49140930175781,,0.7566553552945455,0.5219495097796122,0.4032258490721385,0.9993463158607483,17.25324821472168,,0.9306564927101135,0.47368117173512775,0.4312688410282135,0.9995611310005188,0.7467191616694132,,0.6259765625,0.8701171875,0.9041341145833334,,0.9041341145833334,1500.0,1.799479564030965,1.7973630825678508,147.8669866067526,201.55285085089238,69.7373400053949,1.2608011960983276,1.264911064067352,1.0,0.001,1.0,1.0,128.0,300.0,3.0,1500.0,-1.0,0.0,0.0,0.0,0.0,0.0,0.0,1.0,0.0,10.0,3.2490788990307586,35.225006103515625,9.054309447606405,1500.0,,,,,,,,,,,,,,,,,,,,,,0.023755353195656796,0.04538811518398585,2.058350157035959,0.008734120840337993,0.06011697230375467,388.0024816774177,0.020031207424014617,0.013920628779626073,393.9739409227384,0.0,0.0322961872996045,0.05479699352585042,,,,,,,,,,,,,,,0.0,0.008982608470669153,0.004399189732456948,0.03328414719703483,0.0009578771394449125,21.637531604244177,,0.08743678027231269,0.0197147110067071,0.030952193592073175,0.00047443777523061784,7.90130049771554,,0.007329958955817875,0.020031207424014617,0.02788982062234359,0.00040125573718177715,0.3411189044449225,,0.030269499491853258,0.017766997459629154,0.007569671845204092,,0.007569671845204092,0.0,0.19356695169386973,0.19488056430743483,32.808030492392845,53.24373426489528,17.266569167046985,0.0322961872996045,0.0,0.0,0.0,0.0,0.0,0.0,0.0,0.0,0.0,0.0,0.0,0.0,0.0,0.0,0.0,0.0,0.0,0.0,0.0,0.0,0.0,1.9344488763074847,0.0,,,,,,,,,,,,,,,,,,,,,,3,3,3,3,3,3,3,3,3,3,3,3,0,0,0,0,0,0,0,0,0,0,0,0,0,0,3,3,3,3,3,3,0,3,3,3,3,3,0,3,3,3,3,3,0,3,3,3,0,3,3,3,3,3,3,3,3,3,3,3,3,3,3,3,3,3,3,3,3,3,3,3,3,3,3,3,3,3,3,3,0,0,0,0,0,0,0,0,0,0,0,0,0,0,0,0,0,0,0,0,0,dfa,mnist,div255,cnn,tanh,sigmoid_bce,gated
cnn__none,3,0.9512717127799988,0.4134948452313741,5.707432274998041,0.9895515839258829,0.15285098552703855,890.6532763915374,0.9996285637219747,0.021464024670422004,693.9415019039989,356.6666666666667,1.2608011960983276,1.427305016962172,210.0,350.0,770.0,560.0,0.10491536458333334,,,,,,,,,,3.0,0.4793076415856679,0.9512717127799988,0.38067348798116046,0.9984531799952189,51.49140930175781,,0.15476512908935544,0.9895515839258829,0.4032258490721385,0.9993463158607483,17.25324821472168,,0.021464024670422004,0.9996285637219747,0.4312688410282135,0.9995611310005188,0.7467191616694132,,0.23372395833333334,0.6417643229166666,0.84033203125,,0.84033203125,1500.0,1.7391440868377686,1.7391440868377686,147.8669866067526,201.55285085089238,69.7373400053949,1.2608011960983276,1.264911064067352,1.0,0.001,1.0,1.0,128.0,300.0,3.0,1500.0,-1.0,0.0,0.0,0.0,0.0,0.0,0.0,1.0,0.0,10.0,3.2490788990307586,35.225006103515625,7.187552531560262,1500.0,,,,,,,,,,,,,,,,,,,,,,0.032662110402621757,0.07735421460379076,0.41549066290617415,0.008449987039890472,0.024973648662854443,43.40362469766068,0.0005001257223895002,0.010781568191149013,16.47339341276895,126.62279942148388,0.0322961872996045,0.23160249662342272,,,,,,,,,,,,,,,0.0,0.06999810465998105,0.032662110402621757,0.03328414719703483,0.0009578771394449125,21.637531604244177,,0.025529492233035984,0.008449987039890472,0.030952193592073175,0.00047443777523061784,7.90130049771554,,0.010781568191149013,0.0005001257223895002,0.02788982062234359,0.00040125573718177715,0.3411189044449225,,0.0625730723144194,0.0805979657253263,0.04398056311884804,,0.04398056311884804,0.0,0.19426145814986456,0.19426145814986456,32.808030492392845,53.24373426489528,17.266569167046985,0.0322961872996045,0.0,0.0,0.0,0.0,0.0,0.0,0.0,0.0,0.0,0.0,0.0,0.0,0.0,0.0,0.0,0.0,0.0,0.0,0.0,0.0,0.0,0.6909466293679747,0.0,,,,,,,,,,,,,,,,,,,,,,3,3,3,3,3,3,3,3,3,3,3,3,1,1,1,1,1,0,0,0,0,0,0,0,0,0,3,3,3,3,3,3,0,3,3,3,3,3,0,3,3,3,3,3,0,3,3,3,0,3,3,3,3,3,3,3,3,3,3,3,3,3,3,3,3,3,3,3,3,3,3,3,3,3,3,3,3,3,3,3,0,0,0,0,0,0,0,0,0,0,0,0,0,0,0,0,0,0,0,0,0,dfa,mnist,div255,cnn,tanh,sigmoid_bce,none
cnn__outlr10,3,0.9228354692459106,0.7676439086596171,1.3351032260602016,0.9887325565020243,0.3999875585238138,73.38577990787435,0.99942018588384,0.06710129976272576,88.02003619163334,176.66666666666666,1.2608011960983276,0.47963752134527793,46.666666666666664,113.33333333333333,213.33333333333334,166.66666666666666,0.11277817234848485,,,,,,,,,,3.0,0.8966481486956278,0.9228354692459106,0.38067348798116046,0.9984531799952189,51.49140930175781,,0.5222072104612986,0.9887325565020243,0.4032258490721385,0.9993463158607483,17.25324821472168,,0.06710129976272576,0.99942018588384,0.4312688410282135,0.9995611310005188,0.7467191616694132,,0.8527018229166666,0.9103190104166666,0.9197591145833334,,0.9197591145833334,1500.0,0.607373853524526,0.605163037776947,14.786698660675258,20.155285085089236,6.97373400053949,1.2608011960983276,1.264911064067352,1.0,0.001,10.0,1.0,128.0,300.0,3.0,1500.0,-1.0,0.0,0.0,0.0,0.0,0.0,0.0,1.0,0.0,10.0,3.2490788990307586,35.225006103515625,5.0459935665130615,1500.0,,,,,,,,,,,,,,,,,,,,,,0.031104398137013954,0.025793508148955948,0.05923727874688825,0.00982535891418014,0.012282019959168462,8.83721501120746,0.0006354299002548973,0.019045719992198874,2.85359821602619,47.25815626252608,0.0322961872996045,0.09589105661287864,11.547005383792515,40.414518843273804,35.11884584284247,25.166114784235827,0.014619393186888189,,,,,,,,,,0.0,0.018542745846162254,0.031104398137013954,0.03328414719703483,0.0009578771394449125,21.637531604244177,,0.04489082336014808,0.00982535891418014,0.030952193592073175,0.00047443777523061784,7.90130049771554,,0.019045719992198874,0.0006354299002548973,0.02788982062234359,0.00040125573718177715,0.3411189044449225,,0.023540693504901938,0.0014095465556387186,0.005722134059650709,,0.005722134059650709,0.0,0.03484525298353412,0.03429861984741023,3.2808030492392857,5.324373426489527,1.7266569167046986,0.0322961872996045,0.0,0.0,0.0,0.0,0.0,0.0,0.0,0.0,0.0,0.0,0.0,0.0,0.0,0.0,0.0,0.0,0.0,0.0,0.0,0.0,0.0,0.057912619520869166,0.0,,,,,,,,,,,,,,,,,,,,,,3,3,3,3,3,3,3,3,3,3,3,3,3,3,3,3,3,0,0,0,0,0,0,0,0,0,3,3,3,3,3,3,0,3,3,3,3,3,0,3,3,3,3,3,0,3,3,3,0,3,3,3,3,3,3,3,3,3,3,3,3,3,3,3,3,3,3,3,3,3,3,3,3,3,3,3,3,3,3,3,0,0,0,0,0,0,0,0,0,0,0,0,0,0,0,0,0,0,0,0,0,dfa,mnist,div255,cnn,tanh,sigmoid_bce,none
cnn__priorbias,3,0.8988975683848063,0.44675756494204205,1.0622538116627307,0.8605591853459676,0.3458252052466075,119.08970344614026,0.7708401083946228,0.7918474276860555,84.66451280032548,3.3333333333333335,0.04516658683617907,0.04873136358284765,0.0,60.0,350.0,350.0,0.0884767562624008,,,,,,,,,,3.0,0.8485535780588785,0.8293041984240214,0.38067348798116046,0.9984531799952189,51.49140930175781,,0.5223424235979716,0.8605591853459676,0.4032258490721385,0.9993463158607483,17.25324821472168,,0.7918474276860555,0.7708401083946228,0.4312688410282135,0.9995611310005188,0.7467191616694132,,0.5564778645833334,0.8678385416666666,0.90576171875,,0.90576171875,1500.0,1.187558889389038,1.18453582127889,5.1937072352583815,7.313524505147917,2.553629325954461,0.04516658683617907,1.264911064067352,1.0,0.001,1.0,1.0,128.0,300.0,3.0,1500.0,0.10000000000000002,0.0,0.0,0.0,0.0,0.0,0.0,1.0,0.0,10.0,3.2490788990307586,35.225006103515625,6.5267423788706465,1500.0,,,,,,,,,,,,,,,,,,,,,,0.06571851273840214,0.15034751933710258,0.7971756482570146,0.023823684811441644,0.008415538189333327,113.55815217995668,0.14706270070234,0.1541483415601963,73.94865363777711,5.773502691896257,0.007418348240385086,0.0077557009285247345,0.0,10.0,20.0,20.0,0.015458341717948722,,,,,,,,,,0.0,0.10555819685655968,0.08585420887085006,0.03328414719703483,0.0009578771394449125,21.637531604244177,,0.09483312737430843,0.023823684811441644,0.030952193592073175,0.00047443777523061784,7.90130049771554,,0.1541483415601963,0.14706270070234,0.02788982062234359,0.00040125573718177715,0.3411189044449225,,0.060740172586824945,0.01371829915736035,0.0090430953014903,,0.0090430953014903,0.0,0.041335454589020146,0.038823921870959434,0.6445788905448234,2.604430498480168,1.0056290596151714,0.007418348240385086,0.0,0.0,0.0,0.0,0.0,0.0,0.0,0.0,0.0,0.0,0.0,0.0,0.0,0.0,0.0,0.0,0.0,0.0,0.0,0.0,0.0,1.2718083097679778,0.0,,,,,,,,,,,,,,,,,,,,,,3,3,3,3,3,3,3,3,3,3,3,3,3,3,3,3,3,0,0,0,0,0,0,0,0,0,3,3,3,3,3,3,0,3,3,3,3,3,0,3,3,3,3,3,0,3,3,3,0,3,3,3,3,3,3,3,3,3,3,3,3,3,3,3,3,3,3,3,3,3,3,3,3,3,3,3,3,3,3,3,0,0,0,0,0,0,0,0,0,0,0,0,0,0,0,0,0,0,0,0,0,dfa,mnist,div255,cnn,tanh,sigmoid_bce,none
depth6__aligned,3,0.783076008160909,0.8306327064832052,1.8175532557633625,0.8749537666638693,0.6399484872817993,2.3628527279217484,0.8773538867632548,0.608332614103953,3.587299996086473,0.0,1.2514995733896892,0.11196034163170498,,,,,,0.8481875061988831,0.626235564549764,4.016930494023531,0.8362294634183248,0.7010290225346884,4.032118681292645,0.8900270660718282,0.7761131525039673,3.8296286698473954,6.0,0.9681609074274699,0.5251285433769226,0.37996907035509747,0.9880542357762655,13.788181940714518,0.748758335908254,0.9341219067573547,0.6428066690762838,0.37511785825093585,0.9925263524055481,11.006115913391113,0.8133816719055176,0.901924212773641,0.6927787860234579,0.37877482175827026,0.994109570980072,9.349713961283365,0.8464520970980326,0.8787434895833334,0.9020182291666666,0.91064453125,0.9186197916666666,0.9186197916666666,3000.0,0.5681755344072977,0.5627424319585165,34.41848964184992,14.052528415143323,11.295206413398757,1.2514995733896892,1.264911064067352,1.0,0.001,1.0,1.0,128.0,300.0,6.0,3000.0,-1.0,0.0,0.0,0.0,0.0,0.0,0.0,1.0,0.0,10.0,3.2490788990307586,35.225006103515625,21.65842668215434,3000.0,0.8806985020637512,0.7641006112098694,0.39759977658589674,0.9947288632392883,8.557268778483072,0.8772540092468262,0.8659348487854004,0.8362294634183248,0.3787589470545451,0.9962976574897766,6.925698439280192,0.9263912836710612,0.8572652737299601,0.8900270660718282,0.38339701294898987,0.9967489838600159,6.480650266011556,0.996963898340861,9.798655450095568,9.026357007268466,7.414232222048324,0.007071259945564279,0.00712708783703194,0.0805904940891396,0.0018103270901213453,0.007332214345523009,0.21475045044062085,0.005042001519341351,0.016225548044113868,0.2629151391321988,0.0,0.03744348814132911,0.019685457878183318,,,,,,0.0036401029811593344,0.01187705016628207,0.30579710494285994,0.00406247336351498,0.017954385288145525,0.2960777096564931,0.008430642665598325,0.0051331320430226274,0.3221954799381583,0.0,0.0006295845453623162,0.006361706348129284,0.006531812636366284,0.0013424970527516824,0.17111969168825597,0.01190665960311493,0.005493758837248275,0.013371107140499926,0.011411674125197623,0.0008806545500330872,0.8683346886425649,0.0012408932184567929,0.0037809028473024782,0.008126780957250352,0.021758796201321963,0.00047888576132400787,0.6816599462060418,0.00475800057594227,0.0031392092320940666,0.002689243431292051,0.008067730293876125,0.007893460711576927,0.007893460711576927,0.0,0.017477171299102368,0.015175427866947179,8.148544337234233,3.3202192120088303,1.9813529307989095,0.03744348814132911,0.0,0.0,0.0,0.0,0.0,0.0,0.0,0.0,0.0,0.0,0.0,0.0,0.0,0.0,0.0,0.0,0.0,0.0,0.0,0.0,0.0,0.6030914350108354,0.0,0.005062068441514459,0.004319750730319178,0.007562060002887297,0.0009363114479247972,0.3620859483545689,0.0038219414138446002,0.010098857854534961,0.00406247336351498,0.01878554105754286,0.0005717527417223359,0.7750525120751498,0.0044508513703096515,0.007473175586203773,0.008430642665598325,0.052018842051255135,0.0011475697490241018,1.5583135773677232,0.00027779418740063596,2.254845362121707,1.7976289961474734,1.0327276086074986,3,3,3,3,3,3,3,3,3,3,3,3,0,0,0,0,0,3,3,3,3,3,3,3,3,3,3,3,3,3,3,3,3,3,3,3,3,3,3,3,3,3,3,3,3,3,3,3,3,3,3,3,3,3,3,3,3,3,3,3,3,3,3,3,3,3,3,3,3,3,3,3,3,3,3,3,3,3,3,3,3,3,3,3,3,3,3,3,3,3,3,3,3,3,3,3,3,3,3,3,3,aligned,mnist,div255,mlp,tanh,sigmoid_bce,none
depth6__bn,3,0.16332874198754627,0.9836190938949585,28.859534666715202,0.1410026500622431,0.9848541021347046,8.664519437402168,0.12771328787008915,0.9823100566864014,7.612882304607997,0.0,1.2642366488774617,1.1358793871999338,,,,,,0.1282529110709826,0.979230523109436,7.31372669239559,0.12299103538195287,0.9769290288289388,7.521051791298646,0.13204188148180637,0.9711164236068726,7.493346332351152,6.0,0.9960371653238932,0.06613920380671813,0.0011333787988405,0.9992835323015848,0.06991670777400334,0.41636167963345844,0.9959598183631897,0.0530904283126195,0.00014995932482029996,0.9994546175003052,0.04098136226336157,0.3451937635739644,0.9953745206197103,0.04885450750589363,-0.00025922148294433336,0.9995625416437784,0.028861498460173565,0.34847739338874817,0.791015625,0.89599609375,0.9078776041666666,0.9208984375,0.9208984375,3000.0,0.57562255859375,0.5747536023457845,247.4203710075025,7.307634743798982,7.109998458047138,1.2642366488774617,1.264911064067352,1.0,0.001,1.0,1.0,128.0,300.0,6.0,3000.0,-1.0,0.0,0.0,0.0,0.0,1.0,0.0,1.0,0.0,10.0,3.2490788990307586,35.225006103515625,24.15054480234782,3000.0,0.9943222602208456,0.048010054975748,-0.00033233030383898575,0.9996342658996582,0.02331841488679243,0.34062763055165607,0.9925988912582397,0.0485313994189103,-0.00038816131192707026,0.999648928642273,0.0186629847933848,0.32210221886634827,0.9913822015126547,0.05069782212376594,-0.0004560160147472122,0.9996878504753113,0.016754752645889867,0.3975380559762319,7.02722471381538,6.989368826839186,6.9575650872265875,0.01414940039534652,0.0028404623710909763,0.5735328937905964,0.01371995835135646,0.0004049810471231639,0.862396904991151,0.008094482678766774,0.0010029158030924483,0.46486747303753984,0.0,0.001933709672769329,0.04783588957482843,,,,,,0.011453736743668896,0.002934857510174505,0.576887293426269,0.013577012907377606,0.002098885893235927,0.467628571515481,0.003698154859411015,0.002360435212994012,1.0399678297754043,0.0,0.0007817977614624459,0.0034440676442282813,0.0009098698109275327,4.871870636238342e-05,0.006677528664363406,0.020673325466026318,0.00039169657951401,0.009077007919705855,0.0007887829942915562,3.756643913399006e-05,0.002735346619580978,0.011096378672465395,0.0003652717085297226,0.002325070970701802,0.0005602119733461767,1.653019959666961e-05,0.0044795160214417965,0.005008384308444586,0.01591976600283311,0.006922581483768469,0.005175167023302306,0.004708813848141091,0.004708813848141091,0.0,0.015150443185277907,0.013645926992009748,0.15677702638365837,0.0453510601324712,0.014760619008710686,0.001933709672769329,0.0,0.0,0.0,0.0,0.0,0.0,0.0,0.0,0.0,0.0,0.0,0.0,0.0,0.0,0.0,0.0,0.0,0.0,0.0,0.0,0.0,0.4994526680151624,0.0,0.0008163539499354628,0.007144911669868238,0.0003631685705516733,2.1013575037493398e-05,0.001058914536656406,0.008036440532809195,0.0009970595781098439,0.00413823342088736,0.0003366686465059346,4.517218137756023e-05,0.0013014253481222725,0.015304924064269781,0.002267028911844143,0.0036743868362871484,0.0003482877342188674,4.214250716190721e-05,0.0021466839059368133,0.005062090183238806,0.030589488367655696,0.011555752611950703,0.0044875382808920086,3,3,3,3,3,3,3,3,3,3,3,3,0,0,0,0,0,3,3,3,3,3,3,3,3,3,3,3,3,3,3,3,3,3,3,3,3,3,3,3,3,3,3,3,3,3,3,3,3,3,3,3,3,3,3,3,3,3,3,3,3,3,3,3,3,3,3,3,3,3,3,3,3,3,3,3,3,3,3,3,3,3,3,3,3,3,3,3,3,3,3,3,3,3,3,3,3,3,3,3,3,dfa,mnist,div255,mlp,tanh,sigmoid_bce,none
depth6__center_delta,3,0.522702028354009,0.5954459508260092,53.37770074157428,0.4969739019870758,0.3684286177158355,121.13311917653137,0.47993697722752887,0.4294164876143138,138.0347188589241,0.0,1.2514995733896892,1.2695336765074738,,,,,,0.4802025059858958,0.4464103579521179,123.07515619703855,0.4832632640997569,0.37272548675537104,114.62493060079863,0.48653580745061237,0.30026316146055854,107.02351339235763,6.0,0.9239482482274374,0.46931223074595135,0.37996907035509747,0.9880542357762655,13.788181940714518,0.13659053544203437,0.8508724172910055,0.4504370391368866,0.37511785825093585,0.9925263524055481,11.006115913391113,0.18371738493442535,0.7516234914461771,0.4327991207440694,0.37877482175827026,0.994109570980072,9.349713961283365,0.2540840059518814,0.29150390625,0.5465494791666666,0.7013346354166666,0.8575846354166666,0.8575846354166666,3000.0,2.0167457660039267,2.0167457660039267,34.41848964184992,14.052528415143323,11.295206413398757,1.2514995733896892,1.264911064067352,1.0,0.001,1.0,1.0,128.0,300.0,6.0,3000.0,-1.0,0.0,0.0,0.0,0.0,0.0,0.0,1.0,0.0,10.0,3.2490788990307586,35.225006103515625,24.68519139289856,3000.0,0.6998293598492941,0.4185497462749481,0.39759977658589674,0.9947288632392883,8.557268778483072,0.3045929372310638,0.6595550775527954,0.39559339483579,0.3787589470545451,0.9962976574897766,6.925698439280192,0.28595719734827674,0.6098201076189677,0.3941248854001363,0.38339701294898987,0.9967489838600159,6.480650266011556,0.16491243739922837,9.798655450095568,9.026357007268466,7.414232222048324,0.024915274849920437,0.006621870855745317,6.689803252241094,0.02140426606112404,0.05744052583959165,12.59932046598269,0.04854650502389252,0.08635927161831657,8.507711116236253,0.0,0.03744348814132911,0.043581678258713785,,,,,,0.061059668544479556,0.11227433194420224,15.477977278938381,0.07494526921511672,0.09660886912500104,19.489657930370985,0.07363484702419049,0.09885018920067469,24.55047088393243,0.0,0.009942702921188306,0.0025228499166576874,0.006531812636366284,0.0013424970527516824,0.17111969168825597,0.022307073468409672,0.05379543444822374,0.008627293852802092,0.011411674125197623,0.0008806545500330872,0.8683346886425649,0.04666862591260484,0.09795260570140278,0.017954035774618946,0.021758796201321963,0.00047888576132400787,0.6816599462060418,0.054078053813679985,0.008214162031865587,0.1518894823911231,0.1370499731283476,0.01795609622955428,0.01795609622955428,0.0,0.22803754653485936,0.22803754653485936,8.148544337234233,3.3202192120088303,1.9813529307989095,0.03744348814132911,0.0,0.0,0.0,0.0,0.0,0.0,0.0,0.0,0.0,0.0,0.0,0.0,0.0,0.0,0.0,0.0,0.0,0.0,0.0,0.0,0.0,2.4185378687635644,0.0,0.0757120349955637,0.012994260788743021,0.007562060002887297,0.0009363114479247972,0.3620859483545689,0.06617853353040747,0.09882232111445118,0.009932378096321505,0.01878554105754286,0.0005717527417223359,0.7750525120751498,0.05800011029107172,0.13032269130341845,0.049659012894861645,0.052018842051255135,0.0011475697490241018,1.5583135773677232,0.054618861317554765,2.254845362121707,1.7976289961474734,1.0327276086074986,3,3,3,3,3,3,3,3,3,3,3,3,0,0,0,0,0,3,3,3,3,3,3,3,3,3,3,3,3,3,3,3,3,3,3,3,3,3,3,3,3,3,3,3,3,3,3,3,3,3,3,3,3,3,3,3,3,3,3,3,3,3,3,3,3,3,3,3,3,3,3,3,3,3,3,3,3,3,3,3,3,3,3,3,3,3,3,3,3,3,3,3,3,3,3,3,3,3,3,3,3,dfa,mnist,div255,mlp,tanh,sigmoid_bce,delta
depth6__center_e,3,0.3804677923520406,0.9533967773119608,81.38293269984466,0.3753954569498698,0.8465758363405863,29.80878293649984,0.3791040281454722,0.7142538825670878,35.79123173578464,0.0,1.2514995733896892,1.268608314805519,,,,,,0.3978681862354278,0.625430186589559,39.23101941799277,0.3796122074127197,0.5648463368415833,42.976989726277715,0.384348730246226,0.5050308704376221,45.727049069459355,6.0,0.9879038333892822,0.3804677923520406,0.37996907035509747,0.9880542357762655,13.788181940714518,0.36533792813618976,0.9753963748613993,0.3753954569498698,0.37511785825093585,0.9925263524055481,11.006115913391113,0.3887691895167033,0.9491097331047058,0.3791040281454722,0.37877482175827026,0.994109570980072,9.349713961283365,0.45092491308848065,0.5478515625,0.7610677083333334,0.8216145833333334,0.8759765625,0.8759765625,3000.0,2.346714893976847,2.3463286558787027,34.41848964184992,14.052528415143323,11.295206413398757,1.2514995733896892,1.264911064067352,1.0,0.001,1.0,1.0,128.0,300.0,6.0,3000.0,-1.0,0.0,0.0,0.0,0.0,0.0,0.0,1.0,0.0,10.0,3.2490788990307586,35.225006103515625,21.41423710187276,3000.0,0.9181322455406189,0.3978681862354278,0.39759977658589674,0.9947288632392883,8.557268778483072,0.45546000202496845,0.867215077082316,0.3796122074127197,0.3787589470545451,0.9962976574897766,6.925698439280192,0.37291741371154785,0.8222399751345316,0.384348730246226,0.38339701294898987,0.9967489838600159,6.480650266011556,0.2060939768950144,9.798655450095568,9.026357007268466,7.414232222048324,0.0062083614482608155,0.010679579918069861,2.2917715887205654,0.01168787466118595,0.048449027141234335,3.3401989525237,0.02185061360891129,0.06911292915269818,6.5884238174260945,0.0,0.03744348814132911,0.045701356108853355,,,,,,0.007929710453935996,0.06784257263657835,8.613898008475932,0.0201336348413813,0.07299422447571818,9.472941582319935,0.05349851671239629,0.06235912229413263,10.459570268204338,0.0,0.0014428075278487913,0.0062083614482608155,0.006531812636366284,0.0013424970527516824,0.17111969168825597,0.07374975310823646,0.005656185334726998,0.01168787466118595,0.011411674125197623,0.0008806545500330872,0.8683346886425649,0.05385130652610999,0.016581662913291738,0.02185061360891129,0.021758796201321963,0.00047888576132400787,0.6816599462060418,0.03245473024386365,0.05395673516262061,0.011030546142485317,0.00880712842348223,0.00537109375,0.00537109375,0.0,0.06422668119342657,0.06467666878804536,8.148544337234233,3.3202192120088303,1.9813529307989095,0.03744348814132911,0.0,0.0,0.0,0.0,0.0,0.0,0.0,0.0,0.0,0.0,0.0,0.0,0.0,0.0,0.0,0.0,0.0,0.0,0.0,0.0,0.0,0.4521480058454418,0.0,0.030922039844015186,0.007929710453935996,0.007562060002887297,0.0009363114479247972,0.3620859483545689,0.02850916298971871,0.06211266353734512,0.0201336348413813,0.01878554105754286,0.0005717527417223359,0.7750525120751498,0.008152686010311003,0.06084849076997027,0.05349851671239629,0.052018842051255135,0.0011475697490241018,1.5583135773677232,0.0212238469791871,2.254845362121707,1.7976289961474734,1.0327276086074986,3,3,3,3,3,3,3,3,3,3,3,3,0,0,0,0,0,3,3,3,3,3,3,3,3,3,3,3,3,3,3,3,3,3,3,3,3,3,3,3,3,3,3,3,3,3,3,3,3,3,3,3,3,3,3,3,3,3,3,3,3,3,3,3,3,3,3,3,3,3,3,3,3,3,3,3,3,3,3,3,3,3,3,3,3,3,3,3,3,3,3,3,3,3,3,3,3,3,3,3,3,dfa,mnist,div255,mlp,tanh,sigmoid_bce,e
depth6__center_outlr10,3,0.3805660506089528,0.965200662612915,27.35699775700843,0.3754924237728119,0.8752471208572388,10.869276989378852,0.37906554341316223,0.7378320097923279,13.399859476593987,0.0,1.2514995733896892,1.0829107759236465,,,,,,0.39785067240397126,0.5989521145820618,16.573846727865376,0.3800994058450063,0.48786336183547974,20.478223445624703,0.3939599593480428,0.33005608121554053,24.369481266975743,6.0,0.9866185386975607,0.3805660506089528,0.37996907035509747,0.9880542357762655,13.788181940714518,0.27618912359078723,0.978516419728597,0.3754924237728119,0.37511785825093585,0.9925263524055481,11.006115913391113,0.29285092155138653,0.9563415050506592,0.37906554341316223,0.37877482175827026,0.994109570980072,9.349713961283365,0.3454580803712209,0.6676432291666666,0.79541015625,0.8683268229166666,0.9044596354166666,0.9044596354166666,3000.0,0.8076719641685486,0.8070802291234335,3.441848964184992,1.4052528415143322,1.1295206413398755,1.2514995733896892,1.264911064067352,1.0,0.001,10.0,1.0,128.0,300.0,6.0,3000.0,-1.0,0.0,0.0,0.0,0.0,0.0,0.0,1.0,0.0,10.0,3.2490788990307586,35.225006103515625,22.053555727005005,3000.0,0.9119699597358704,0.39785067240397126,0.39759977658589674,0.9947288632392883,8.557268778483072,0.3327106038729349,0.8587424159049988,0.3800994058450063,0.3787589470545451,0.9962976574897766,6.925698439280192,0.30035991470019024,0.7878193457921346,0.3846125801404317,0.38339701294898987,0.9967489838600159,6.480650266011556,0.23568582534790036,0.9798655450095568,0.9026357007268467,0.7414232222048325,0.006062606456413178,0.006015180818518441,0.24904390457821862,0.01182304818017229,0.02303867703097407,0.4054129294138089,0.022011396037465627,0.057841667063611844,1.231353263635661,0.0,0.03744348814132911,0.06752102469735038,,,,,,0.007905408795661924,0.07100054055275028,3.231971252791796,0.020911244145943114,0.034349219589125984,4.415581246044215,0.05077418829492394,0.05512407101497889,5.04983076653517,0.0,0.0024241924526918483,0.006062606456413178,0.006531812636366284,0.0013424970527516824,0.17111969168825597,0.07996879344487773,0.010767509509507315,0.01182304818017229,0.011411674125197623,0.0008806545500330872,0.8683346886425649,0.04311695857263604,0.0353756523759197,0.022011396037465627,0.021758796201321963,0.00047888576132400787,0.6816599462060418,0.042945771068802215,0.07453982854985994,0.023473076839300614,0.00501132953070986,0.0088745480990987,0.0088745480990987,0.0,0.023532112408515618,0.02250776048978573,0.8148544337234236,0.3320219212008832,0.19813529307989092,0.03744348814132911,0.0,0.0,0.0,0.0,0.0,0.0,0.0,0.0,0.0,0.0,0.0,0.0,0.0,0.0,0.0,0.0,0.0,0.0,0.0,0.0,0.0,0.7592455687424347,0.0,0.08177806249841856,0.007905408795661924,0.007562060002887297,0.0009363114479247972,0.3620859483545689,0.031667836620405565,0.12507311464112453,0.020911244145943114,0.01878554105754286,0.0005717527417223359,0.7750525120751498,0.024521569872826967,0.17763964721449305,0.05334811951156195,0.052018842051255135,0.0011475697490241018,1.5583135773677232,0.02978724820482211,0.2254845362121707,0.17976289961474745,0.10327276086074987,3,3,3,3,3,3,3,3,3,3,3,3,0,0,0,0,0,3,3,3,3,3,3,3,3,3,3,3,3,3,3,3,3,3,3,3,3,3,3,3,3,3,3,3,3,3,3,3,3,3,3,3,3,3,3,3,3,3,3,3,3,3,3,3,3,3,3,3,3,3,3,3,3,3,3,3,3,3,3,3,3,3,3,3,3,3,3,3,3,3,3,3,3,3,3,3,3,3,3,3,3,dfa,mnist,div255,mlp,tanh,sigmoid_bce,e
depth6__gated,3,0.3804677923520406,0.9533967773119608,81.38293269984466,0.3753954569498698,0.8465758363405863,29.80878293649984,0.3791040281454722,0.7142538825670878,35.79123173578464,0.0,1.2514995733896892,1.268608314805519,,,,,,0.3978681862354278,0.625430186589559,39.23101941799277,0.3796122074127197,0.5648463368415833,42.976989726277715,0.384348730246226,0.5050308704376221,45.727049069459355,6.0,0.9879038333892822,0.3804677923520406,0.37996907035509747,0.9880542357762655,13.788181940714518,0.36533792813618976,0.9753963748613993,0.3753954569498698,0.37511785825093585,0.9925263524055481,11.006115913391113,0.3887691895167033,0.9491097331047058,0.3791040281454722,0.37877482175827026,0.994109570980072,9.349713961283365,0.45092491308848065,0.5478515625,0.7610677083333334,0.8216145833333334,0.8759765625,0.8759765625,3000.0,2.346714893976847,2.3463286558787027,34.41848964184992,14.052528415143323,11.295206413398757,1.2514995733896892,1.264911064067352,1.0,0.001,1.0,1.0,128.0,300.0,6.0,3000.0,-1.0,0.0,0.0,0.0,0.0,0.0,0.0,1.0,0.0,10.0,3.2490788990307586,35.225006103515625,22.976319313049316,3000.0,0.9181322455406189,0.3978681862354278,0.39759977658589674,0.9947288632392883,8.557268778483072,0.45546000202496845,0.867215077082316,0.3796122074127197,0.3787589470545451,0.9962976574897766,6.925698439280192,0.37291741371154785,0.8222399751345316,0.384348730246226,0.38339701294898987,0.9967489838600159,6.480650266011556,0.2060939768950144,9.798655450095568,9.026357007268466,7.414232222048324,0.0062083614482608155,0.010679579918069861,2.2917715887205654,0.01168787466118595,0.048449027141234335,3.3401989525237,0.02185061360891129,0.06911292915269818,6.5884238174260945,0.0,0.03744348814132911,0.045701356108853355,,,,,,0.007929710453935996,0.06784257263657835,8.613898008475932,0.0201336348413813,0.07299422447571818,9.472941582319935,0.05349851671239629,0.06235912229413263,10.459570268204338,0.0,0.0014428075278487913,0.0062083614482608155,0.006531812636366284,0.0013424970527516824,0.17111969168825597,0.07374975310823646,0.005656185334726998,0.01168787466118595,0.011411674125197623,0.0008806545500330872,0.8683346886425649,0.05385130652610999,0.016581662913291738,0.02185061360891129,0.021758796201321963,0.00047888576132400787,0.6816599462060418,0.03245473024386365,0.05395673516262061,0.011030546142485317,0.00880712842348223,0.00537109375,0.00537109375,0.0,0.06422668119342657,0.06467666878804536,8.148544337234233,3.3202192120088303,1.9813529307989095,0.03744348814132911,0.0,0.0,0.0,0.0,0.0,0.0,0.0,0.0,0.0,0.0,0.0,0.0,0.0,0.0,0.0,0.0,0.0,0.0,0.0,0.0,0.0,0.09712279475306979,0.0,0.030922039844015186,0.007929710453935996,0.007562060002887297,0.0009363114479247972,0.3620859483545689,0.02850916298971871,0.06211266353734512,0.0201336348413813,0.01878554105754286,0.0005717527417223359,0.7750525120751498,0.008152686010311003,0.06084849076997027,0.05349851671239629,0.052018842051255135,0.0011475697490241018,1.5583135773677232,0.0212238469791871,2.254845362121707,1.7976289961474734,1.0327276086074986,3,3,3,3,3,3,3,3,3,3,3,3,0,0,0,0,0,3,3,3,3,3,3,3,3,3,3,3,3,3,3,3,3,3,3,3,3,3,3,3,3,3,3,3,3,3,3,3,3,3,3,3,3,3,3,3,3,3,3,3,3,3,3,3,3,3,3,3,3,3,3,3,3,3,3,3,3,3,3,3,3,3,3,3,3,3,3,3,3,3,3,3,3,3,3,3,3,3,3,3,3,dfa,mnist,div255,mlp,tanh,sigmoid_bce,gated
depth6__muon,3,0.6677547693252563,0.8282123605410258,10.422895742288846,0.677519957224528,0.7752243677775065,13.814118095601328,0.7272544105847677,0.8066675265630087,16.17441461281078,0.0,1.2514995733896892,1.2596645678033496,,,,,,0.7526913483937582,0.8369535406430563,16.382666508654744,0.7633076111475626,0.8347992300987244,15.950090331044509,0.7827308177947998,0.8247258464495341,14.774306602560003,6.0,0.9284864862759908,0.6093278527259827,0.37996907035509747,0.9880542357762655,13.788181940714518,0.5416208306948344,0.8926600813865662,0.677519957224528,0.37511785825093585,0.9925263524055481,11.006115913391113,0.4768510361512502,0.8553670446077982,0.7272544105847677,0.37877482175827026,0.994109570980072,9.349713961283365,0.4713564117749532,0.6414388020833334,0.85888671875,0.88818359375,0.9114583333333334,0.9114583333333334,3000.0,0.6047226389249166,0.6043070753415426,34.41848964184992,14.052528415143323,11.295206413398757,1.2514995733896892,1.264911064067352,1.0,0.001,1.0,1.0,128.0,300.0,6.0,3000.0,-1.0,0.0,0.0,1.0,0.0,0.0,0.0,1.0,0.0,10.0,3.2490788990307586,35.225006103515625,33.29154125849406,3000.0,0.8472491502761841,0.7526913483937582,0.39759977658589674,0.9947288632392883,8.557268778483072,0.48200292388598126,0.8347992300987244,0.7633076111475626,0.3787589470545451,0.9962976574897766,6.925698439280192,0.4555987815062205,0.8247258464495341,0.7827308177947998,0.38339701294898987,0.9967489838600159,6.480650266011556,0.36379313468933105,9.798655450095568,9.026357007268466,7.414232222048324,0.020229946966303702,0.006249620068235512,0.2821835538609746,0.016523641390654854,0.016780458970547488,0.4715129421246364,0.006082096675429488,0.01061944569312097,1.2949133397722825,0.0,0.03744348814132911,0.06498127578466617,,,,,,0.020306553665996294,0.005857823979325001,0.8046145884467393,0.029299118938011483,0.004497304198110195,0.7524143543391312,0.04547559179187845,0.009197377529593204,0.20793163857831148,0.0,0.006621658140849549,0.014416392597538094,0.006531812636366284,0.0013424970527516824,0.17111969168825597,0.009842210943517168,0.015460784796297039,0.016523641390654854,0.011411674125197623,0.0008806545500330872,0.8683346886425649,0.010895170825155212,0.021286966835274916,0.006082096675429488,0.021758796201321963,0.00047888576132400787,0.6816599462060418,0.0319577939663112,0.03667422361239043,0.011544521892125868,0.003049315428905468,0.0032511367766012507,0.0032511367766012507,0.0,0.004491951330986399,0.004111243038467939,8.148544337234233,3.3202192120088303,1.9813529307989095,0.03744348814132911,0.0,0.0,0.0,0.0,0.0,0.0,0.0,0.0,0.0,0.0,0.0,0.0,0.0,0.0,0.0,0.0,0.0,0.0,0.0,0.0,0.0,6.082212337083134,0.0,0.004651197020694281,0.020306553665996294,0.007562060002887297,0.0009363114479247972,0.3620859483545689,0.00718140793764524,0.004497304198110195,0.029299118938011483,0.01878554105754286,0.0005717527417223359,0.7750525120751498,0.024471316877872983,0.009197377529593204,0.04547559179187845,0.052018842051255135,0.0011475697490241018,1.5583135773677232,0.011215864877112156,2.254845362121707,1.7976289961474734,1.0327276086074986,3,3,3,3,3,3,3,3,3,3,3,3,0,0,0,0,0,3,3,3,3,3,3,3,3,3,3,3,3,3,3,3,3,3,3,3,3,3,3,3,3,3,3,3,3,3,3,3,3,3,3,3,3,3,3,3,3,3,3,3,3,3,3,3,3,3,3,3,3,3,3,3,3,3,3,3,3,3,3,3,3,3,3,3,3,3,3,3,3,3,3,3,3,3,3,3,3,3,3,3,3,dfa,mnist,div255,mlp,tanh,sigmoid_bce,none
depth6__none,3,0.8950340747833252,0.7261614203453064,6.73097157334265,0.984247068564097,0.38716546694437665,12.055575082748307,0.997784435749054,0.25171238680680585,14.963286194755561,430.0,1.2514995733896892,1.19573657519443,83.33333333333333,443.3333333333333,603.3333333333334,520.0,0.10129421857937482,0.9997055729230245,0.2064792762200037,14.575390012490102,0.9999635020891825,0.1835416158040364,15.066645478322188,0.9999957879384359,0.16988409558931983,16.103384273504712,6.0,0.7261614203453064,0.8950340747833252,0.37996907035509747,0.9880542357762655,13.788181940714518,0.5772034525871277,0.38716546694437665,0.984247068564097,0.37511785825093585,0.9925263524055481,11.006115913391113,0.528705378373464,0.25171238680680585,0.997784435749054,0.37877482175827026,0.994109570980072,9.349713961283365,0.5358546773592631,0.17057291666666666,0.7010091145833334,0.8507486979166666,0.9002278645833334,0.9002278645833334,3000.0,0.7071776390075684,0.7071342468261719,34.41848964184992,14.052528415143323,11.295206413398757,1.2514995733896892,1.264911064067352,1.0,0.001,1.0,1.0,128.0,300.0,6.0,3000.0,-1.0,0.0,0.0,0.0,0.0,0.0,0.0,1.0,0.0,10.0,3.2490788990307586,35.225006103515625,21.586762348810833,3000.0,0.2064792762200037,0.9997055729230245,0.39759977658589674,0.9947288632392883,8.557268778483072,0.5416003465652466,0.1835416158040364,0.9999635020891825,0.3787589470545451,0.9962976574897766,6.925698439280192,0.4930025339126587,0.16988409558931983,0.9999957879384359,0.38339701294898987,0.9967489838600159,6.480650266011556,0.3164290984471639,9.798655450095568,9.026357007268466,7.414232222048324,0.012002385772843686,0.01754612714783378,0.1691462917171407,0.00429063124943414,0.047264771496297965,0.23466132634327963,0.000649900402534912,0.018072892208290028,1.1044900386171501,17.320508075688775,0.03744348814132911,0.10897844934543562,5.773502691896256,65.06407098647712,55.07570547286103,50.0,0.009350392574142713,0.00010615388662048678,0.015328976960001755,0.6329616033577194,1.965239650169076e-05,0.0018522492205082662,0.2561903380250799,3.35078490254856e-06,0.034744880066789365,0.5855232625291075,0.0,0.01754612714783378,0.012002385772843686,0.006531812636366284,0.0013424970527516824,0.17111969168825597,0.016237402349272952,0.047264771496297965,0.00429063124943414,0.011411674125197623,0.0008806545500330872,0.8683346886425649,0.012989587040613444,0.018072892208290028,0.000649900402534912,0.021758796201321963,0.00047888576132400787,0.6816599462060418,0.011639212042600926,0.054733983221311726,0.023367884350156295,0.005356276911427184,0.004915256793796048,0.004915256793796048,0.0,0.00807063018546636,0.008002580257681673,8.148544337234233,3.3202192120088303,1.9813529307989095,0.03744348814132911,0.0,0.0,0.0,0.0,0.0,0.0,0.0,0.0,0.0,0.0,0.0,0.0,0.0,0.0,0.0,0.0,0.0,0.0,0.0,0.0,0.0,0.4352437071726459,0.0,0.015328976960001755,0.00010615388662048678,0.007562060002887297,0.0009363114479247972,0.3620859483545689,0.007337928178269523,0.0018522492205082662,1.965239650169076e-05,0.01878554105754286,0.0005717527417223359,0.7750525120751498,0.015358357728552936,0.034744880066789365,3.35078490254856e-06,0.052018842051255135,0.0011475697490241018,1.5583135773677232,0.012262417905545272,2.254845362121707,1.7976289961474734,1.0327276086074986,3,3,3,3,3,3,3,3,3,3,3,3,3,3,3,3,3,3,3,3,3,3,3,3,3,3,3,3,3,3,3,3,3,3,3,3,3,3,3,3,3,3,3,3,3,3,3,3,3,3,3,3,3,3,3,3,3,3,3,3,3,3,3,3,3,3,3,3,3,3,3,3,3,3,3,3,3,3,3,3,3,3,3,3,3,3,3,3,3,3,3,3,3,3,3,3,3,3,3,3,3,dfa,mnist,div255,mlp,tanh,sigmoid_bce,none
depth6__outlr10,3,0.7225942810376486,0.9018851518630981,1.8499559007137236,0.8377148509025574,0.8685559630393982,1.92527828641075,0.90937606493632,0.8307094573974609,2.027870828562232,146.66666666666666,1.2514995733896892,0.8277375211383021,40.0,110.0,185.0,145.0,0.136077880859375,0.9496532082557678,0.806895911693573,2.027363443495566,0.9718021551767985,0.7796000838279724,2.1236955848240293,0.9844219287236532,0.7674029668172201,2.193216018845881,6.0,0.9220571716626486,0.7225942810376486,0.37996907035509747,0.9880542357762655,13.788181940714518,0.5033847888310751,0.8796790639559428,0.8377148509025574,0.37511785825093585,0.9925263524055481,11.006115913391113,0.43019209305445355,0.8307094573974609,0.90937606493632,0.37877482175827026,0.994109570980072,9.349713961283365,0.4360487063725789,0.7698567708333334,0.8702799479166666,0.8943684895833334,0.9161783854166666,0.9161783854166666,3000.0,0.5021240711212158,0.49853090445200604,3.441848964184992,1.4052528415143322,1.1295206413398755,1.2514995733896892,1.264911064067352,1.0,0.001,10.0,1.0,128.0,300.0,6.0,3000.0,-1.0,0.0,0.0,0.0,0.0,0.0,0.0,1.0,0.0,10.0,3.2490788990307586,35.225006103515625,21.386874119440716,3000.0,0.806895911693573,0.9496532082557678,0.39759977658589674,0.9947288632392883,8.557268778483072,0.44665910800298053,0.7796000838279724,0.9718021551767985,0.3787589470545451,0.9962976574897766,6.925698439280192,0.44493847091992694,0.7674029668172201,0.9844219287236532,0.38339701294898987,0.9967489838600159,6.480650266011556,0.4539270798365275,0.9798655450095568,0.9026357007268467,0.7414232222048325,0.026678421331883917,0.005276095751931589,0.01327815511932924,0.03516741178006093,0.015162034015871404,0.09529963866405614,0.02676649074392003,0.04293694480840126,0.1820537249538759,23.094010767585026,0.03744348814132911,0.08172757200546805,0.0,0.0,21.213203435596427,21.213203435596427,0.001942126779381997,0.017037235980826626,0.03646076790718748,0.23515359246813736,0.009041674727833135,0.021502933727176484,0.14033728586618774,0.004855898809492866,0.0191046311511291,0.0728286576660462,0.0,0.010895641493421534,0.026678421331883917,0.006531812636366284,0.0013424970527516824,0.17111969168825597,0.021379067414087686,0.023027871009041856,0.03516741178006093,0.011411674125197623,0.0008806545500330872,0.8683346886425649,0.015597636844503082,0.04293694480840126,0.02676649074392003,0.021758796201321963,0.00047888576132400787,0.6816599462060418,0.020713539851147825,0.005488188574247174,0.0037293096475877726,0.006736393908390249,0.005266500549271962,0.005266500549271962,0.0,0.024563158502265467,0.022867937422795758,0.8148544337234236,0.3320219212008832,0.19813529307989092,0.03744348814132911,0.0,0.0,0.0,0.0,0.0,0.0,0.0,0.0,0.0,0.0,0.0,0.0,0.0,0.0,0.0,0.0,0.0,0.0,0.0,0.0,0.0,0.48128105139729305,0.0,0.03646076790718748,0.017037235980826626,0.007562060002887297,0.0009363114479247972,0.3620859483545689,0.009628869628092293,0.021502933727176484,0.009041674727833135,0.01878554105754286,0.0005717527417223359,0.7750525120751498,0.013993708384043908,0.0191046311511291,0.004855898809492866,0.052018842051255135,0.0011475697490241018,1.5583135773677232,0.009339377063706392,0.2254845362121707,0.17976289961474745,0.10327276086074987,3,3,3,3,3,3,3,3,3,3,3,3,2,2,2,2,2,3,3,3,3,3,3,3,3,3,3,3,3,3,3,3,3,3,3,3,3,3,3,3,3,3,3,3,3,3,3,3,3,3,3,3,3,3,3,3,3,3,3,3,3,3,3,3,3,3,3,3,3,3,3,3,3,3,3,3,3,3,3,3,3,3,3,3,3,3,3,3,3,3,3,3,3,3,3,3,3,3,3,3,3,dfa,mnist,div255,mlp,tanh,sigmoid_bce,none
depth6__priorbias,3,0.6411869327227274,0.7936424612998962,0.8830470099541087,0.5502067605654398,0.775401254494985,1.2126659448079247,0.46780486901601154,0.8346349398295084,1.3258576307802916,0.0,0.061317730695009204,0.06631848171649536,26.666666666666668,123.33333333333333,266.6666666666667,240.0,0.11580132378472223,0.4855284094810486,0.856059730052948,1.0309991846243538,0.4859432677427928,0.8731662233670553,0.876093954877808,0.500704824924469,0.8595524827639262,0.6938703683389936,6.0,0.9775276978810629,0.42477162679036456,0.37996907035509747,0.9880542357762655,13.788181940714518,0.6126504937807719,0.9747947653134664,0.44035842021306354,0.37511785825093585,0.9925263524055481,11.006115913391113,0.5654927492141724,0.957035481929779,0.46499234437942505,0.37877482175827026,0.994109570980072,9.349713961283365,0.5852036476135254,0.5857747395833334,0.83056640625,0.8701171875,0.9072265625,0.9072265625,3000.0,0.6491546829541525,0.6476990183194479,1.6811450650421624,0.6866275747428716,0.5529398853961222,0.061317730695009204,1.264911064067352,1.0,0.001,1.0,1.0,128.0,300.0,6.0,3000.0,0.10000000000000002,0.0,0.0,0.0,0.0,0.0,0.0,1.0,0.0,10.0,3.2490788990307586,35.225006103515625,21.552311023076374,3000.0,0.9312848051389059,0.4855284094810486,0.39759977658589674,0.9947288632392883,8.557268778483072,0.5825021465619405,0.8979368607203165,0.4859432677427928,0.3787589470545451,0.9962976574897766,6.925698439280192,0.5101384321848551,0.8678924441337585,0.500704824924469,0.38339701294898987,0.9967489838600159,6.480650266011556,0.3013029495875041,0.4778438523236914,0.44117213372996944,0.36276257181409255,0.02430562886729735,0.009915721966227909,0.5262106152680358,0.02163609791294012,0.013055013158604176,1.0713719391596284,0.06695174186184552,0.008010606669656107,1.2999407468914477,0.0,0.003692108232161779,0.0033032533072274964,46.18802153517006,41.63331998932265,28.867513459481295,17.320508075688775,0.01308599401391153,0.07322086787050495,0.012714306945213347,0.9593126446729298,0.0799182536171146,0.012750554081558688,0.8715285999827905,0.067697696805888,0.0216489346551836,0.6726522892176198,0.0,0.004946339354744938,0.04236186681331759,0.006531812636366284,0.0013424970527516824,0.17111969168825597,0.018969409391088616,0.004743554644066544,0.0498857262214609,0.011411674125197623,0.0008806545500330872,0.8683346886425649,0.016251491969519465,0.010469354527781768,0.07128648064705867,0.021758796201321963,0.00047888576132400787,0.6816599462060418,0.00575588357400409,0.01979999032582262,0.004809012598533254,0.003996754283140845,0.006118146526436361,0.006118146526436361,0.0,0.012774764736062361,0.011515490459266635,0.36458055820091745,0.15035201455754585,0.09579284416244606,0.003692108232161779,0.0,0.0,0.0,0.0,0.0,0.0,0.0,0.0,0.0,0.0,0.0,0.0,0.0,0.0,0.0,0.0,0.0,0.0,0.0,0.0,0.0,0.15870796878257756,0.0,0.010614371857563351,0.07322086787050495,0.007562060002887297,0.0009363114479247972,0.3620859483545689,0.005898933059148642,0.02930999120319307,0.0799182536171146,0.01878554105754286,0.0005717527417223359,0.7750525120751498,0.01402169819883072,0.02545538943380001,0.067697696805888,0.052018842051255135,0.0011475697490241018,1.5583135773677232,0.013339075301850554,0.09474352071387661,0.08056832930215183,0.04764069933451131,3,3,3,3,3,3,3,3,3,3,3,3,3,3,3,3,3,3,3,3,3,3,3,3,3,3,3,3,3,3,3,3,3,3,3,3,3,3,3,3,3,3,3,3,3,3,3,3,3,3,3,3,3,3,3,3,3,3,3,3,3,3,3,3,3,3,3,3,3,3,3,3,3,3,3,3,3,3,3,3,3,3,3,3,3,3,3,3,3,3,3,3,3,3,3,3,3,3,3,3,3,dfa,mnist,div255,mlp,tanh,sigmoid_bce,none
depth6__whiten,3,0.8373390634854635,0.681558350721995,7.009772311320394,0.9369869232177734,0.5381256143252054,6.084740627500163,0.9739934206008911,0.43781360983848566,7.098015422604444,2916.6666666666665,1.2514995733896892,1.2666968717710259,280.0,743.3333333333334,2563.3333333333335,2283.3333333333335,0.0978386593828748,0.9881123503049215,0.36524292826652527,8.22505230671373,0.9942984382311503,0.3569026092688243,9.109591379174285,0.9975184996922811,0.3322651982307434,9.412742941832173,6.0,0.8759569128354391,0.7437785069147745,0.37996907035509747,0.9880542357762655,13.788181940714518,0.13378857324520743,0.8270511825879415,0.8691626191139221,0.37511785825093585,0.9925263524055481,11.006115913391113,0.14979428549607596,0.7781697312990824,0.937493085861206,0.37877482175827026,0.994109570980072,9.349713961283365,0.15153346955776212,0.12744140625,0.13655598958333334,0.16650390625,0.3779296875,0.3779296875,3000.0,2.726316531499227,2.726316531499227,34.41848964184992,14.052528415143323,11.295206413398757,1.2514995733896892,1.264911064067352,1.0,0.001,1.0,1.0,128.0,300.0,6.0,3000.0,-1.0,0.0,0.0,0.0,1.0,0.0,0.0,1.0,0.0,10.0,3.2490788990307586,35.225006103515625,48.89742843310038,3000.0,0.7670451402664185,0.9680126905441284,0.39759977658589674,0.9947288632392883,8.557268778483072,0.17254497110843658,0.7631530165672302,0.9831390579541525,0.3787589470545451,0.9962976574897766,6.925698439280192,0.12964733938376102,0.7690821488698324,0.9913235704104105,0.38339701294898987,0.9967489838600159,6.480650266011556,0.06439195324977233,9.798655450095568,9.026357007268466,7.414232222048324,0.004407369771586739,0.007076511073955646,1.0942746222797868,0.011223802858324151,0.042162923972084446,1.2125161792663708,0.005496519502252362,0.033739321251728564,1.3747517901706863,5.773502691896192,0.03744348814132911,0.04451348256258901,34.64101615137755,115.90225767142475,57.73502691896261,50.332229568471654,0.004446120397404883,0.003352602485676244,0.010900398438969368,1.8618098878357459,0.0019960446945586365,0.011201548882249435,1.9712085121309437,0.0010564204043784404,0.020390715125012993,2.111263545961495,0.0,0.007522352694951923,0.013083223490390363,0.006531812636366284,0.0013424970527516824,0.17111969168825597,0.01864305086829643,0.010086371214480557,0.01621717628935369,0.011411674125197623,0.0008806545500330872,0.8683346886425649,0.02441753901127068,0.02565080079045263,0.0042598098395272505,0.021758796201321963,0.00047888576132400787,0.6816599462060418,0.006303540336077896,0.017867357874542956,0.05395526224280425,0.015716286073663165,0.012629411285524963,0.012629411285524963,0.0,0.013097862682868286,0.013097862682868286,8.148544337234233,3.3202192120088303,1.9813529307989095,0.03744348814132911,0.0,0.0,0.0,0.0,0.0,0.0,0.0,0.0,0.0,0.0,0.0,0.0,0.0,0.0,0.0,0.0,0.0,0.0,0.0,0.0,0.0,0.4470730163246357,0.0,0.040160952716354864,0.0038211686978987425,0.007562060002887297,0.0009363114479247972,0.3620859483545689,0.01356370456755353,0.039317760822985645,0.0012328768294547834,0.01878554105754286,0.0005717527417223359,0.7750525120751498,0.01162656136630558,0.038233210040623765,0.0005764902091706235,0.052018842051255135,0.0011475697490241018,1.5583135773677232,0.020436052450089316,2.254845362121707,1.7976289961474734,1.0327276086074986,3,3,3,3,3,3,3,3,3,3,3,3,3,3,3,3,3,3,3,3,3,3,3,3,3,3,3,3,3,3,3,3,3,3,3,3,3,3,3,3,3,3,3,3,3,3,3,3,3,3,3,3,3,3,3,3,3,3,3,3,3,3,3,3,3,3,3,3,3,3,3,3,3,3,3,3,3,3,3,3,3,3,3,3,3,3,3,3,3,3,3,3,3,3,3,3,3,3,3,3,3,dfa,mnist,div255,mlp,tanh,sigmoid_bce,none
