tag,step,energy_drop,R_initial,R_matched,R_drop,direction_fraction,gradient_cosine
aligned,40.0,0.8782507984417226,7.665239012797082,7.876457308983658,0.9731835915690591,0.0510859162222973,0.9999734163284302
aligned,40.0,0.9217175510265847,7.60420333322029,7.867894140275119,0.9664852116267023,0.0525895714401632,0.9999808073043824
aligned,40.0,0.8962158957071963,7.654409663871648,7.848926139464202,0.9752174409420762,0.0590441937999273,0.9999487400054932
base,80.0,22.249490126347954,7.665239012797082,7.503501426729009,1.021554948399414,0.2552818268398277,-0.0806488022208213
base,80.0,35.20506622751376,7.60420333322029,7.443360833228264,1.0216088543328439,0.2328037777907628,-0.0435303449630737
base,80.0,26.52228031726418,7.654409663871648,7.31389278084029,1.0465575437369532,0.3013961769723662,-0.0262315720319747
bp,140.0,1.1695723003468481,7.665239012797082,7.740007608238368,0.9903399842447567,,
bp,160.0,1.1833476374004535,7.60420333322029,7.732256618368373,0.9834390797579213,,
bp,140.0,1.1843216239035042,7.654409663871648,7.73681164546068,0.98934936180883,,
center_delta,40.0,0.8522858863310019,7.665239012797082,7.707710040405293,0.9944897995143085,0.0023772799806965,0.0571599751710891
center_delta,40.0,0.8155735612762935,7.60420333322029,7.696030577201052,0.9880682329598853,0.0056222541273865,-0.076254092156887
center_delta,40.0,0.8576393431149648,7.654409663871648,7.678946547061192,0.9968046550344937,0.0028691034482539,0.0860623344779014
frzout,200.0,6054.396591787582,7.665239012797082,5.619854987196259,1.363956726687936,0.0953622217641813,-0.1482993066310882
frzout,300.0,2995.046185125834,7.60420333322029,5.380299957080262,1.41334189429596,0.0388092728506747,0.1409782171249389
frzout,260.0,14307.097855917635,7.654409663871648,5.893970070195811,1.298684854641169,0.0436826764502192,-0.0808760672807693
g3,40.0,123.47345151316692,7.665239012797082,7.13241857432764,1.0747040338304417,0.1800575147221109,0.0119830835610628
g3,40.0,230.3009636275361,7.60420333322029,6.929059381478037,1.0974365948640834,0.1603500085828588,-0.0395647138357162
g3,40.0,208.5733384782642,7.654409663871648,6.967756109857295,1.0985473003343131,0.2013762050011038,0.3491240441799164
smimb07,40.0,2.3660582445716476,7.876054095723122,8.904660117006328,0.8844867734683381,0.4116360345425714,0.011726938188076
smimb07,40.0,1.1504700320466061,8.161092196863105,9.053819304454496,0.9013977330923573,0.4412174377607332,0.0730250030755996
smimb07,40.0,1.1778676270965864,8.157463424832818,8.914398501428623,0.9150884856140884,0.4352522089368049,-0.1007275581359863
softmax,40.0,0.65876164762278,7.626329312184975,7.818427758367807,0.9754300414201263,0.0129322590491,-0.0401380360126495
softmax,40.0,0.6357241188623145,7.597013128469698,7.835075538653968,0.9696158117417246,0.0122349748809183,-0.0047046318650245
softmax,40.0,0.6550874234114363,7.652431141783771,7.845703635858611,0.9753658176442591,0.0091749772316697,-0.0219252407550811
