seed,checkpoint,training_step,layer,heldout_accuracy,cov_energy,normalized_covariance,rms
0,initial,0,1,0.8840000033378601,0.4862207285278934,5.985558470666883,0.27530822960793844
0,initial,0,2,0.8939999938011169,0.40496815743832154,6.164645450129224,0.24692156406102558
0,initial,0,3,0.8951999545097351,0.31774459882180944,6.191330463055634,0.22261439972467917
0,collapse,110,1,0.894599974155426,0.4442382497587499,6.390932292780614,0.2292615408973747
0,collapse,110,2,0.8953999876976013,0.12535825928642785,6.37130305419334,0.11208616763847495
0,collapse,110,3,0.8903999924659729,0.019566745298286878,6.062066184179123,0.04217299901460331
0,recovery,3000,1,0.925599992275238,4.020400300359251,7.582666704698384,0.4867933118898671
0,recovery,3000,2,0.9293999671936035,8.214386389848642,8.183844985276835,0.6395468755748487
0,recovery,3000,3,0.9251999855041504,10.570699975689868,8.395353249374727,0.6985467242218554
1,initial,0,1,0.8703999519348145,0.46822014461280514,5.998487703869309,0.27396921426073567
1,initial,0,2,0.8829999566078186,0.3622341912166929,6.14771548089552,0.24534188464392812
1,initial,0,3,0.8851999640464783,0.295998893331407,6.230111780724216,0.22553843352857195
1,collapse,80,1,0.8845999836921692,0.4121604041668244,6.320739682690328,0.22293751369615913
1,collapse,80,2,0.8913999795913696,0.08594825315918538,6.242946869772458,0.09791313732319308
1,collapse,80,3,0.8813999891281128,0.009064166418011839,5.834639181177307,0.03178685543383975
1,recovery,3000,1,0.9246000051498413,4.494703605462087,7.6435027626924095,0.5116298338730878
1,recovery,3000,2,0.9269999861717224,7.600681146731332,8.261862680798258,0.6177591924190892
1,recovery,3000,3,0.921999990940094,10.274171007487247,8.42823311404737,0.6852475724976274
2,initial,0,1,0.8772000074386597,0.46278364114832243,5.9773393754886985,0.2713224287375914
2,initial,0,2,0.892799973487854,0.3501469476556217,6.111156820447315,0.24049989898070073
2,initial,0,3,0.897599995136261,0.2854237280169197,6.195878894811945,0.2192308516413933
2,collapse,120,1,0.8955999612808228,0.46471064662513384,6.410134931962506,0.22778336554423612
2,collapse,120,2,0.9007999897003174,0.09890145747182788,6.3191258516875,0.10433847406354452
2,collapse,120,3,0.8869999647140503,0.014764161264656966,5.93810247940443,0.03923980467859252
2,recovery,3000,1,0.9293999671936035,4.1502759362031805,7.627161972097758,0.4942076266379829
2,recovery,3000,2,0.9293999671936035,8.166962091102269,8.195636457690446,0.6397698305032384
2,recovery,3000,3,0.9233999848365784,10.848837568266015,8.41228559135087,0.7044726477523746
