exp,tag,seed,time,accuracy
E13_adam,sgd_base,0,520.0,0.8994140625
E13_adam,sgd_base,1,590.0,0.8994140625
E13_adam,sgd_base,2,500.0,0.90771484375
E13_adam,adam0.001_base,0,120.0,0.97216796875
E13_adam,adam0.001_base,1,120.0,0.970703125
E13_adam,adam0.001_base,2,110.0,0.96533203125
E13_adam,adam0.0001_base,0,470.0,0.921875
E13_adam,adam0.0001_base,1,520.0,0.927734375
E13_adam,adam0.0001_base,2,450.0,0.9345703125
E4_cures,base__none,0,520.0,0.8994140625
E4_cures,base__none,1,590.0,0.8994140625
E4_cures,base__none,2,500.0,0.90771484375
E4_cures,base__whiten,0,1940.0,0.6318359375
E4_cures,base__whiten,1,1820.0,0.54931640625
E4_cures,base__whiten,2,1930.0,0.56396484375
E4_cures,base__whiten_lam3.0,0,440.0,0.86669921875
E4_cures,base__whiten_lam3.0,1,450.0,0.861328125
E4_cures,base__whiten_lam3.0,2,410.0,0.87060546875
E4_cures,base__whiten_lam10.0,0,400.0,0.8857421875
E4_cures,base__whiten_lam10.0,1,400.0,0.89453125
E4_cures,base__whiten_lam10.0,2,360.0,0.8984375
