label,seed,preprocess,head,error,cos,p
"Raw pixels, sigmoid",0,div255,sigmoid_bce,1.2692182064056396,0.9980725646018982,0.2263270020484924
"Raw pixels, sigmoid",1,div255,sigmoid_bce,1.3514316082000732,0.9989032745361328,0.1923277080059051
"Raw pixels, sigmoid",2,div255,sigmoid_bce,1.247653603553772,0.9982762932777404,0.2242631167173385
"Raw pixels, softmax",0,div255,softmax_ce,0.0413278229534626,0.3573804199695587,0.9409741163253784
"Raw pixels, softmax",1,div255,softmax_ce,0.0921422094106674,0.8138634562492371,0.8684104084968567
"Raw pixels, softmax",2,div255,softmax_ce,0.100830465555191,0.4728114008903503,0.9506710171699524
"Standardized, softmax",0,standardize,softmax_ce,0.0904107093811035,0.2709207236766815,0.9329913258552552
"Standardized, softmax",1,standardize,softmax_ce,0.0930543169379234,0.3001135885715484,0.9390148520469666
"Standardized, softmax",2,standardize,softmax_ce,0.0889791771769523,0.3184877038002014,0.917256236076355
