seed,step,layer,centered_displacement,p
0,0,1,0.0,0.9909001588821411
0,0,2,0.0,0.9935283064842224
0,0,3,0.0,0.9948840141296387
0,10,1,0.10107329487800598,0.9506446719169617
0,10,2,0.14634329080581665,0.932671844959259
0,10,3,0.19660507142543793,0.9319859147071838
0,25,1,0.2625582218170166,0.8373022079467773
0,25,2,0.4640505611896515,0.6612313389778137
0,25,3,0.6693128943443298,0.5119555592536926
0,50,1,0.37523317337036133,0.7523481249809265
0,50,2,0.6503884792327881,0.4674651026725769
0,50,3,0.8576663732528687,0.2813234329223633
0,100,1,0.47647836804389954,0.7242494821548462
0,100,2,0.7233681082725525,0.40693020820617676
0,100,3,0.899023175239563,0.22805412113666534
0,110,1,0.4945710599422455,0.7249574065208435
0,110,2,0.7296996712684631,0.40860629081726074
0,110,3,0.9002453088760376,0.22632700204849243
0,120,1,0.5135192275047302,0.7271170616149902
0,120,2,0.7367713451385498,0.4130387306213379
0,120,3,0.9018537402153015,0.2269694209098816
0,200,1,0.7130504250526428,0.7573479413986206
0,200,2,0.8557297587394714,0.4777720272541046
0,200,3,0.9228906631469727,0.2726300060749054
0,300,1,1.0944262742996216,0.8054459691047668
0,300,2,1.4815912246704102,0.6310350894927979
0,300,3,1.3581881523132324,0.4541837275028229
0,500,1,1.9426699876785278,0.8387913703918457
0,500,2,3.700568914413452,0.7619074583053589
0,500,3,4.74941873550415,0.7069796323776245
0,1000,1,2.9108693599700928,0.8468624949455261
0,1000,2,6.28513240814209,0.8370040655136108
0,1000,3,8.552873611450195,0.7980260252952576
0,1500,1,3.1629092693328857,0.8365127444267273
0,1500,2,6.941646575927734,0.8344351649284363
0,1500,3,9.483585357666016,0.8093755841255188
0,3000,1,3.3246424198150635,0.8146029114723206
0,3000,2,7.516885280609131,0.8153509497642517
0,3000,3,10.681432723999023,0.8133426904678345
1,0,1,0.0,0.9887229204177856
1,0,2,0.0,0.9926004409790039
1,0,3,0.0,0.9939010739326477
1,10,1,0.11665750294923782,0.9456620812416077
1,10,2,0.1785905659198761,0.9164444804191589
1,10,3,0.23350568115711212,0.9051189422607422
1,25,1,0.2887691855430603,0.8157048225402832
1,25,2,0.52550208568573,0.566656231880188
1,25,3,0.7294372320175171,0.43482068181037903
1,50,1,0.40029236674308777,0.7216616868972778
1,50,2,0.7004570364952087,0.35222411155700684
1,50,3,0.8913508653640747,0.24210549890995026
1,80,1,0.4685383439064026,0.6939860582351685
1,80,2,0.7477515935897827,0.3043102025985718
1,80,3,0.9187892079353333,0.19232770800590515
1,100,1,0.506931483745575,0.6914756894111633
1,100,2,0.7622868418693542,0.3035834729671478
1,100,3,0.920962929725647,0.19671544432640076
1,120,1,0.547803521156311,0.6941660046577454
1,120,2,0.7744061350822449,0.30967772006988525
1,120,3,0.9200019240379333,0.19960717856884003
1,200,1,0.7597506046295166,0.7261921167373657
1,200,2,0.8836118578910828,0.37317317724227905
1,200,3,0.92568439245224,0.22990712523460388
1,300,1,1.1355469226837158,0.7722723484039307
1,300,2,1.3788738250732422,0.49458640813827515
1,300,3,1.2378244400024414,0.3386407494544983
1,500,1,1.9337828159332275,0.8282735347747803
1,500,2,3.095665454864502,0.662057638168335
1,500,3,3.7150938510894775,0.5681975483894348
1,1000,1,3.0176913738250732,0.8560649752616882
1,1000,2,5.701038837432861,0.7577786445617676
1,1000,3,7.808060646057129,0.7507230639457703
1,1500,1,3.381559371948242,0.8559616208076477
1,1500,2,6.415403842926025,0.7669880986213684
1,1500,3,8.9755277633667,0.7678921818733215
1,3000,1,3.6170766353607178,0.8418564200401306
1,3000,2,6.951425075531006,0.7644763588905334
1,3000,3,10.259666442871094,0.7893099188804626
2,0,1,0.0,0.9858370423316956
2,0,2,0.0,0.9923094511032104
2,0,3,0.0,0.9937039613723755
2,10,1,0.08807250112295151,0.95082688331604
2,10,2,0.127123162150383,0.9454879760742188
2,10,3,0.158781036734581,0.9433004856109619
2,25,1,0.26441437005996704,0.8424041867256165
2,25,2,0.461282879114151,0.6752822995185852
2,25,3,0.6553298830986023,0.529515266418457
2,50,1,0.3921739459037781,0.7492913007736206
2,50,2,0.6774333715438843,0.42800673842430115
2,50,3,0.872079074382782,0.2913481891155243
2,100,1,0.4947986602783203,0.7118024826049805
2,100,2,0.7455334067344666,0.3473387360572815
2,100,3,0.9122228622436523,0.23432224988937378
2,120,1,0.5337108373641968,0.7130575180053711
2,120,2,0.7570151686668396,0.3488920032978058
2,120,3,0.915289044380188,0.22426311671733856
2,200,1,0.7612463235855103,0.7431479096412659
2,200,2,0.8732105493545532,0.4400100111961365
2,200,3,0.9457424879074097,0.2678064703941345
2,300,1,1.171924352645874,0.7932636141777039
2,300,2,1.5618150234222412,0.608386754989624
2,300,3,1.5389609336853027,0.4332047402858734
2,500,1,2.0020837783813477,0.837113618850708
2,500,2,3.9137585163116455,0.7641105055809021
2,500,3,5.022047996520996,0.6915364861488342
2,1000,1,2.9238667488098145,0.84514319896698
2,1000,2,6.387345314025879,0.7921590805053711
2,1000,3,8.586526870727539,0.7810875177383423
2,1500,1,3.240400791168213,0.8423755168914795
2,1500,2,7.222112655639648,0.8013864159584045
2,1500,3,10.005208015441895,0.7962453961372375
2,3000,1,3.4498586654663086,0.8249416351318359
2,3000,2,7.8678059577941895,0.7947592735290527
2,3000,3,11.412137031555176,0.7929381132125854
