seed,checkpoint,readout,step,loss,accuracy
0,initial,raw,0,7.031731128692627,0.08299999684095383
0,initial,centered,0,7.031731128692627,0.08299999684095383
0,initial,scaled,0,7.031731128692627,0.08299999684095383
0,initial,raw,10,6.880181312561035,0.08619999885559082
0,initial,centered,10,7.012368679046631,0.08619999885559082
0,initial,scaled,10,6.950801372528076,0.13459999859333038
0,initial,raw,25,6.665873050689697,0.08859999477863312
0,initial,centered,25,6.983331680297852,0.08899999409914017
0,initial,scaled,25,6.837729454040527,0.21979999542236328
0,initial,raw,50,6.340607643127441,0.09359999746084213
0,initial,centered,50,6.935401439666748,0.09399999678134918
0,initial,scaled,50,6.675656318664551,0.3691999912261963
0,initial,raw,100,5.793803691864014,0.10740000009536743
0,initial,centered,100,6.841696739196777,0.10679999738931656
0,initial,scaled,100,6.424531936645508,0.5532000064849854
0,initial,raw,200,5.008170127868652,0.13319998979568481
0,initial,centered,200,6.660798072814941,0.13679999113082886
0,initial,scaled,200,6.0733137130737305,0.6832000017166138
0,initial,raw,300,4.49263334274292,0.1597999930381775
0,initial,centered,300,6.48879861831665,0.16740000247955322
0,initial,scaled,300,5.81934928894043,0.7324000000953674
0,initial,raw,500,3.8869974613189697,0.22119998931884766
0,initial,centered,500,6.169517993927002,0.21879999339580536
0,initial,scaled,500,5.436694622039795,0.7723999619483948
0,initial,raw,1000,3.280966281890869,0.3667999804019928
0,initial,centered,1000,5.4907989501953125,0.36879998445510864
0,initial,scaled,1000,4.751916885375977,0.8046000003814697
0,initial,raw,1500,3.034135580062866,0.4790000021457672
0,initial,centered,1500,4.95307731628418,0.4797999858856201
0,initial,scaled,1500,4.245077133178711,0.819599986076355
0,initial,raw,3000,2.665271043777466,0.6661999821662903
0,initial,centered,3000,3.8830795288085938,0.6489999890327454
0,initial,scaled,3000,3.2563557624816895,0.8363999724388123
0,collapse,raw,0,3.2666773796081543,0.11499999463558197
0,collapse,centered,0,3.2666773796081543,0.11499999463558197
0,collapse,scaled,0,3.2666776180267334,0.11499999463558197
0,collapse,raw,10,3.258070707321167,0.11419999599456787
0,collapse,centered,10,3.266432046890259,0.1151999980211258
0,collapse,scaled,10,3.161539077758789,0.25859999656677246
0,collapse,raw,25,3.2501909732818604,0.12520000338554382
0,collapse,centered,25,3.266054391860962,0.1151999980211258
0,collapse,scaled,25,3.025702953338623,0.37279999256134033
0,collapse,raw,50,3.2448203563690186,0.15779998898506165
0,collapse,centered,50,3.265420436859131,0.11539999395608902
0,collapse,scaled,50,2.8532845973968506,0.4733999967575073
0,collapse,raw,100,3.241926908493042,0.1964000016450882
0,collapse,centered,100,3.264190912246704,0.11599999666213989
0,collapse,scaled,100,2.6377809047698975,0.5378000140190125
0,collapse,raw,200,3.2399327754974365,0.19139999151229858
0,collapse,centered,200,3.261747360229492,0.11899999529123306
0,collapse,scaled,200,2.4079816341400146,0.6128000020980835
0,collapse,raw,300,3.2383477687835693,0.1785999983549118
0,collapse,centered,300,3.25932240486145,0.12060000002384186
0,collapse,scaled,300,2.2805347442626953,0.6597999930381775
0,collapse,raw,500,3.2342617511749268,0.2409999966621399
0,collapse,centered,500,3.254533052444458,0.12799999117851257
0,collapse,scaled,500,2.133543014526367,0.7081999778747559
0,collapse,raw,1000,3.2261054515838623,0.24979999661445618
0,collapse,centered,1000,3.2426369190216064,0.1403999924659729
0,collapse,scaled,1000,1.9603838920593262,0.7639999985694885
0,collapse,raw,1500,3.2163891792297363,0.26479998230934143
0,collapse,centered,1500,3.2311360836029053,0.1565999984741211
0,collapse,scaled,1500,1.87014639377594,0.7881999611854553
0,collapse,raw,3000,3.189854621887207,0.28519999980926514
0,collapse,centered,3000,3.1982409954071045,0.22139999270439148
0,collapse,scaled,3000,1.7221328020095825,0.817799985408783
0,recovery,raw,0,0.750176727771759,0.8995999693870544
0,recovery,centered,0,0.750176727771759,0.8995999693870544
0,recovery,scaled,0,0.7501767873764038,0.8995999693870544
0,recovery,raw,10,0.7490575909614563,0.8995999693870544
0,recovery,centered,10,0.7493137717247009,0.8998000025749207
0,recovery,scaled,10,0.7484323382377625,0.8995999693870544
0,recovery,raw,25,0.7472760081291199,0.8995999693870544
0,recovery,centered,25,0.7480172514915466,0.8995999693870544
0,recovery,scaled,25,0.7458673715591431,0.8995999693870544
0,recovery,raw,50,0.7443193793296814,0.8999999761581421
0,recovery,centered,50,0.7458837628364563,0.8998000025749207
0,recovery,scaled,50,0.7418052554130554,0.8998000025749207
0,recovery,raw,100,0.7392129302024841,0.9001999497413635
0,recovery,centered,100,0.7420101165771484,0.8999999761581421
0,recovery,scaled,100,0.734887421131134,0.9001999497413635
0,recovery,raw,200,0.7297589182853699,0.8998000025749207
0,recovery,centered,200,0.7352171540260315,0.8999999761581421
0,recovery,scaled,200,0.7238475680351257,0.8998000025749207
0,recovery,raw,300,0.7212464809417725,0.9003999829292297
0,recovery,centered,300,0.72942715883255,0.9001999497413635
0,recovery,scaled,300,0.7152478694915771,0.899399995803833
0,recovery,raw,500,0.7065743803977966,0.8995999693870544
0,recovery,centered,500,0.7198269367218018,0.8998000025749207
0,recovery,scaled,500,0.702042281627655,0.899399995803833
0,recovery,raw,1000,0.6783774495124817,0.8985999822616577
0,recovery,centered,1000,0.701994776725769,0.8989999890327454
0,recovery,scaled,1000,0.6795426607131958,0.8987999558448792
0,recovery,raw,1500,0.659098207950592,0.8983999490737915
0,recovery,centered,1500,0.6893316507339478,0.8987999558448792
0,recovery,scaled,1500,0.6648258566856384,0.899399995803833
0,recovery,raw,3000,0.6245476603507996,0.8999999761581421
0,recovery,centered,3000,0.6638178825378418,0.8991999626159668
0,recovery,scaled,3000,0.6375448107719421,0.9007999897003174
1,initial,raw,0,7.62020206451416,0.1136000007390976
1,initial,centered,0,7.62020206451416,0.1136000007390976
1,initial,scaled,0,7.62020206451416,0.1136000007390976
1,initial,raw,10,7.431973934173584,0.1143999993801117
1,initial,centered,10,7.598221778869629,0.11479999870061874
1,initial,scaled,10,7.530570030212402,0.13199999928474426
1,initial,raw,25,7.1652936935424805,0.1143999993801117
1,initial,centered,25,7.5654706954956055,0.11539999395608902
1,initial,scaled,25,7.407477855682373,0.14959999918937683
1,initial,raw,50,6.765817165374756,0.11580000072717667
1,initial,centered,50,7.511388778686523,0.11800000071525574
1,initial,scaled,50,7.228666305541992,0.19519999623298645
1,initial,raw,100,6.105160713195801,0.12119999527931213
1,initial,centered,100,7.405515670776367,0.12299999594688416
1,initial,scaled,100,6.942171573638916,0.36899998784065247
1,initial,raw,200,5.182404518127441,0.13099999725818634
1,initial,centered,200,7.201048374176025,0.13179999589920044
1,initial,scaled,200,6.537110805511475,0.527999997138977
1,initial,raw,300,4.603288650512695,0.14319999516010284
1,initial,centered,300,7.005931854248047,0.13840000331401825
1,initial,scaled,300,6.241697311401367,0.5949999690055847
1,initial,raw,500,3.958721876144409,0.1735999882221222
1,initial,centered,500,6.642211437225342,0.15279999375343323
1,initial,scaled,500,5.797934055328369,0.6699999570846558
1,initial,raw,1000,3.358778715133667,0.27140000462532043
1,initial,centered,1000,5.8699727058410645,0.2085999995470047
1,initial,scaled,1000,5.018617630004883,0.7371999621391296
1,initial,raw,1500,3.1228461265563965,0.38179999589920044
1,initial,centered,1500,5.25907564163208,0.3188000023365021
1,initial,scaled,1500,4.462538719177246,0.7665999531745911
1,initial,raw,3000,2.7558882236480713,0.6069999933242798
1,initial,centered,3000,4.057137966156006,0.5465999841690063
1,initial,scaled,3000,3.379769802093506,0.8083999752998352
1,collapse,raw,0,3.3767917156219482,0.11140000075101852
1,collapse,centered,0,3.3767917156219482,0.11140000075101852
1,collapse,scaled,0,3.3767917156219482,0.11140000075101852
1,collapse,raw,10,3.3257765769958496,0.11319999396800995
1,collapse,centered,10,3.376417875289917,0.11140000075101852
1,collapse,scaled,10,3.293621778488159,0.21059998869895935
1,collapse,raw,25,3.2867932319641113,0.1297999918460846
1,collapse,centered,25,3.375824451446533,0.11159999668598175
1,collapse,scaled,25,3.1791367530822754,0.2669999897480011
1,collapse,raw,50,3.2649128437042236,0.1305999904870987
1,collapse,centered,50,3.3748886585235596,0.1119999960064888
1,collapse,scaled,50,3.0335121154785156,0.34860000014305115
1,collapse,raw,100,3.2541065216064453,0.10539999604225159
1,collapse,centered,100,3.3729631900787354,0.1119999960064888
1,collapse,scaled,100,2.835176944732666,0.4113999903202057
1,collapse,raw,200,3.2504701614379883,0.1119999960064888
1,collapse,centered,200,3.36919903755188,0.11239999532699585
1,collapse,scaled,200,2.6064882278442383,0.5302000045776367
1,collapse,raw,300,3.2500734329223633,0.11800000071525574
1,collapse,centered,300,3.365527629852295,0.11299999803304672
1,collapse,scaled,300,2.4773097038269043,0.5781999826431274
1,collapse,raw,500,3.2486863136291504,0.11419999599456787
1,collapse,centered,500,3.358428716659546,0.1143999993801117
1,collapse,scaled,500,2.337217330932617,0.6297999620437622
1,collapse,raw,1000,3.2437398433685303,0.12479999661445618
1,collapse,centered,1000,3.3417623043060303,0.1225999966263771
1,collapse,scaled,1000,2.1699585914611816,0.6997999548912048
1,collapse,raw,1500,3.2410359382629395,0.10999999940395355
1,collapse,centered,1500,3.326740264892578,0.13679999113082886
1,collapse,scaled,1500,2.0735902786254883,0.7295999526977539
1,collapse,raw,3000,3.2276816368103027,0.14059999585151672
1,collapse,centered,3000,3.2887721061706543,0.18439999222755432
1,collapse,scaled,3000,1.8915187120437622,0.7741999626159668
1,recovery,raw,0,0.7503958940505981,0.8947999477386475
1,recovery,centered,0,0.7503958940505981,0.8947999477386475
1,recovery,scaled,0,0.7503959536552429,0.8947999477386475
1,recovery,raw,10,0.7491721510887146,0.8951999545097351
1,recovery,centered,10,0.749458909034729,0.8949999809265137
1,recovery,scaled,10,0.74842768907547,0.8953999876976013
1,recovery,raw,25,0.7474035024642944,0.8953999876976013
1,recovery,centered,25,0.7481064200401306,0.8951999545097351
1,recovery,scaled,25,0.7456674575805664,0.8951999545097351
1,recovery,raw,50,0.744735598564148,0.8955999612808228
1,recovery,centered,50,0.7460433840751648,0.8951999545097351
1,recovery,scaled,50,0.7416384816169739,0.8949999809265137
1,recovery,raw,100,0.7393678426742554,0.8951999545097351
1,recovery,centered,100,0.7420482039451599,0.895799994468689
1,recovery,scaled,100,0.7343800663948059,0.8959999680519104
1,recovery,raw,200,0.729770839214325,0.895799994468689
1,recovery,centered,200,0.7352299094200134,0.895799994468689
1,recovery,scaled,200,0.7233522534370422,0.8953999876976013
1,recovery,raw,300,0.7210842370986938,0.8955999612808228
1,recovery,centered,300,0.7293328642845154,0.8951999545097351
1,recovery,scaled,300,0.7148391604423523,0.8953999876976013
1,recovery,raw,500,0.7060813307762146,0.8949999809265137
1,recovery,centered,500,0.7196606993675232,0.8949999809265137
1,recovery,scaled,500,0.7023928761482239,0.8951999545097351
1,recovery,raw,1000,0.6791955232620239,0.896399974822998
1,recovery,centered,1000,0.7035759091377258,0.8955999612808228
1,recovery,scaled,1000,0.6837792992591858,0.8971999883651733
1,recovery,raw,1500,0.6608222723007202,0.897599995136261
1,recovery,centered,1500,0.6926316618919373,0.8969999551773071
1,recovery,scaled,1500,0.6716476678848267,0.8973999619483948
1,recovery,raw,3000,0.6292675733566284,0.897599995136261
1,recovery,centered,3000,0.6714048385620117,0.8971999883651733
1,recovery,scaled,3000,0.649101972579956,0.8989999890327454
2,initial,raw,0,6.946118354797363,0.07979999482631683
2,initial,centered,0,6.946118354797363,0.07979999482631683
2,initial,scaled,0,6.946118354797363,0.07979999482631683
2,initial,raw,10,6.7849202156066895,0.08060000091791153
2,initial,centered,10,6.927423477172852,0.08060000091791153
2,initial,scaled,10,6.865996837615967,0.10019999742507935
2,initial,raw,25,6.558107852935791,0.0819999948143959
2,initial,centered,25,6.899496555328369,0.08219999819993973
2,initial,scaled,25,6.755932807922363,0.14419999718666077
2,initial,raw,50,6.212156295776367,0.085999995470047
2,initial,centered,50,6.853281021118164,0.085999995470047
2,initial,scaled,50,6.5928215980529785,0.23979999125003815
2,initial,raw,100,5.645121097564697,0.09380000084638596
2,initial,centered,100,6.762792110443115,0.09239999949932098
2,initial,scaled,100,6.33914041519165,0.4456000030040741
2,initial,raw,200,4.858339786529541,0.10839999467134476
2,initial,centered,200,6.5879998207092285,0.1013999953866005
2,initial,scaled,200,5.98209810256958,0.6101999878883362
2,initial,raw,300,4.362236022949219,0.125
2,initial,centered,300,6.421236515045166,0.1151999980211258
2,initial,scaled,300,5.726080894470215,0.6777999997138977
2,initial,raw,500,3.8059749603271484,0.1597999930381775
2,initial,centered,500,6.110342979431152,0.14319999516010284
2,initial,scaled,500,5.334907531738281,0.73499995470047
2,initial,raw,1000,3.2782084941864014,0.3206000030040741
2,initial,centered,1000,5.450615406036377,0.2581999897956848
2,initial,scaled,1000,4.658557891845703,0.788599967956543
2,initial,raw,1500,3.0652644634246826,0.4641999900341034
2,initial,centered,1500,4.9242377281188965,0.4001999795436859
2,initial,scaled,1500,4.1557769775390625,0.8133999705314636
2,initial,raw,3000,2.727203369140625,0.6281999945640564
2,initial,centered,3000,3.875047206878662,0.6128000020980835
2,initial,scaled,3000,3.1970415115356445,0.8423999547958374
2,collapse,raw,0,3.2731447219848633,0.10040000081062317
2,collapse,centered,0,3.2731447219848633,0.10040000081062317
2,collapse,scaled,0,3.2731447219848633,0.10040000081062317
2,collapse,raw,10,3.2664103507995605,0.10679999738931656
2,collapse,centered,10,3.272956609725952,0.10040000081062317
2,collapse,scaled,10,3.180699110031128,0.20520000159740448
2,collapse,raw,25,3.2608935832977295,0.09219999611377716
2,collapse,centered,25,3.2726802825927734,0.1005999967455864
2,collapse,scaled,25,3.0615956783294678,0.28839999437332153
2,collapse,raw,50,3.2565813064575195,0.08819999545812607
2,collapse,centered,50,3.2722132205963135,0.10099999606609344
2,collapse,scaled,50,2.89974045753479,0.4163999855518341
2,collapse,raw,100,3.2543892860412598,0.10719999670982361
2,collapse,centered,100,3.271282196044922,0.1021999940276146
2,collapse,scaled,100,2.679929733276367,0.5263999700546265
2,collapse,raw,200,3.2529959678649902,0.10799999535083771
2,collapse,centered,200,3.2694027423858643,0.10559999942779541
2,collapse,scaled,200,2.440098762512207,0.6061999797821045
2,collapse,raw,300,3.251192808151245,0.11059999465942383
2,collapse,centered,300,3.2675366401672363,0.10920000076293945
2,collapse,scaled,300,2.3085453510284424,0.6559999585151672
2,collapse,raw,500,3.2479374408721924,0.11719999462366104
2,collapse,centered,500,3.263852119445801,0.11859999597072601
2,collapse,scaled,500,2.1636788845062256,0.7067999839782715
2,collapse,raw,1000,3.242431640625,0.11180000007152557
2,collapse,centered,1000,3.25480580329895,0.14100000262260437
2,collapse,scaled,1000,1.9955487251281738,0.7549999952316284
2,collapse,raw,1500,3.233726978302002,0.12919999659061432
2,collapse,centered,1500,3.2460038661956787,0.16679999232292175
2,collapse,scaled,1500,1.9014124870300293,0.7802000045776367
2,collapse,raw,3000,3.2130441665649414,0.17299999296665192
2,collapse,centered,3000,3.2206246852874756,0.20340000092983246
2,collapse,scaled,3000,1.7407288551330566,0.8100000023841858
2,recovery,raw,0,0.7508476972579956,0.9016000032424927
2,recovery,centered,0,0.7508477568626404,0.9016000032424927
2,recovery,scaled,0,0.7508476972579956,0.9016000032424927
2,recovery,raw,10,0.749747097492218,0.9016000032424927
2,recovery,centered,10,0.749987006187439,0.9016000032424927
2,recovery,scaled,10,0.7491363286972046,0.9016000032424927
2,recovery,raw,25,0.7481152415275574,0.9013999700546265
2,recovery,centered,25,0.7487802505493164,0.9013999700546265
2,recovery,scaled,25,0.7467886805534363,0.9013999700546265
2,recovery,raw,50,0.7453029155731201,0.9016000032424927
2,recovery,centered,50,0.7466138601303101,0.9013999700546265
2,recovery,scaled,50,0.7427083849906921,0.9013999700546265
2,recovery,raw,100,0.7400634288787842,0.9013999700546265
2,recovery,centered,100,0.7427335977554321,0.9016000032424927
2,recovery,scaled,100,0.7358464598655701,0.9013999700546265
2,recovery,raw,200,0.7303867340087891,0.9009999632835388
2,recovery,centered,200,0.7359822392463684,0.901199996471405
2,recovery,scaled,200,0.7250216007232666,0.9009999632835388
2,recovery,raw,300,0.7215771079063416,0.901199996471405
2,recovery,centered,300,0.7299532890319824,0.9013999700546265
2,recovery,scaled,300,0.7162272334098816,0.901199996471405
2,recovery,raw,500,0.7063277959823608,0.9009999632835388
2,recovery,centered,500,0.7201630473136902,0.901199996471405
2,recovery,scaled,500,0.7032730579376221,0.9007999897003174
2,recovery,raw,1000,0.6782724261283875,0.9005999565124512
2,recovery,centered,1000,0.7029323577880859,0.9005999565124512
2,recovery,scaled,1000,0.6829399466514587,0.9007999897003174
2,recovery,raw,1500,0.6585942506790161,0.9005999565124512
2,recovery,centered,1500,0.6906905174255371,0.9005999565124512
2,recovery,scaled,1500,0.6695921421051025,0.9013999700546265
2,recovery,raw,3000,0.6260590553283691,0.9013999700546265
2,recovery,centered,3000,0.6681292057037354,0.9019999504089355
2,recovery,scaled,3000,0.6469332575798035,0.9039999842643738
