seed,step,actual_norm,reconstruction_error,mean_error_norm,output_map_error,leading_norm,leading_projection,output_map_norm,output_map_projection,covariance_norm,covariance_projection,upstream_norm,upstream_projection,finite_cross_norm,finite_cross_projection
0,0,0.14083446562290192,4.470591008498559e-08,1.2692182064056396,0.0020943733397871256,0.01189298927783966,0.007590516936033964,1.9624723790911958e-05,3.51103262801189e-05,0.00028784721507690847,-5.7967354223364964e-05,0.14026691019535065,0.9922804236412048,0.00019471861014608294,0.00015191143029369414
0,10,0.21670766174793243,1.0617485912689517e-07,1.1609121561050415,0.005560604855418205,0.05041519179940224,0.10928148776292801,0.00024165306240320206,0.000973647169303149,0.0010540048824623227,-0.0013862483901903033,0.19726215302944183,0.8826968669891357,0.003934691194444895,0.008434266783297062
0,25,0.1460091769695282,2.9747556595793867e-07,0.8409256935119629,0.001574534922838211,0.13008885085582733,0.7168020606040955,0.000243720889557153,0.0010389722883701324,0.0013391348766162992,-0.00018339500820729882,0.08824605494737625,0.2712630033493042,0.0020169427152723074,0.01107908133417368
0,50,0.06833325326442719,2.9152803904253233e-07,0.32429635524749756,0.0006210191058926284,0.06800506263971329,0.9515082240104675,0.00013038361794315279,0.001237568212673068,0.0007670334889553487,0.0008023628615774214,0.020376546308398247,0.04484805092215538,0.00011474810889922082,0.0016044769436120987
0,100,0.02479223906993866,2.5603392828088545e-07,0.09381498396396637,0.00043054367415606976,0.020938022062182426,0.6527180671691895,9.636145841795951e-05,0.0006446882034651935,0.00065049366094172,0.0004407377855386585,0.016114380210638046,0.34618663787841797,8.73487806529738e-07,1.168423295894172e-05
0,110,0.018416136503219604,2.6626767635207216e-07,0.0776711031794548,0.00043862315942533314,0.017303118482232094,0.6245783567428589,9.807546302909032e-05,0.0010661673732101917,0.0006623800145462155,-0.0014414741890504956,0.015024757012724876,0.3758365213871002,1.1986054460066953e-06,-3.332749838591553e-05
0,120,0.01448117382824421,2.2303701996406744e-07,0.0672808438539505,0.00044459642958827317,0.014982405118644238,0.5420122742652893,9.94331858237274e-05,0.0010051678400486708,0.0006750753382220864,-0.002092058537527919,0.014736111275851727,0.4591372609138489,1.7596958059584722e-06,-6.657441554125398e-05
0,200,0.017222104594111443,2.631250026752241e-07,0.055521853268146515,0.0008725945372134447,0.011746136471629143,0.4230770170688629,0.00018586000078357756,-0.001962861977517605,0.000912974588572979,0.027849018573760986,0.013393040746450424,0.551329493522644,7.777446626278106e-06,-0.0002953263174276799
0,300,0.0152201559394598,2.788378878904041e-07,0.05155085027217865,0.004921311978250742,0.008290145546197891,-0.052389033138751984,0.0008285669609904289,0.004229126963764429,0.0016955083701759577,0.03195187449455261,0.017530489712953568,1.0162508487701416,1.2119383427489083e-05,-4.153239569859579e-05
0,500,0.011029878631234169,2.1587548815205082e-07,0.10009445250034332,0.046296197921037674,0.008833088912069798,0.07522214949131012,0.005040465854108334,0.2832697927951813,0.002480581868439913,0.16052395105361938,0.010613850317895412,0.48238369822502136,3.2415402529295534e-05,-0.0014129377668723464
0,1000,0.0062980675138533115,2.432398389373702e-07,0.06429387629032135,0.15465018153190613,0.007363804150372744,-0.6703721880912781,0.011470019817352295,1.1044117212295532,0.0011324301594868302,0.0785243883728981,0.004529119934886694,0.4870190918445587,3.44210729963379e-06,0.0004074386088177562
0,1500,0.005363548640161753,3.510357942104747e-07,0.04932635277509689,0.21050433814525604,0.012049015611410141,-1.4300048351287842,0.015168317593634129,1.999566674232483,0.0005656264838762581,-0.02891695313155651,0.0029884236864745617,0.45921584963798523,1.1752515547414077e-06,0.00012568126840051264
0,3000,0.006232640240341425,4.374758475478302e-07,0.027323946356773376,0.2602500319480896,0.016237830743193626,-1.1158065795898438,0.01765833981335163,1.3719936609268188,0.00017890390881802887,-0.006333727855235338,0.004752524197101593,0.7499738931655884,1.358382291982707e-06,0.00014585662574972957
1,0,0.13770535588264465,5.2591385468758745e-08,1.3514316082000732,0.005838366225361824,0.01411671843379736,-0.0707872062921524,6.086553548811935e-05,0.0003122101479675621,0.00028248244780115783,-0.0003355701919645071,0.14764271676540375,1.0696643590927124,0.0002303072833456099,0.0011462343391031027
1,10,0.20965424180030823,8.968302722678345e-08,1.4188786745071411,0.004898322280496359,0.07287252694368362,0.13675563037395477,0.0002511627972126007,0.0003543510101735592,0.000989129301160574,0.00012973985576536506,0.19266557693481445,0.850240170955658,0.006668122950941324,0.012520434334874153
1,25,0.1889425814151764,1.9186148847438744e-07,0.972153902053833,0.0011817379854619503,0.17019301652908325,0.7695808410644531,0.00020694526028819382,0.0004848293319810182,0.0008836074266582727,-0.0005716660525649786,0.09880774468183517,0.2223876267671585,0.0017973427893593907,0.008118343539536
1,50,0.08232798427343369,3.1278196388484503e-07,0.3895252048969269,0.0004545639094430953,0.08673542737960815,0.9266026020050049,0.000101299854577519,0.0009355198708362877,0.0005053814966231585,-0.0001540951052447781,0.04187723994255066,0.07076093554496765,0.000174386688740924,0.0018566491780802608
1,80,0.043740421533584595,2.4741279958107043e-07,0.17781096696853638,0.000326097069773823,0.04197992384433746,0.8291007280349731,7.706967880949378e-05,0.0012329042656347156,0.00040764774894341826,0.0011728086974471807,0.02254791185259819,0.1681932508945465,1.5823141438886523e-05,0.00030152147519402206
1,100,0.02793032117187977,2.1970593877540523e-07,0.1071452721953392,0.000323586369631812,0.025362443178892136,0.7907896637916565,7.671902858419344e-05,0.0010793693363666534,0.00039737136103212833,0.006016131956130266,0.013712678104639053,0.20219136774539948,2.678445753190317e-06,-7.955719047458842e-05
1,120,0.02224735915660858,2.5617057985982683e-07,0.07396801561117172,0.0003648557176347822,0.0173686221241951,0.5546988248825073,8.592475933255628e-05,0.0007869970868341625,0.0004089434223715216,0.01191597618162632,0.015565232373774052,0.43266353011131287,2.6652985525288386e-06,-6.609525735257193e-05
1,200,0.014964518137276173,3.382947397767566e-07,0.05641603097319603,0.0011198946740478277,0.012538685463368893,0.4051773250102997,0.0002524715382605791,0.006657092832028866,0.0006812302162870765,0.026668887585401535,0.014034709893167019,0.5614684224128723,4.445465947355842e-06,2.436342037981376e-05
1,300,0.021724257618188858,3.4107947044503817e-07,0.11038502305746078,0.010533086024224758,0.020311202853918076,0.4710489809513092,0.002080175094306469,0.0818481370806694,0.001405698829330504,0.003750045318156481,0.02088199369609356,0.4434756338596344,1.61919178935932e-05,-0.00011744932999135926
1,500,0.005079804919660091,2.5339048193018243e-07,0.09504088759422302,0.05519254878163338,0.008455988019704819,0.7620915174484253,0.0077785346657037735,0.8794041275978088,0.001542637008242309,0.05296050012111664,0.010107005015015602,-0.6926724910736084,1.203913507197285e-05,-0.0017794807208701968
1,1000,0.0051800645887851715,2.164679528959823e-07,0.0691448226571083,0.1484016478061676,0.008940675295889378,-1.2334885597229004,0.013522809371352196,2.145606517791748,0.001613556407392025,0.051955223083496094,0.0032300467137247324,0.03592418506741524,3.6846115563093917e-06,1.2398245416989084e-05
1,1500,0.006165912840515375,2.638047078562522e-07,0.0460418239235878,0.2003374546766281,0.013197416439652443,-1.602914810180664,0.016676897183060646,2.1594576835632324,0.0007073893793858588,-0.026838401332497597,0.003308756509795785,0.47016653418540955,2.1367523004300892e-06,0.00013564976688940078
1,3000,0.0053682997822761536,3.441081730670703e-07,0.02341725118458271,0.2537112832069397,0.017588049173355103,-1.4749631881713867,0.01911448873579502,1.7385053634643555,0.0002449359162710607,0.006024353671818972,0.00403886241838336,0.7303010821342468,1.0876611895582755e-06,0.0001357993605779484
2,0,0.2047138661146164,5.972276539978338e-08,1.247653603553772,0.005297814961522818,0.01306064147502184,0.01769803836941719,5.5449942010454834e-05,0.0001629228936508298,0.0003390172205399722,0.00013427800149656832,0.2014116793870926,0.9819358587265015,0.00010798055154737085,6.871407822472975e-05
2,10,0.09908563643693924,1.1565380475531128e-07,1.1587603092193604,0.005905967205762863,0.04143458232283592,0.13720133900642395,0.00021110608940944076,0.000828685995656997,0.000748689693864435,-0.0019953050650656223,0.09442361444234848,0.8541281223297119,0.0029777362942695618,0.009837576188147068
2,25,0.16480164229869843,2.2212971373392065e-07,0.9425210356712341,0.0010175652569159865,0.13922351598739624,0.5709277987480164,0.00015040340076666325,0.00041945287375710905,0.0012520879972726107,-0.0024109291844069958,0.12567777931690216,0.42064881324768066,0.0025568492710590363,0.010415410622954369
2,50,0.08273041248321533,2.787643040846888e-07,0.4281037747859955,0.0004317848652135581,0.0900767520070076,0.9545559883117676,9.09271911950782e-05,0.000976038456428796,0.0007051766151562333,4.7790512326173484e-05,0.043703846633434296,0.04244210571050644,0.0001871207496151328,0.0019775712862610817
2,100,0.021762356162071228,3.1790710863788263e-07,0.10543856024742126,0.0003298472729511559,0.023855863139033318,0.9221999049186707,7.479314081138e-05,0.002301839180290699,0.00046184100210666656,0.007636891212314367,0.012802916578948498,0.06775164604187012,3.204193944839062e-06,0.0001071282458724454
2,120,0.016159670427441597,3.8842628669044643e-07,0.06782499700784683,0.00035001171636395156,0.015373039059340954,0.6937553286552429,7.963969255797565e-05,0.003225950291380286,0.0004338707076385617,0.007867485284805298,0.011432712897658348,0.2951635420322418,7.76909701016848e-07,-1.6199734091060236e-05
2,200,0.005638118367642164,2.634480722463195e-07,0.022042058408260345,0.0012743644183501601,0.004704096354544163,0.5420464873313904,0.00027351753669790924,0.020217662677168846,0.0005637118010781705,0.030760660767555237,0.003982458263635635,0.4074678421020508,3.578778205337585e-06,-0.0004742185992654413
2,300,0.011507011950016022,2.8654696393459744e-07,0.030264554545283318,0.008065409027040005,0.004796738736331463,-0.03887774795293808,0.0014019313966855407,-0.08340912312269211,0.0010620600078254938,0.019442709162831306,0.013756594620645046,1.1027560234069824,1.3075987226329744e-05,9.186889656120911e-05
2,500,0.005124653689563274,3.439294289364625e-07,0.0905679389834404,0.051589809358119965,0.007768276613205671,0.05270154029130936,0.005974165629595518,0.23062843084335327,0.002556735649704933,0.1787085384130478,0.01066128071397543,0.5373461246490479,1.2731493370665703e-05,0.0006287390133365989
2,1000,0.003390866331756115,2.6261295715812594e-07,0.0775778517127037,0.15527641773223877,0.008195074275135994,-0.8459184765815735,0.01310053188353777,2.172177791595459,0.0013659773394465446,-0.09933332353830338,0.004270263947546482,-0.22703583538532257,3.643386207841104e-06,9.481532470090315e-05
2,1500,0.0031202619429677725,2.5943415948859183e-07,0.05372433736920357,0.20771460235118866,0.011859925463795662,-2.3142192363739014,0.015462052077054977,3.4080047607421875,0.0006963771302253008,-0.12077771872282028,0.002065660199150443,0.02692454680800438,1.2508246527431766e-06,0.00012451634393073618
2,3000,0.003009204752743244,3.629272100624803e-07,0.02714519202709198,0.2602050006389618,0.016154663637280464,-2.202667474746704,0.017838118597865105,2.659003734588623,0.00023223223979584873,-0.06350890547037125,0.0022135560866445303,0.6070570349693298,5.88046759730787e-07,0.00014708758681081235
