tag,seed,shift,cos_pre,cos_post,p_pre,p_post,error_first,error_fifty,balanced_at_shift,balanced_after_250,final_balanced_accuracy
headreset1500,0,1500,0.0223780125379562,0.0212848149240016,0.924505352973938,0.9245344400405884,0.0836371332406997,0.055841825902462,0.9134916365146636,0.8911161482334137,0.9030282735824584
headreset1500,1,1500,0.0387816540896892,0.0391395613551139,0.940307319164276,0.9401893019676208,0.1148696541786193,0.0298754908144474,0.9069693803787232,0.8913343012332916,0.9083435237407684
headreset1500,2,1500,0.0296511258929967,0.0280329808592796,0.932489812374115,0.9326052665710448,0.1167188882827758,0.0236877407878637,0.9119128227233888,0.8960847020149231,0.9105741202831268
shift1500,0,1500,0.0223780125379562,0.0212848149240016,0.924505352973938,0.9245344400405884,0.0836371332406997,0.0549635551869869,0.9134916365146636,0.8911161482334137,0.9030282735824584
shift1500,1,1500,0.0387816540896892,0.0388106927275657,0.940307319164276,0.9402492642402648,0.1148696541786193,0.0272835902869701,0.9064791858196258,0.8918768405914307,0.9083435237407684
shift1500,2,1500,0.0296511258929967,0.0276698023080825,0.932489812374115,0.93261057138443,0.1167188882827758,0.0232780519872903,0.9113919854164124,0.8966371834278106,0.9105741202831268
shift1500_bp,0,1500,0.1096395179629325,0.1065886840224266,0.9906514286994934,0.9903798699378968,0.1489066630601883,0.0747427493333816,0.8675612211227417,0.8421459376811982,0.8622272253036499
shift1500_bp,1,1500,0.1099375858902931,0.1084886342287063,0.991174817085266,0.990671157836914,0.1685576140880584,0.0700815916061401,0.8829817354679108,0.8489507734775543,0.8733540296554565
shift1500_bp,2,1500,0.1147105991840362,0.1103678494691848,0.9909719228744508,0.9907381534576416,0.1988523751497268,0.0629777312278747,0.8803490459918976,0.844201785326004,0.8690877556800842
shift300,0,300,0.0249070897698402,0.0315723344683647,0.9329913258552552,0.9266571998596193,0.4590966701507568,0.0786595866084098,0.5911686267703772,0.6593726754188538,0.8969389498233795
shift300,1,300,0.1663232743740081,0.1062396541237831,0.9390146136283876,0.9437527656555176,0.5107905864715576,0.0880670920014381,0.5868831034749746,0.6211464960128069,0.8970280706882476
shift300,2,300,0.0915342792868614,0.0401508249342441,0.9323437213897704,0.9332768321037292,0.4489565193653106,0.0805080980062484,0.5458019793033599,0.6332337349653244,0.8960670590400696
shift300_bp,0,300,0.2163119912147522,0.1978211551904678,0.991552233695984,0.9913907647132874,0.3600209355354309,0.0909973308444023,0.7502496242523193,0.6442132756114006,0.8410349071025849
shift300_bp,1,300,0.2197449207305908,0.2073818445205688,0.99100661277771,0.9901717305183412,0.4883700013160705,0.1135914251208305,0.7019322022795678,0.6035391591489315,0.8454320192337036
shift300_bp,2,300,0.233789250254631,0.2136237025260925,0.990090548992157,0.9906722903251648,0.3938375115394592,0.0894301086664199,0.7225263863801956,0.6115095742046833,0.845064789056778
