maxcos_l1,minp_l1,kappa_l1,maxcos_l2,minp_l2,kappa_l2,maxcos_l3,minp_l3,kappa_l3,steps_cos_gt_0.9,plateau_onset,plateau_band_end,plateau_exit,plateau_duration,plateau_band_acc,ebar0,ebar_ratio_10,tag,seed,fb_seed,csv,n_layers,minp_w300_l1,maxcos_w300_l1,cos0_l1,p0_l1,H0_l1,wa_end_l1,minp_w300_l2,maxcos_w300_l2,cos0_l2,p0_l2,H0_l2,wa_end_l2,minp_w300_l3,maxcos_w300_l3,cos0_l3,p0_l3,H0_l3,wa_end_l3,acc_450,acc_1000,acc_1500,acc_3000,acc_final,step_final,loss_final,loss_min,kappa_cf_l1,kappa_cf_l2,kappa_cf_l3,drive,ebar0_pred,fb_scale,lr,out_lr_mult,hid_lr_mult,batch,width,depth,steps,out_bias_q,freeze_bias,freeze_out,muon,whiten,batchnorm,p0,target_scale,classes,C,prior_loss,xbar2,wall,final_step,rule,dataset,preprocess,arch,act,head,center,a,eta_out
0.7956164479255676,0.8711438179016113,1.407899061885297,0.922438383102417,0.7478758096694946,1.6769241391588572,0.9762008190155028,0.6119148135185242,2.005412522286136,2080,470.0,1030.0,3130.0,2660.0,0.132555509868421,1.2692182064056396,1.297566000263528,h0.25_o0.3_g0.3,0,0,E5_recovery/h0.25_o0.3_g0.3/seed0_fb0.csv,3,0.9004145264625549,0.7646037936210632,0.3541161119937897,0.9909001588821412,12.757408142089844,0.32814422249794,0.8264666795730591,0.889127790927887,0.3507662415504455,0.9935280680656432,10.161163330078123,0.2248896360397339,0.7521852254867554,0.9559945464134216,0.3540035486221313,0.9948840141296388,8.370211601257324,0.1552852392196655,0.095703125,0.16015625,0.2001953125,0.38720703125,0.72509765625,6000,1.952312707901001,1.952312707901001,6.738292012479389,2.559045349264033,2.076112216575843,0.3807654619216918,1.264911064067352,0.3,0.001,0.3,0.25,128,300,3,6000,-1.0,0,0,0,0,0,0.0,1.0,0,10,3.249078899030758,35.225006103515625,24.655202627182007,6000,dfa,mnist,div255,mlp,tanh,sigmoid_bce,none,7.5e-05,0.0003
0.8056259751319885,0.8618403673171997,1.510931816875415,0.9424856305122375,0.6913359761238098,1.786050301514858,0.9829264283180236,0.5584867000579834,2.5500789316865515,2480,480.0,1980.0,3440.0,2960.0,0.1320881622516556,1.3514316082000732,1.3580834894454938,h0.25_o0.3_g0.3,1,1,E5_recovery/h0.25_o0.3_g0.3/seed1_fb1.csv,3,0.8887617588043213,0.7815601825714111,0.3873637318611145,0.9887229204177856,13.798158645629885,0.2872225642204284,0.766028642654419,0.9215405583381652,0.3898089230060577,0.992600440979004,11.267420768737791,0.2028749585151672,0.6669277548789978,0.9712169766426086,0.387746512889862,0.9939010739326476,9.42509651184082,0.1468190252780914,0.11279296875,0.12646484375,0.12646484375,0.2568359375,0.642578125,6000,2.0881409645080566,2.0881409645080566,6.448770492650219,2.634366121203587,2.1838445202272347,0.405429482460022,1.264911064067352,0.3,0.001,0.3,0.25,128,300,3,6000,-1.0,0,0,0,0,0,0.0,1.0,0,10,3.249078899030758,35.225006103515625,24.934350728988647,6000,dfa,mnist,div255,mlp,tanh,sigmoid_bce,none,7.5e-05,0.0003
0.8805596828460693,0.7545269727706909,4.080360106509009,0.9799794554710388,0.4657030403614044,7.292768155298986,0.9970900416374208,0.2685485482215881,9.313154627465506,1140,280.0,1040.0,1830.0,1550.0,0.1337636972402597,1.2692182064056396,1.2972671833149116,h0.25_o0.3_g1.0,0,0,E5_recovery/h0.25_o0.3_g1.0/seed0_fb0.csv,3,0.7563117146492004,0.8805596828460693,0.3541161119937897,0.9909001588821412,12.757408142089844,0.5471936464309692,0.4715372920036316,0.97996586561203,0.3507662415504455,0.9935280680656432,10.161163330078123,0.4109894037246704,0.2763068675994873,0.9970697164535522,0.3540035486221313,0.9948840141296388,8.370211601257324,0.238650768995285,0.1298828125,0.1416015625,0.232421875,0.70849609375,0.8603515625,6000,1.177863836288452,1.177863836288452,22.460973374931296,8.530151164213446,6.920374055252811,1.2692182064056396,1.264911064067352,1.0,0.001,0.3,0.25,128,300,3,6000,-1.0,0,0,0,0,0,0.0,1.0,0,10,3.249078899030758,35.225006103515625,24.803547382354736,6000,dfa,mnist,div255,mlp,tanh,sigmoid_bce,none,0.00025,0.0003
0.8903125524520874,0.7225889563560486,4.40519484438457,0.9861372709274292,0.3507816791534424,7.702045786473016,0.9983687400817872,0.2314189076423645,12.574449239649908,1300,320.0,1530.0,2020.0,1700.0,0.1030433529713114,1.3514316082000732,1.402988021939998,h0.25_o0.3_g1.0,1,1,E5_recovery/h0.25_o0.3_g1.0/seed1_fb1.csv,3,0.7253239750862122,0.8903125524520874,0.3873637318611145,0.9887229204177856,13.798158645629885,0.5221468210220337,0.3539212644100189,0.9861372709274292,0.3898089230060577,0.992600440979004,11.267420768737791,0.3857154846191406,0.2315605580806732,0.9983404278755188,0.387746512889862,0.9939010739326476,9.42509651184082,0.2338609397411346,0.09765625,0.13134765625,0.15576171875,0.6123046875,0.85302734375,6000,1.1823424100875854,1.1823424100875854,21.4959016421674,8.781220404011957,7.2794817340907825,1.3514316082000732,1.264911064067352,1.0,0.001,0.3,0.25,128,300,3,6000,-1.0,0,0,0,0,0,0.0,1.0,0,10,3.249078899030758,35.225006103515625,23.95118451118469,6000,dfa,mnist,div255,mlp,tanh,sigmoid_bce,none,0.00025,0.0003
0.9338732957839966,0.5853163599967957,12.38368221280405,0.9938576817512512,0.1931396573781967,30.835705238335525,0.9995938539505004,0.1094317510724067,36.2169286135472,660,200.0,790.0,1170.0,970.0,0.1041015625,1.2692182064056396,1.2751342018711145,h0.25_o0.3_g3.0,0,0,E5_recovery/h0.25_o0.3_g3.0/seed0_fb0.csv,3,0.5853163599967957,0.9338732957839966,0.3541161119937897,0.9909001588821412,12.757408142089844,0.6507139801979065,0.1931396573781967,0.9938576817512512,0.3507662415504455,0.9935280680656432,10.161163330078123,0.5302240252494812,0.1094317510724067,0.9995938539505004,0.3540035486221313,0.9948840141296388,8.370211601257324,0.2840735018253326,0.14208984375,0.21923828125,0.6669921875,0.8642578125,0.8994140625,6000,0.7852317690849304,0.7852317690849304,67.3829201247939,25.59045349264034,20.761122165758437,3.807654619216919,1.264911064067352,3.0,0.001,0.3,0.25,128,300,3,6000,-1.0,0,0,0,0,0,0.0,1.0,0,10,3.249078899030758,35.225006103515625,24.695993661880493,6000,dfa,mnist,div255,mlp,tanh,sigmoid_bce,none,0.00075,0.0003
0.9377101063728333,0.5575818419456482,13.12132295382954,0.9963726997375488,0.1480364352464676,31.38018323084596,0.9997936487197876,0.0930141806602478,48.12373844359031,760,210.0,540.0,1390.0,1180.0,0.0673540900735294,1.3514316082000732,1.4907801485049923,h0.25_o0.3_g3.0,1,1,E5_recovery/h0.25_o0.3_g3.0/seed1_fb1.csv,3,0.5575818419456482,0.9377101063728333,0.3873637318611145,0.9887229204177856,13.798158645629885,0.6356061100959778,0.1480364352464676,0.9963726997375488,0.3898089230060577,0.992600440979004,11.267420768737791,0.4981400668621063,0.0930141806602478,0.9997936487197876,0.387746512889862,0.9939010739326476,9.42509651184082,0.2786900997161865,0.0146484375,0.06494140625,0.3603515625,0.84521484375,0.90087890625,6000,0.7901943325996399,0.7901943325996399,64.48770492650219,26.343661212035872,21.838445202272347,4.05429482460022,1.264911064067352,3.0,0.001,0.3,0.25,128,300,3,6000,-1.0,0,0,0,0,0,0.0,1.0,0,10,3.249078899030758,35.225006103515625,25.38148808479309,6000,dfa,mnist,div255,mlp,tanh,sigmoid_bce,none,0.00075,0.0003
0.6886817812919617,0.9351587891578674,1.0420950512721,0.7973412871360779,0.9063310623168944,0.9283124854033066,0.8808788061141968,0.8904241919517517,0.9424010687143124,0,290.0,420.0,1540.0,1250.0,0.135986328125,1.2692182064056396,1.2770631015121965,h0.25_o1.0_g0.3,0,0,E5_recovery/h0.25_o1.0_g0.3/seed0_fb0.csv,3,0.9423118233680724,0.6781100034713745,0.3541161119937897,0.9909001588821412,12.757408142089844,0.3511123359203338,0.9166231751441956,0.7815907597541809,0.3507662415504455,0.9935280680656432,10.161163330078123,0.2667208313941955,0.9065116047859192,0.8639664053916931,0.3540035486221313,0.9948840141296388,8.370211601257324,0.2418445944786071,0.1767578125,0.34765625,0.48046875,0.6875,0.8193359375,6000,1.464127540588379,1.464127540588379,2.0214876037438163,0.76771360477921,0.6228336649727529,0.3807654619216918,1.264911064067352,0.3,0.001,1.0,0.25,128,300,3,6000,-1.0,0,0,0,0,0,0.0,1.0,0,10,3.249078899030758,35.225006103515625,24.99424815177917,6000,dfa,mnist,div255,mlp,tanh,sigmoid_bce,none,7.5e-05,0.001
0.6973438262939453,0.9334996938705444,1.046396289307875,0.8322963118553162,0.883895218372345,0.8752777763906479,0.9057810306549072,0.8459467887878418,1.0300354359277475,400,330.0,510.0,1730.0,1400.0,0.1357421875,1.3514316082000732,1.3356382955300252,h0.25_o1.0_g0.3,1,1,E5_recovery/h0.25_o1.0_g0.3/seed1_fb1.csv,3,0.9379592537879944,0.6898798942565918,0.3873637318611145,0.9887229204177856,13.798158645629885,0.3548818826675415,0.8947232365608215,0.8222901225090027,0.3898089230060577,0.992600440979004,11.267420768737791,0.2783324718475342,0.8661593198776245,0.8949195742607117,0.387746512889862,0.9939010739326476,9.42509651184082,0.2441414445638656,0.138671875,0.25146484375,0.37353515625,0.65869140625,0.83544921875,6000,1.4296520948410034,1.4296520948410034,1.9346311477950653,0.7903098363610761,0.6551533560681704,0.405429482460022,1.264911064067352,0.3,0.001,1.0,0.25,128,300,3,6000,-1.0,0,0,0,0,0,0.0,1.0,0,10,3.249078899030758,35.225006103515625,23.57763648033142,6000,dfa,mnist,div255,mlp,tanh,sigmoid_bce,none,7.5e-05,0.001
0.7970988750457764,0.869854748249054,2.3806696100651057,0.9233625531196594,0.7456506490707397,3.086520687154328,0.976465344429016,0.6099697351455688,3.5440779199462304,630,150.0,330.0,940.0,790.0,0.1286235608552631,1.2692182064056396,1.2744489383650224,h0.25_o1.0_g1.0,0,0,E5_recovery/h0.25_o1.0_g1.0/seed0_fb0.csv,3,0.869854748249054,0.7970988750457764,0.3541161119937897,0.9909001588821412,12.757408142089844,0.5565468668937683,0.7456506490707397,0.9233625531196594,0.3507662415504455,0.9935280680656432,10.161163330078123,0.4578314423561096,0.6099697351455688,0.976465344429016,0.3540035486221313,0.9948840141296388,8.370211601257324,0.3610275983810425,0.20751953125,0.41259765625,0.65283203125,0.82763671875,0.8876953125,6000,0.8649228811264038,0.8649228811264038,6.738292012479389,2.559045349264034,2.076112216575843,1.2692182064056396,1.264911064067352,1.0,0.001,1.0,0.25,128,300,3,6000,-1.0,0,0,0,0,0,0.0,1.0,0,10,3.249078899030758,35.225006103515625,24.78108310699463,6000,dfa,mnist,div255,mlp,tanh,sigmoid_bce,none,0.00025,0.001
0.8071798086166382,0.8600757122039795,2.414730094550624,0.9433059692382812,0.688044548034668,2.892353471860868,0.98320335149765,0.5553353428840637,4.198343729289037,750,150.0,550.0,1040.0,890.0,0.1277748666158536,1.3514316082000732,1.379052004100814,h0.25_o1.0_g1.0,1,1,E5_recovery/h0.25_o1.0_g1.0/seed1_fb1.csv,3,0.8600757122039795,0.8071798086166382,0.3873637318611145,0.9887229204177856,13.798158645629885,0.5464022755622864,0.688044548034668,0.9433059692382812,0.3898089230060577,0.992600440979004,11.267420768737791,0.4582694470882416,0.5553353428840637,0.98320335149765,0.387746512889862,0.9939010739326476,9.42509651184082,0.3630003929138183,0.12939453125,0.27978515625,0.525390625,0.81298828125,0.87939453125,6000,0.8289886116981506,0.8289886116981506,6.448770492650218,2.634366121203587,2.1838445202272343,1.3514316082000732,1.264911064067352,1.0,0.001,1.0,0.25,128,300,3,6000,-1.0,0,0,0,0,0,0.0,1.0,0,10,3.249078899030758,35.225006103515625,24.636970043182373,6000,dfa,mnist,div255,mlp,tanh,sigmoid_bce,none,0.00025,0.001
0.8768336772918701,0.7630845308303833,5.52375306456352,0.9778932332992554,0.4917301535606384,10.162609981365986,0.9966342449188232,0.2889012694358825,11.680754334826684,370,90.0,240.0,580.0,490.0,0.1309814453125,1.2692182064056396,1.2387818789662963,h0.25_o1.0_g3.0,0,0,E5_recovery/h0.25_o1.0_g3.0/seed0_fb0.csv,3,0.7630845308303833,0.8768336772918701,0.3541161119937897,0.9909001588821412,12.757408142089844,0.6605444550514221,0.4917301535606384,0.9778932332992554,0.3507662415504455,0.9935280680656432,10.161163330078123,0.56394362449646,0.2889012694358825,0.9966342449188232,0.3540035486221313,0.9948840141296388,8.370211601257324,0.3801869750022888,0.21240234375,0.72412109375,0.83740234375,0.89111328125,0.90478515625,5196,0.6191363334655762,0.6191363334655762,20.214876037438167,7.677136047792102,6.228336649727529,3.807654619216919,1.264911064067352,3.0,0.001,1.0,0.25,128,300,3,5196,-1.0,0,0,0,0,0,0.0,1.0,0,10,3.249078899030758,35.225006103515625,21.698380708694454,5196,dfa,mnist,div255,mlp,tanh,sigmoid_bce,none,0.00075,0.001
0.8858180642127991,0.7331833839416504,5.64566594012303,0.9846129417419434,0.3696069717407226,9.543267964834294,0.9979564547538756,0.2481132447719574,15.044490184559372,420,100.0,470.0,640.0,540.0,0.1026675575657894,1.3514316082000732,1.4511287194184628,h0.25_o1.0_g3.0,1,1,E5_recovery/h0.25_o1.0_g3.0/seed1_fb1.csv,3,0.7331833839416504,0.8858180642127991,0.3873637318611145,0.9887229204177856,13.798158645629885,0.6445692181587219,0.3696069717407226,0.9846129417419434,0.3898089230060577,0.992600440979004,11.267420768737791,0.5451419353485107,0.2481132447719574,0.9979564547538756,0.387746512889862,0.9939010739326476,9.42509651184082,0.3716844022274017,0.13330078125,0.64208984375,0.8134765625,0.88916015625,0.90673828125,5196,0.5951110124588013,0.5951110124588013,19.346311477950653,7.90309836361076,6.551533560681704,4.05429482460022,1.264911064067352,3.0,0.001,1.0,0.25,128,300,3,5196,-1.0,0,0,0,0,0,0.0,1.0,0,10,3.249078899030758,35.225006103515625,21.13295316696167,5196,dfa,mnist,div255,mlp,tanh,sigmoid_bce,none,0.00075,0.001
0.7102187871932983,0.9278838634490968,1.4650036713409886,0.8470187783241272,0.8710414171218872,1.3059732360705971,0.91825932264328,0.825165331363678,1.6140249900004964,230,110.0,180.0,560.0,450.0,0.137939453125,1.3514316082000732,1.3124190227585404,h0.25_o3.0_g1.0,1,1,E5_recovery/h0.25_o3.0_g1.0/seed1_fb1.csv,3,0.9278838634490968,0.7102187871932983,0.3873637318611145,0.9887229204177856,13.798158645629885,0.5007417798042297,0.8710414171218872,0.8470187783241272,0.3898089230060577,0.992600440979004,11.267420768737791,0.4254085719585418,0.825165331363678,0.91825932264328,0.387746512889862,0.9939010739326476,9.42509651184082,0.4092041254043579,0.3427734375,0.671875,0.80126953125,0.87109375,0.88818359375,5196,0.7790979146957397,0.7790979146957397,2.149590164216739,0.8781220404011957,0.7279481734090781,1.3514316082000732,1.264911064067352,1.0,0.001,3.0,0.25,128,300,3,5196,-1.0,0,0,0,0,0,0.0,1.0,0,10,3.249078899030758,35.225006103515625,21.63992428779602,5196,dfa,mnist,div255,mlp,tanh,sigmoid_bce,none,0.00025,0.003
0.8012174367904663,0.8659708499908447,2.6713047580627687,0.925784170627594,0.7394999265670776,3.590051110392609,0.9773708581924438,0.6034947633743286,4.051623860092138,220,60.0,110.0,320.0,260.0,0.13720703125,1.2692182064056396,1.142061517361046,h0.25_o3.0_g3.0,0,0,E5_recovery/h0.25_o3.0_g3.0/seed0_fb0.csv,3,0.8659708499908447,0.8012174367904663,0.3541161119937897,0.9909001588821412,12.757408142089844,0.5972253680229187,0.7394999265670776,0.925784170627594,0.3507662415504455,0.9935280680656432,10.161163330078123,0.5083919167518616,0.6034947633743286,0.9773708581924438,0.3540035486221313,0.9948840141296388,8.370211601257324,0.4165925085544586,0.5849609375,0.82470703125,0.8681640625,0.89892578125,0.89892578125,3000,0.6972695589065552,0.6972695589065552,6.738292012479389,2.559045349264034,2.076112216575843,3.807654619216919,1.264911064067352,3.0,0.001,3.0,0.25,128,300,3,3000,-1.0,0,0,0,0,0,0.0,1.0,0,10,3.249078899030758,35.225006103515625,14.061333417892456,3000,dfa,mnist,div255,mlp,tanh,sigmoid_bce,none,0.00075,0.003
0.8110749125480652,0.8563026189804077,2.68544074442967,0.9449958205223083,0.6806654334068298,3.28773153923619,0.9836841225624084,0.5526392459869385,4.766766423177471,260,60.0,150.0,350.0,290.0,0.1373046875,1.3514316082000732,1.343792790996541,h0.25_o3.0_g3.0,1,1,E5_recovery/h0.25_o3.0_g3.0/seed1_fb1.csv,3,0.8563026189804077,0.8110749125480652,0.3873637318611145,0.9887229204177856,13.798158645629885,0.5866674184799194,0.6806654334068298,0.9449958205223083,0.3898089230060577,0.992600440979004,11.267420768737791,0.5089403390884399,0.5526392459869385,0.9836841225624084,0.387746512889862,0.9939010739326476,9.42509651184082,0.4167333841323852,0.46240234375,0.81640625,0.86669921875,0.8974609375,0.8974609375,3000,0.659604549407959,0.659604549407959,6.448770492650218,2.6343661212035867,2.1838445202272343,4.05429482460022,1.264911064067352,3.0,0.001,3.0,0.25,128,300,3,3000,-1.0,0,0,0,0,0,0.0,1.0,0,10,3.249078899030758,35.225006103515625,12.90245771408081,3000,dfa,mnist,div255,mlp,tanh,sigmoid_bce,none,0.00075,0.003
0.8911832571029663,0.7298581004142761,4.868918940474047,0.9841934442520142,0.4131034612655639,9.247728129383196,0.9979288578033448,0.2313883304595947,11.7216890081657,1040,490.0,1040.0,1690.0,1200.0,0.1215471540178571,1.2692182064056396,1.2968301241085858,h1.0_o0.3_g0.3,0,0,E5_recovery/h1.0_o0.3_g0.3/seed0_fb0.csv,3,0.7302307486534119,0.8911832571029663,0.3541161119937897,0.9909001588821412,12.757408142089844,0.5695027112960815,0.4144470393657684,0.9841934442520142,0.3507662415504455,0.9935280680656432,10.161163330078123,0.435383677482605,0.2359196692705154,0.9979288578033448,0.3540035486221313,0.9948840141296388,8.370211601257324,0.2483203709125518,0.166015625,0.14111328125,0.29248046875,0.75927734375,0.8740234375,6000,1.0969586372375488,1.0969586372375488,26.953168049917554,10.236181397056134,8.304448866303373,0.3807654619216918,1.264911064067352,0.3,0.001,0.3,1.0,128,300,3,6000,-1.0,0,0,0,0,0,0.0,1.0,0,10,3.249078899030758,35.225006103515625,23.988004446029663,6000,dfa,mnist,div255,mlp,tanh,sigmoid_bce,none,0.0003,0.0003
0.9003896713256836,0.6964964866638184,5.222144195370214,0.9886981248855592,0.3102277517318725,9.639555193276276,0.9988974332809448,0.1980242133140564,15.810195381565237,1190,290.0,1450.0,1910.0,1620.0,0.1121335803952991,1.3514316082000732,1.4153393698408292,h1.0_o0.3_g0.3,1,1,E5_recovery/h1.0_o0.3_g0.3/seed1_fb1.csv,3,0.6971786618232727,0.9003896713256836,0.3873637318611145,0.9887229204177856,13.798158645629885,0.5463742613792419,0.3102277517318725,0.9886981248855592,0.3898089230060577,0.992600440979004,11.267420768737791,0.4078329503536224,0.2005013078451156,0.9988974332809448,0.387746512889862,0.9939010739326476,9.42509651184082,0.2427841573953628,0.11181640625,0.10595703125,0.158203125,0.685546875,0.86767578125,6000,1.0943799018859863,1.0943799018859863,25.79508197060088,10.537464484814349,8.735378080908939,0.405429482460022,1.264911064067352,0.3,0.001,0.3,1.0,128,300,3,6000,-1.0,0,0,0,0,0,0.0,1.0,0,10,3.249078899030758,35.225006103515625,23.991682529449463,6000,dfa,mnist,div255,mlp,tanh,sigmoid_bce,none,0.0003,0.0003
0.9435275793075562,0.5391786694526672,16.6058417861421,0.995585322380066,0.1573321372270584,44.298061379799776,0.999769926071167,0.0814026966691017,50.54644137481685,570,200.0,720.0,1090.0,890.0,0.1139630011792452,1.2692182064056396,1.2530556319377153,h1.0_o0.3_g1.0,0,0,E5_recovery/h1.0_o0.3_g1.0/seed0_fb0.csv,3,0.5391786694526672,0.9435275793075562,0.3541161119937897,0.9909001588821412,12.757408142089844,0.6654103994369507,0.1573321372270584,0.995585322380066,0.3507662415504455,0.9935280680656432,10.161163330078123,0.5512077212333679,0.0814026966691017,0.999769926071167,0.3540035486221313,0.9948840141296388,8.370211601257324,0.2911032438278198,0.10546875,0.3818359375,0.7265625,0.873046875,0.90576171875,6000,0.720030665397644,0.720030665397644,89.84389349972518,34.120604656853786,27.681496221011244,1.2692182064056396,1.264911064067352,1.0,0.001,0.3,1.0,128,300,3,6000,-1.0,0,0,0,0,0,0.0,1.0,0,10,3.249078899030758,35.225006103515625,23.950907468795776,6000,dfa,mnist,div255,mlp,tanh,sigmoid_bce,none,0.001,0.0003
0.9460439682006836,0.5120370388031006,17.758843526683947,0.99748694896698,0.1089216470718383,46.1599644887757,0.9998674392700196,0.0668705329298973,68.78523557751691,650,200.0,550.0,1340.0,1140.0,0.0891927083333333,1.3514316082000732,1.5010468868854805,h1.0_o0.3_g1.0,1,1,E5_recovery/h1.0_o0.3_g1.0/seed1_fb1.csv,3,0.5120370388031006,0.9460439682006836,0.3873637318611145,0.9887229204177856,13.798158645629885,0.6453218460083008,0.1089216470718383,0.99748694896698,0.3898089230060577,0.992600440979004,11.267420768737791,0.5162509083747864,0.0668705329298973,0.9998674392700196,0.387746512889862,0.9939010739326476,9.42509651184082,0.2845961451530456,0.04736328125,0.12060546875,0.47607421875,0.8681640625,0.9052734375,6000,0.730521023273468,0.730521023273468,85.98360656866959,35.12488161604783,29.11792693636313,1.3514316082000732,1.264911064067352,1.0,0.001,0.3,1.0,128,300,3,6000,-1.0,0,0,0,0,0,0.0,1.0,0,10,3.249078899030758,35.225006103515625,26.339200735092163,6000,dfa,mnist,div255,mlp,tanh,sigmoid_bce,none,0.001,0.0003
0.9666500091552734,0.3846557736396789,48.35929217139629,0.9990437626838684,0.0575476214289665,160.17322493018105,0.999980628490448,0.026710707694292,166.11690934154856,360,170.0,240.0,690.0,520.0,0.10430908203125,1.2692182064056396,1.362879539832866,h1.0_o0.3_g3.0,0,0,E5_recovery/h1.0_o0.3_g3.0/seed0_fb0.csv,3,0.3846557736396789,0.9666500091552734,0.3541161119937897,0.9909001588821412,12.757408142089844,0.6513023972511292,0.0575476214289665,0.9990437626838684,0.3507662415504455,0.9935280680656432,10.161163330078123,0.5735189914703369,0.026710707694292,0.999980628490448,0.3540035486221313,0.9948840141296388,8.370211601257324,0.2866129875183105,0.04931640625,0.6142578125,0.86083984375,0.908203125,0.91845703125,4743,0.6575522422790527,0.6575522422790527,269.5316804991756,102.36181397056136,83.04448866303373,3.807654619216919,1.264911064067352,3.0,0.001,0.3,1.0,128,300,3,4743,-1.0,0,0,0,0,0,0.0,1.0,0,10,3.249078899030758,35.225006103515625,19.6139075756073,4743,dfa,mnist,div255,mlp,tanh,sigmoid_bce,none,0.003,0.0003
0.96481853723526,0.3708370327949524,52.02665248161476,0.99912428855896,0.0473075620830059,169.73082052967413,0.9999829530715942,0.0299866404384374,223.5150241714317,390,190.0,400.0,920.0,730.0,0.1058460582386363,1.3514316082000732,1.5297690697673836,h1.0_o0.3_g3.0,1,1,E5_recovery/h1.0_o0.3_g3.0/seed1_fb1.csv,3,0.3708370327949524,0.96481853723526,0.3873637318611145,0.9887229204177856,13.798158645629885,0.6306135058403015,0.0473075620830059,0.99912428855896,0.3898089230060577,0.992600440979004,11.267420768737791,0.5328226685523987,0.0299866404384374,0.9999829530715942,0.387746512889862,0.9939010739326476,9.42509651184082,0.2771828174591064,0.15625,0.48486328125,0.8115234375,0.90771484375,0.9228515625,4743,0.6563198566436768,0.6562637686729431,257.9508197060088,105.37464484814348,87.35378080908939,4.05429482460022,1.264911064067352,3.0,0.001,0.3,1.0,128,300,3,4743,-1.0,0,0,0,0,0,0.0,1.0,0,10,3.249078899030758,35.225006103515625,19.159916877746586,4743,dfa,mnist,div255,mlp,tanh,sigmoid_bce,none,0.003,0.0003
0.8117247819900513,0.8558474779129028,2.723252980099763,0.9359115362167358,0.7080217003822327,3.737663870011812,0.9823039770126344,0.55330491065979,4.32723586751011,580,130.0,320.0,870.0,740.0,0.1287109375,1.2692182064056396,1.273114531555396,h1.0_o1.0_g0.3,0,0,E5_recovery/h1.0_o1.0_g0.3/seed0_fb0.csv,3,0.8558474779129028,0.8117247819900513,0.3541161119937897,0.9909001588821412,12.757408142089844,0.581462562084198,0.7080217003822327,0.9359115362167358,0.3507662415504455,0.9935280680656432,10.161163330078123,0.4821081161499023,0.55330491065979,0.9823039770126344,0.3540035486221313,0.9948840141296388,8.370211601257324,0.3717276155948639,0.21435546875,0.4375,0.69384765625,0.84521484375,0.89013671875,6000,0.7986608147621155,0.7986608147621155,8.085950414975265,3.07085441911684,2.491334659891012,0.3807654619216918,1.264911064067352,0.3,0.001,1.0,1.0,128,300,3,6000,-1.0,0,0,0,0,0,0.0,1.0,0,10,3.249078899030758,35.225006103515625,24.665437698364254,6000,dfa,mnist,div255,mlp,tanh,sigmoid_bce,none,0.0003,0.001
0.8216791749000549,0.8437633514404297,2.777840209429298,0.953441858291626,0.6425368785858154,3.526468086881021,0.9875794053077698,0.4968739748001098,5.246381112012533,690,140.0,520.0,960.0,820.0,0.1214192708333333,1.3514316082000732,1.3906154346575033,h1.0_o1.0_g0.3,1,1,E5_recovery/h1.0_o1.0_g0.3/seed1_fb1.csv,3,0.8437633514404297,0.8216791749000549,0.3873637318611145,0.9887229204177856,13.798158645629885,0.5695288181304932,0.6425368785858154,0.953441858291626,0.3898089230060577,0.992600440979004,11.267420768737791,0.4814833700656891,0.4968739748001098,0.9875794053077698,0.387746512889862,0.9939010739326476,9.42509651184082,0.372187852859497,0.12548828125,0.28857421875,0.57568359375,0.83349609375,0.88720703125,6000,0.7617933750152588,0.7617933750152588,7.738524591180262,3.1612393454443044,2.620613424272681,0.405429482460022,1.264911064067352,0.3,0.001,1.0,1.0,128,300,3,6000,-1.0,0,0,0,0,0,0.0,1.0,0,10,3.249078899030758,35.225006103515625,24.05418419837952,6000,dfa,mnist,div255,mlp,tanh,sigmoid_bce,none,0.0003,0.001
0.894025981426239,0.7242494821548462,6.8882071693294495,0.985094428062439,0.4069302082061767,13.797251120676927,0.9980725646018982,0.2263269871473312,15.732320706888435,310,90.0,310.0,520.0,430.0,0.1224099864130434,1.2692182064056396,1.2055869975267264,h1.0_o1.0_g1.0,0,0,E5_recovery/h1.0_o1.0_g1.0/seed0_fb0.csv,3,0.7242494821548462,0.894025981426239,0.3541161119937897,0.9909001588821412,12.757408142089844,0.6689239740371704,0.4069302082061767,0.985094428062439,0.3507662415504455,0.9935280680656432,10.161163330078123,0.5720480680465698,0.2263269871473312,0.9980725646018982,0.3540035486221313,0.9948840141296388,8.370211601257324,0.3683159351348877,0.26953125,0.7802734375,0.85693359375,0.8994140625,0.90869140625,4500,0.6090449094772339,0.6090449094772339,26.953168049917554,10.236181397056136,8.304448866303373,1.2692182064056396,1.264911064067352,1.0,0.001,1.0,1.0,128,300,3,4500,-1.0,0,0,0,0,0,0.0,1.0,0,10,3.249078899030758,35.225006103515625,19.932610034942627,4500,dfa,mnist,div255,mlp,tanh,sigmoid_bce,none,0.001,0.001
0.9021816849708556,0.6914756894111633,7.0559169170493545,0.9889762997627258,0.3020907640457153,12.992555546287017,0.9989032745361328,0.1923276931047439,20.5380007978089,360,100.0,270.0,590.0,490.0,0.0882432725694444,1.3514316082000732,1.445871314672747,h1.0_o1.0_g1.0,1,1,E5_recovery/h1.0_o1.0_g1.0/seed1_fb1.csv,3,0.6914756894111633,0.9021816849708556,0.3873637318611145,0.9887229204177856,13.798158645629885,0.6537134051322937,0.3020907640457153,0.9889762997627258,0.3898089230060577,0.992600440979004,11.267420768737791,0.5487978458404541,0.1923276931047439,0.9989032745361328,0.387746512889862,0.9939010739326476,9.42509651184082,0.3603665232658386,0.17529296875,0.75244140625,0.845703125,0.8994140625,0.91162109375,4500,0.5888407230377197,0.5888407230377197,25.795081970600872,10.537464484814349,8.735378080908937,1.3514316082000732,1.264911064067352,1.0,0.001,1.0,1.0,128,300,3,4500,-1.0,0,0,0,0,0,0.0,1.0,0,10,3.249078899030758,35.225006103515625,18.884572505950928,4500,dfa,mnist,div255,mlp,tanh,sigmoid_bce,none,0.001,0.001
0.9422847628593444,0.5469479560852051,16.965586652582683,0.9953317046165466,0.1631406992673874,44.605638035584185,0.999739706516266,0.0927138328552246,49.3554317006766,190,70.0,220.0,350.0,280.0,0.0943603515625,1.2692182064056396,1.1817949107583945,h1.0_o1.0_g3.0,0,0,E5_recovery/h1.0_o1.0_g3.0/seed0_fb0.csv,3,0.5469479560852051,0.9422847628593444,0.3541161119937897,0.9909001588821412,12.757408142089844,0.6816824674606323,0.1631406992673874,0.9953317046165466,0.3507662415504455,0.9935280680656432,10.161163330078123,0.586078405380249,0.0927138328552246,0.999739706516266,0.3540035486221313,0.9948840141296388,8.370211601257324,0.3291444480419159,0.70556640625,0.87841796875,0.90087890625,,0.91259765625,2598,0.600490391254425,0.5974938869476318,80.85950414975267,30.708544191168407,24.91334659891012,3.807654619216919,1.264911064067352,3.0,0.001,1.0,1.0,128,300,3,2598,-1.0,0,0,0,0,0,0.0,1.0,0,10,3.249078899030758,35.225006103515625,11.127678871154783,2598,dfa,mnist,div255,mlp,tanh,sigmoid_bce,none,0.003,0.001
0.9444581270217896,0.5212137699127197,17.968128928626204,0.9972555041313172,0.1182561814785003,45.68422397823492,0.999873161315918,0.0775673985481262,66.73727519170158,210,70.0,130.0,420.0,350.0,0.0874720982142857,1.3514316082000732,1.3452767127687335,h1.0_o1.0_g3.0,1,1,E5_recovery/h1.0_o1.0_g3.0/seed1_fb1.csv,3,0.5212137699127197,0.9444581270217896,0.3873637318611145,0.9887229204177856,13.798158645629885,0.6634127497673035,0.1182561814785003,0.9972555041313172,0.3898089230060577,0.992600440979004,11.267420768737791,0.5499220490455627,0.0775673985481262,0.999873161315918,0.387746512889862,0.9939010739326476,9.42509651184082,0.3213648200035095,0.412109375,0.87841796875,0.8984375,,0.91748046875,2598,0.5983182191848755,0.5983182191848755,77.38524591180261,31.61239345444304,26.20613424272681,4.05429482460022,1.264911064067352,3.0,0.001,1.0,1.0,128,300,3,2598,-1.0,0,0,0,0,0,0.0,1.0,0,10,3.249078899030758,35.225006103515625,11.013150453567505,2598,dfa,mnist,div255,mlp,tanh,sigmoid_bce,none,0.003,0.001
0.7185789942741394,0.9082074761390686,1.6609774731989415,0.8352634906768799,0.880601704120636,1.7382729572717075,0.9158482551574708,0.8479335904121399,1.8227158528754304,170,90.0,140.0,470.0,380.0,0.1382649739583333,1.2692182064056396,1.207938978248718,h1.0_o3.0_g0.3,0,0,E5_recovery/h1.0_o3.0_g0.3/seed0_fb0.csv,3,0.9227564334869384,0.7185789942741394,0.3541161119937897,0.9909001588821412,12.757408142089844,0.5169835686683655,0.880601704120636,0.8352634906768799,0.3507662415504455,0.9935280680656432,10.161163330078123,0.435286670923233,0.8479335904121399,0.9158482551574708,0.3540035486221313,0.9948840141296388,8.370211601257324,0.4143649339675903,0.45166015625,0.7119140625,0.8056640625,0.86767578125,0.8876953125,4743,0.8040417432785034,0.8040072917938232,2.6953168049917555,1.0236181397056134,0.8304448866303373,0.3807654619216918,1.264911064067352,0.3,0.001,3.0,1.0,128,300,3,4743,-1.0,0,0,0,0,0,0.0,1.0,0,10,3.249078899030758,35.225006103515625,20.519502639770508,4743,dfa,mnist,div255,mlp,tanh,sigmoid_bce,none,0.0003,0.003
0.7280828952789307,0.9190772771835328,1.605326308161923,0.8679125308990479,0.8494775295257568,1.5036518756350583,0.9351296424865724,0.7878715991973877,1.913626340450956,290,100.0,180.0,520.0,420.0,0.1417643229166666,1.3514316082000732,1.3218767587514155,h1.0_o3.0_g0.3,1,1,E5_recovery/h1.0_o3.0_g0.3/seed1_fb1.csv,3,0.9190772771835328,0.7280828952789307,0.3873637318611145,0.9887229204177856,13.798158645629885,0.5166899561882019,0.8494775295257568,0.8679125308990479,0.3898089230060577,0.992600440979004,11.267420768737791,0.4417890012264251,0.7878715991973877,0.9351296424865724,0.387746512889862,0.9939010739326476,9.42509651184082,0.4159964919090271,0.353515625,0.69677734375,0.818359375,0.87548828125,0.8896484375,4743,0.7574516534805298,0.7574516534805298,2.579508197060087,1.0537464484814347,0.8735378080908938,0.405429482460022,1.264911064067352,0.3,0.001,3.0,1.0,128,300,3,4743,-1.0,0,0,0,0,0,0.0,1.0,0,10,3.249078899030758,35.225006103515625,20.301565647125244,4743,dfa,mnist,div255,mlp,tanh,sigmoid_bce,none,0.0003,0.003
0.8247042894363403,0.8416397571563721,3.1818236482472324,0.9447860717773438,0.6764801740646362,4.63829596132373,0.9857845902442932,0.515372633934021,5.306519246409321,190,50.0,110.0,280.0,230.0,0.14013671875,1.2692182064056396,1.08247802432461,h1.0_o3.0_g1.0,0,0,E5_recovery/h1.0_o3.0_g1.0/seed0_fb0.csv,3,0.8416397571563721,0.8247042894363403,0.3541161119937897,0.9909001588821412,12.757408142089844,0.616683840751648,0.6764801740646362,0.9447860717773438,0.3507662415504455,0.9935280680656432,10.161163330078123,0.5247604250907898,0.515372633934021,0.9857845902442932,0.3540035486221313,0.9948840141296388,8.370211601257324,0.4096065759658813,0.6630859375,0.85107421875,0.88671875,,0.90185546875,2598,0.6736468076705933,0.6729885935783386,8.984389349972519,3.4120604656853786,2.7681496221011246,1.2692182064056396,1.264911064067352,1.0,0.001,3.0,1.0,128,300,3,2598,-1.0,0,0,0,0,0,0.0,1.0,0,10,3.249078899030758,35.225006103515625,15.170613050460815,2598,dfa,mnist,div255,mlp,tanh,sigmoid_bce,none,0.001,0.003
0.8342118263244629,0.8282915353775024,3.2304637986532807,0.960326075553894,0.6046156287193298,4.328222881518152,0.990065336227417,0.4587076008319855,6.474977719908074,220,50.0,190.0,310.0,260.0,0.13359375,1.3514316082000732,1.2999078492535447,h1.0_o3.0_g1.0,1,1,E5_recovery/h1.0_o3.0_g1.0/seed1_fb1.csv,3,0.8282915353775024,0.8342118263244629,0.3873637318611145,0.9887229204177856,13.798158645629885,0.6035890579223633,0.6046156287193298,0.960326075553894,0.3898089230060577,0.992600440979004,11.267420768737791,0.523076057434082,0.4587076008319855,0.990065336227417,0.387746512889862,0.9939010739326476,9.42509651184082,0.4075840711593628,0.5390625,0.8408203125,0.876953125,,0.89990234375,2598,0.6345009803771973,0.6345009803771973,8.598360656866957,3.5124881616047827,2.9117926936363125,1.3514316082000732,1.264911064067352,1.0,0.001,3.0,1.0,128,300,3,2598,-1.0,0,0,0,0,0,0.0,1.0,0,10,3.249078899030758,35.225006103515625,12.187217712402344,2598,dfa,mnist,div255,mlp,tanh,sigmoid_bce,none,0.001,0.003
0.8995459079742432,0.7078695893287659,6.958131228998974,0.986640989780426,0.3864337205886841,14.113322122388734,0.9983356595039368,0.2167649865150451,16.03796904654076,110,50.0,120.0,180.0,130.0,0.11663818359375,1.2692182064056396,0.7726412828048961,h1.0_o3.0_g3.0,0,0,E5_recovery/h1.0_o3.0_g3.0/seed0_fb0.csv,3,0.7078695893287659,0.8995459079742432,0.3541161119937897,0.9909001588821412,12.757408142089844,0.6649869084358215,0.3864337205886841,0.986640989780426,0.3507662415504455,0.9935280680656432,10.161163330078123,0.5693196654319763,0.2167649865150451,0.9983356595039368,0.3540035486221313,0.9948840141296388,8.370211601257324,0.3678571283817291,0.841796875,0.9013671875,0.90673828125,,0.90673828125,1500,0.6099013090133667,0.6099013090133667,26.953168049917554,10.236181397056136,8.304448866303373,3.807654619216919,1.264911064067352,3.0,0.001,3.0,1.0,128,300,3,1500,-1.0,0,0,0,0,0,0.0,1.0,0,10,3.249078899030758,35.225006103515625,7.869754314422607,1500,dfa,mnist,div255,mlp,tanh,sigmoid_bce,none,0.003,0.003
0.9061435461044312,0.6771581172943115,7.124483529864667,0.9897798299789428,0.2858314216136932,13.441146229993644,0.9989855885505676,0.1819095760583877,20.982849253759188,120,40.0,140.0,200.0,160.0,0.1032492897727272,1.3514316082000732,0.8847845932634729,h1.0_o3.0_g3.0,1,1,E5_recovery/h1.0_o3.0_g3.0/seed1_fb1.csv,3,0.6771581172943115,0.9061435461044312,0.3873637318611145,0.9887229204177856,13.798158645629885,0.6459075808525085,0.2858314216136932,0.9897798299789428,0.3898089230060577,0.992600440979004,11.267420768737791,0.5445083975791931,0.1819095760583877,0.9989855885505676,0.387746512889862,0.9939010739326476,9.42509651184082,0.3614832460880279,0.81982421875,0.8935546875,0.9072265625,,0.9072265625,1500,0.5922288298606873,0.5922288298606873,25.795081970600872,10.537464484814349,8.735378080908937,4.05429482460022,1.264911064067352,3.0,0.001,3.0,1.0,128,300,3,1500,-1.0,0,0,0,0,0,0.0,1.0,0,10,3.249078899030758,35.225006103515625,8.429038763046265,1500,dfa,mnist,div255,mlp,tanh,sigmoid_bce,none,0.003,0.003
0.9488727450370787,0.5106029510498047,19.97578412949624,0.9964592456817628,0.1281962096691131,55.386344449431725,0.999838650226593,0.0668872147798538,61.96673961737409,530,290.0,510.0,1000.0,710.0,0.1085470448369565,1.2692182064056396,1.24057040617081,h4.0_o0.3_g0.3,0,0,E5_recovery/h4.0_o0.3_g0.3/seed0_fb0.csv,3,0.5106029510498047,0.9488727450370787,0.3541161119937897,0.9909001588821412,12.757408142089844,0.6709063053131104,0.1281962096691131,0.9964592456817628,0.3507662415504455,0.9935280680656432,10.161163330078123,0.5635273456573486,0.0668872147798538,0.999838650226593,0.3540035486221313,0.9948840141296388,8.370211601257324,0.2933200001716614,0.08837890625,0.46337890625,0.74072265625,0.88525390625,0.912109375,6000,0.6820839643478394,0.6820839643478394,107.81267219967022,40.944725588224536,33.21779546521349,0.3807654619216918,1.264911064067352,0.3,0.001,0.3,4.0,128,300,3,6000,-1.0,0,0,0,0,0,0.0,1.0,0,10,3.249078899030758,35.225006103515625,24.29567813873291,6000,dfa,mnist,div255,mlp,tanh,sigmoid_bce,none,0.0012,0.0003
0.950583040714264,0.4849640429019928,21.60697634791137,0.9979336261749268,0.0923558250069618,59.09228042470992,0.9999293088912964,0.0605114996433258,86.04521573296853,600,190.0,510.0,1240.0,1050.0,0.0989731297348484,1.3514316082000732,1.503932271597547,h4.0_o0.3_g0.3,1,1,E5_recovery/h4.0_o0.3_g0.3/seed1_fb1.csv,3,0.4849640429019928,0.950583040714264,0.3873637318611145,0.9887229204177856,13.798158645629885,0.6490344405174255,0.0923558250069618,0.9979336261749268,0.3898089230060577,0.992600440979004,11.267420768737791,0.5233708024024963,0.0605114996433258,0.9999293088912964,0.387746512889862,0.9939010739326476,9.42509651184082,0.2886513471603393,0.12646484375,0.18115234375,0.66796875,0.8857421875,0.91015625,6000,0.6912276744842529,0.6912276744842529,103.1803278824035,42.149857939257394,34.94151232363576,0.405429482460022,1.264911064067352,0.3,0.001,0.3,4.0,128,300,3,6000,-1.0,0,0,0,0,0,0.0,1.0,0,10,3.249078899030758,35.225006103515625,24.068787574768063,6000,dfa,mnist,div255,mlp,tanh,sigmoid_bce,none,0.0012,0.0003
0.9678223729133606,0.3409103155136108,66.58716029915757,0.9993095993995668,0.0401109643280506,228.0857557851744,0.9999862313270568,0.0211488846689462,296.8332119368497,350,190.0,330.0,820.0,630.0,0.11923828125,1.3514316082000732,1.568961076389168,h4.0_o0.3_g1.0,1,1,E5_recovery/h4.0_o0.3_g1.0/seed1_fb1.csv,3,0.3409103155136108,0.9678223729133606,0.3873637318611145,0.9887229204177856,13.798158645629885,0.6187188625335693,0.0401109643280506,0.9993095993995668,0.3898089230060577,0.992600440979004,11.267420768737791,0.519053041934967,0.0211488846689462,0.9999862313270568,0.387746512889862,0.9939010739326476,9.42509651184082,0.2648782730102539,0.2138671875,0.5146484375,0.80908203125,0.912109375,0.91943359375,4107,0.6802713871002197,0.6802713871002197,343.93442627467834,140.49952646419132,116.47170774545252,1.3514316082000732,1.264911064067352,1.0,0.001,0.3,4.0,128,300,3,4107,-1.0,0,0,0,0,0,0.0,1.0,0,10,3.249078899030758,35.225006103515625,18.171720504760746,4107,dfa,mnist,div255,mlp,tanh,sigmoid_bce,none,0.004,0.0003
0.904280722141266,0.6963785290718079,7.965054174881009,0.9882473349571228,0.3537389039993286,16.781129412266175,0.9986171722412108,0.1954712867736816,19.13009350986932,280,130.0,310.0,480.0,350.0,0.1124588815789473,1.2692182064056396,1.1814327833007294,h4.0_o1.0_g0.3,0,0,E5_recovery/h4.0_o1.0_g0.3/seed0_fb0.csv,3,0.6963785290718079,0.904280722141266,0.3541161119937897,0.9909001588821412,12.757408142089844,0.6735584139823914,0.3537389039993286,0.9882473349571228,0.3507662415504455,0.9935280680656432,10.161163330078123,0.5755688548088074,0.1954712867736816,0.9986171722412108,0.3540035486221313,0.9948840141296388,8.370211601257324,0.3619123995304107,0.3427734375,0.80517578125,0.865234375,0.9013671875,0.90869140625,4107,0.6055396795272827,0.6055396795272827,32.34380165990106,12.28341767646736,9.965338639564049,0.3807654619216918,1.264911064067352,0.3,0.001,1.0,4.0,128,300,3,4107,-1.0,0,0,0,0,0,0.0,1.0,0,10,3.249078899030758,35.225006103515625,17.96814274787903,4107,dfa,mnist,div255,mlp,tanh,sigmoid_bce,none,0.0012,0.001
0.91141939163208,0.6640536189079285,8.258774548427116,0.9909325242042542,0.2662644982337951,16.133855597682654,0.999217450618744,0.16425521671772,25.2707357943442,330,90.0,250.0,560.0,470.0,0.0943244485294117,1.3514316082000732,1.4333505389912586,h4.0_o1.0_g0.3,1,1,E5_recovery/h4.0_o1.0_g0.3/seed1_fb1.csv,3,0.6640536189079285,0.91141939163208,0.3873637318611145,0.9887229204177856,13.798158645629885,0.6585689187049866,0.2662644982337951,0.9909325242042542,0.3898089230060577,0.992600440979004,11.267420768737791,0.5494800806045532,0.16425521671772,0.999217450618744,0.387746512889862,0.9939010739326476,9.42509651184082,0.3544421792030334,0.2236328125,0.78369140625,0.8623046875,0.90185546875,0.908203125,4107,0.5883275270462036,0.5883275270462036,30.954098364721048,12.644957381777218,10.482453697090726,0.405429482460022,1.264911064067352,0.3,0.001,1.0,4.0,128,300,3,4107,-1.0,0,0,0,0,0,0.0,1.0,0,10,3.249078899030758,35.225006103515625,21.156496047973636,4107,dfa,mnist,div255,mlp,tanh,sigmoid_bce,none,0.0012,0.001
0.950940728187561,0.5001664757728577,21.61031578951794,0.9967496395111084,0.1250737458467483,60.22821718853848,0.999871015548706,0.0611307173967361,65.7593984336749,170,70.0,170.0,310.0,240.0,0.107421875,1.2692182064056396,1.1279570935267769,h4.0_o1.0_g1.0,0,0,E5_recovery/h4.0_o1.0_g1.0/seed0_fb0.csv,3,0.5001664757728577,0.950940728187561,0.3541161119937897,0.9909001588821412,12.757408142089844,0.6787099242210388,0.1250737458467483,0.9967496395111084,0.3507662415504455,0.9935280680656432,10.161163330078123,0.5844067335128784,0.0611307173967361,0.999871015548706,0.3540035486221313,0.9948840141296388,8.370211601257324,0.3163691163063049,0.72998046875,0.8896484375,0.91064453125,,0.91748046875,2250,0.6086593866348267,0.6086593866348267,107.81267219967022,40.94472558822454,33.21779546521349,1.2692182064056396,1.264911064067352,1.0,0.001,1.0,4.0,128,300,3,2250,-1.0,0,0,0,0,0,0.0,1.0,0,10,3.249078899030758,35.225006103515625,9.937461853027344,2250,dfa,mnist,div255,mlp,tanh,sigmoid_bce,none,0.004,0.001
0.952536642551422,0.4759351909160614,23.7363622150525,0.9981088042259216,0.0853378325700759,66.13163793573773,0.9999347925186156,0.0494306161999702,93.3060617297538,190,70.0,170.0,380.0,310.0,0.0927734375,1.3514316082000732,1.3454166707726674,h4.0_o1.0_g1.0,1,1,E5_recovery/h4.0_o1.0_g1.0/seed1_fb1.csv,3,0.4759351909160614,0.952536642551422,0.3873637318611145,0.9887229204177856,13.798158645629885,0.6560155153274536,0.0853378325700759,0.9981088042259216,0.3898089230060577,0.992600440979004,11.267420768737791,0.5450556874275208,0.0494306161999702,0.9999347925186156,0.387746512889862,0.9939010739326476,9.42509651184082,0.3150374293327331,0.66796875,0.890625,0.9072265625,,0.91845703125,2250,0.6023026704788208,0.6023026704788208,103.18032788240347,42.149857939257394,34.94151232363575,1.3514316082000732,1.264911064067352,1.0,0.001,1.0,4.0,128,300,3,2250,-1.0,0,0,0,0,0,0.0,1.0,0,10,3.249078899030758,35.225006103515625,9.89392066001892,2250,dfa,mnist,div255,mlp,tanh,sigmoid_bce,none,0.004,0.001
0.84767085313797,0.8078320622444153,3.647112648451391,0.968220055103302,0.5482279062271118,5.169924338338412,0.9929280877113342,0.4020162224769592,7.844997118175523,200,50.0,190.0,290.0,240.0,0.131640625,1.3514316082000732,1.249697564481356,h4.0_o3.0_g0.3,1,1,E5_recovery/h4.0_o3.0_g0.3/seed1_fb1.csv,3,0.8078320622444153,0.84767085313797,0.3873637318611145,0.9887229204177856,13.798158645629885,0.6129780411720276,0.5482279062271118,0.968220055103302,0.3898089230060577,0.992600440979004,11.267420768737791,0.5297160744667053,0.4020162224769592,0.9929280877113342,0.387746512889862,0.9939010739326476,9.42509651184082,0.3998777866363525,0.60400390625,0.85498046875,0.87841796875,,0.90380859375,2371,0.6208963990211487,0.6208963990211487,10.318032788240348,4.214985793925739,3.494151232363575,0.405429482460022,1.264911064067352,0.3,0.001,3.0,4.0,128,300,3,2371,-1.0,0,0,0,0,0,0.0,1.0,0,10,3.249078899030758,35.225006103515625,10.603888511657717,2371,dfa,mnist,div255,mlp,tanh,sigmoid_bce,none,0.0012,0.003
0.916175901889801,0.6597694158554077,9.137687154679991,0.9910443425178528,0.2992291152477264,20.291483557615035,0.9990299940109252,0.1756878644227981,22.55874780076912,90,40.0,110.0,160.0,120.0,0.11431884765625,1.2692182064056396,0.6639734648215138,h4.0_o3.0_g1.0,0,0,E5_recovery/h4.0_o3.0_g1.0/seed0_fb0.csv,3,0.6597694158554077,0.916175901889801,0.3541161119937897,0.9909001588821412,12.757408142089844,0.6775850653648376,0.2992291152477264,0.9910443425178528,0.3507662415504455,0.9935280680656432,10.161163330078123,0.5871872901916504,0.1756878644227981,0.9990299940109252,0.3540035486221313,0.9948840141296388,8.370211601257324,0.3717716038227081,0.86181640625,0.9033203125,0.9140625,,0.9140625,1500,0.5632905960083008,0.5632905960083008,35.937557399890075,13.648241862741514,11.072598488404498,1.2692182064056396,1.264911064067352,1.0,0.001,3.0,4.0,128,300,3,1500,-1.0,0,0,0,0,0,0.0,1.0,0,10,3.249078899030758,35.225006103515625,7.929066896438599,1500,dfa,mnist,div255,mlp,tanh,sigmoid_bce,none,0.004,0.003
0.9221116304397584,0.6296295523643494,9.512854348761271,0.9929139614105223,0.2303890436887741,19.81872084602336,0.9994797110557556,0.1460817158222198,30.10170344742549,100,40.0,140.0,180.0,140.0,0.101473721590909,1.3514316082000732,0.782865033282294,h4.0_o3.0_g1.0,1,1,E5_recovery/h4.0_o3.0_g1.0/seed1_fb1.csv,3,0.6296295523643494,0.9221116304397584,0.3873637318611145,0.9887229204177856,13.798158645629885,0.6583997011184692,0.2303890436887741,0.9929139614105223,0.3898089230060577,0.992600440979004,11.267420768737791,0.557072639465332,0.1460817158222198,0.9994797110557556,0.387746512889862,0.9939010739326476,9.42509651184082,0.3662516176700592,0.85498046875,0.90234375,0.912109375,,0.912109375,1500,0.5525599718093872,0.5525599718093872,34.39344262746783,14.04995264641913,11.64717077454525,1.3514316082000732,1.264911064067352,1.0,0.001,3.0,4.0,128,300,3,1500,-1.0,0,0,0,0,0,0.0,1.0,0,10,3.249078899030758,35.225006103515625,7.959120750427246,1500,dfa,mnist,div255,mlp,tanh,sigmoid_bce,none,0.004,0.003
