maxcos_l1,minp_l1,kappa_l1,maxcos_l2,minp_l2,kappa_l2,maxcos_l3,minp_l3,kappa_l3,steps_cos_gt_0.9,ebar0,ebar_ratio_10,tag,seed,fb_seed,plateau_onset,plateau_band_end,plateau_exit,plateau_duration,plateau_band_acc,csv,n_layers,minp_w300_l1,maxcos_w300_l1,cos0_l1,p0_l1,H0_l1,wa_end_l1,minp_w300_l2,maxcos_w300_l2,cos0_l2,p0_l2,H0_l2,wa_end_l2,minp_w300_l3,maxcos_w300_l3,cos0_l3,p0_l3,H0_l3,wa_end_l3,acc_450,acc_1000,acc_1500,acc_3000,acc_final,step_final,loss_final,loss_min,kappa_cf_l1,kappa_cf_l2,kappa_cf_l3,drive,ebar0_pred,fb_scale,lr,out_lr_mult,hid_lr_mult,batch,width,depth,steps,out_bias_q,freeze_bias,freeze_out,muon,whiten,batchnorm,p0,target_scale,classes,C,prior_loss,xbar2,wall,final_step,rule,dataset,preprocess,arch,act,head,center
0.8568485975265503,0.8130063414573669,0.3509158643733828,0.9693809151649476,0.5438970923423767,0.8532545721998098,0.9936994314193726,0.4050136506557464,1.430970690616991,180,0.4071758091449737,0.3469706133261267,mse_ctr,0,0,,,,,,E9_headinit/mse_ctr/seed0_fb0.csv,3,0.8130063414573669,0.8568485975265503,0.3541161119937897,0.9909001588821412,12.757408142089844,0.2442493438720703,0.5438970923423767,0.9693809151649476,0.3507662415504455,0.9935280680656432,10.161163330078123,0.1479815244674682,0.4050136506557464,0.9936994314193726,0.3540035486221313,0.9948840141296388,8.370211601257324,0.0913010016083717,0.58251953125,0.783203125,0.80908203125,,0.8330078125,2000,0.2319029867649078,0.2318838685750961,,,,0.4071758091449737,,1.0,0.001,1.0,1.0,128,300,3,2000,-1.0,0,0,0,0,0,0.0,1.0,0,10,0.4498404832,35.225006103515625,9.648544788360596,2000,dfa,mnist,div255,mlp,tanh,mse,none
0.900886297225952,0.7379414439201355,0.6862879188255352,0.986902117729187,0.3971298635005951,1.0932438309908816,0.9977738857269288,0.2898078858852386,1.6540512020546705,210,1.045928716659546,1.8685806466149977,mse_ctr,1,1,,,,,,E9_headinit/mse_ctr/seed1_fb1.csv,3,0.7379414439201355,0.900886297225952,0.3873637318611145,0.9887229204177856,13.798158645629885,0.2144097238779068,0.3971298635005951,0.986902117729187,0.3898089230060577,0.992600440979004,11.267420768737791,0.1312608122825622,0.2898078858852386,0.9977738857269288,0.387746512889862,0.9939010739326476,9.42509651184082,0.0782203674316406,0.47998046875,0.78564453125,0.8232421875,,0.85400390625,2000,0.2248044610023498,0.2248044610023498,,,,1.045928716659546,,1.0,0.001,1.0,1.0,128,300,3,2000,-1.0,0,0,0,0,0,0.0,1.0,0,10,0.4498404832,35.225006103515625,10.011064052581787,2000,dfa,mnist,div255,mlp,tanh,mse,none
0.8844621181488037,0.7835497260093689,0.1923153381342648,0.9767194986343384,0.5422229766845703,-0.4529447035721213,0.9948275089263916,0.4022418856620788,-0.9296997483891573,210,0.9553791880607604,0.7272380032984274,mse_ctr,2,2,,,,,,E9_headinit/mse_ctr/seed2_fb2.csv,3,0.7835497260093689,0.8844621181488037,0.4126372337341308,0.9858370423316956,15.55845069885254,0.2062754034996032,0.5422229766845703,0.9767194986343384,0.3982468843460083,0.9923094511032104,11.637540817260742,0.1241887658834457,0.4022418856620788,0.9948275089263916,0.3910796046257019,0.993703842163086,9.466567993164062,0.0850187465548515,0.55419921875,0.798828125,0.8505859375,,0.87548828125,2000,0.2102250605821609,0.2102250605821609,,,,0.9553791880607604,,1.0,0.001,1.0,1.0,128,300,3,2000,-1.0,0,0,0,0,0,0.0,1.0,0,10,0.4498404832,35.225006103515625,11.069208145141602,2000,dfa,mnist,div255,mlp,tanh,mse,none
0.485097587108612,0.9544700384140016,0.0543247081339217,0.4280759692192077,0.9499334692955016,0.0031020443843823,0.3548906147480011,0.9458242654800416,0.0001198836347659,0,0.0267067980021238,0.02931660170594742,mse_ctr_w0,0,0,,,,,,E9_headinit/mse_ctr_w0/seed0_fb0.csv,3,0.9909001588821412,0.3556725680828094,0.3541161119937897,0.9909001588821412,12.757408142089844,0.5430671572685242,0.9924834966659546,0.3523591160774231,0.3507662415504455,0.9935280680656432,10.161163330078123,0.490056574344635,0.9877853393554688,0.3548906147480011,0.3540035486221313,0.9948840141296388,8.370211601257324,0.5967999696731567,0.78271484375,0.8564453125,0.8740234375,,0.88525390625,2000,0.1464300900697708,0.1464300900697708,,,,0.0267067980021238,,1.0,0.001,1.0,1.0,128,300,3,2000,-1.0,0,0,0,0,0,0.0,1.0,0,10,0.4498404832,35.225006103515625,9.226386308670044,2000,dfa,mnist,div255,mlp,tanh,mse,none
0.4806134700775146,0.9549675583839417,0.4978106074922562,0.4386444389820099,0.948481261730194,0.2057656435652756,0.387746512889862,0.9433082938194276,0.1735514554634791,0,0.0158040281385183,0.016018350345622503,mse_ctr_w0,1,1,,,,,,E9_headinit/mse_ctr_w0/seed1_fb1.csv,3,0.9887229204177856,0.3873637318611145,0.3873637318611145,0.9887229204177856,13.798158645629885,0.539440393447876,0.9919774532318116,0.3898089230060577,0.3898089230060577,0.992600440979004,11.267420768737791,0.4776924252510071,0.987560510635376,0.387746512889862,0.387746512889862,0.9939010739326476,9.42509651184082,0.6084899306297302,0.79931640625,0.86328125,0.88037109375,,0.89111328125,2000,0.1431416869163513,0.1431228518486023,,,,0.0158040281385183,,1.0,0.001,1.0,1.0,128,300,3,2000,-1.0,0,0,0,0,0,0.0,1.0,0,10,0.4498404832,35.225006103515625,10.00396728515625,2000,dfa,mnist,div255,mlp,tanh,mse,none
0.4952785074710846,0.9464676976203918,0.1448426910613162,0.4355886876583099,0.946090579032898,0.0464950796456357,0.3910796046257019,0.9448584318161012,0.0325492262132465,0,0.0241568479686975,0.02601750026227931,mse_ctr_w0,2,2,,,,,,E9_headinit/mse_ctr_w0/seed2_fb2.csv,3,0.9858370423316956,0.4126372337341308,0.4126372337341308,0.9858370423316956,15.55845069885254,0.5457786321640015,0.9921306371688844,0.3982468843460083,0.3982468843460083,0.9923094511032104,11.637540817260742,0.4878133237361908,0.9860333204269408,0.3910796046257019,0.3910796046257019,0.993703842163086,9.466567993164062,0.5980530977249146,0.78955078125,0.86474609375,0.8828125,,0.892578125,2000,0.1443939805030822,0.1443939805030822,,,,0.0241568479686975,,1.0,0.001,1.0,1.0,128,300,3,2000,-1.0,0,0,0,0,0,0.0,1.0,0,10,0.4498404832,35.225006103515625,9.540250539779663,2000,dfa,mnist,div255,mlp,tanh,mse,none
0.3541161119937897,0.9909001588821412,0.1684819457218424,0.3507662415504455,0.9935280680656432,0.0626800302403222,0.3540035486221313,0.9948840141296388,0.050418057476082,0,0.0267067980021238,0.029315525809852562,mse_ctr_w0_bp,0,0,,,,,,E9_headinit/mse_ctr_w0_bp/seed0_fb0.csv,3,0.9909001588821412,0.3541161119937897,0.3541161119937897,0.9909001588821412,12.757408142089844,,0.9935280680656432,0.3507662415504455,0.3507662415504455,0.9935280680656432,10.161163330078123,,0.9948840141296388,0.3540035486221313,0.3540035486221313,0.9948840141296388,8.370211601257324,,0.7412109375,0.76953125,0.78955078125,,0.80029296875,2000,0.2618172168731689,0.2618172168731689,,,,0.0267067980021238,,1.0,0.001,1.0,1.0,128,300,3,2000,-1.0,0,0,0,0,0,0.0,1.0,0,10,0.4498404832,35.225006103515625,9.36258316040039,2000,bp,mnist,div255,mlp,tanh,mse,none
0.3873637318611145,0.9887229204177856,0.2994502171046349,0.3898089230060577,0.992600440979004,0.1186223945287318,0.387746512889862,0.9939010739326476,0.0947907458217142,0,0.0158040281385183,0.01597404733724223,mse_ctr_w0_bp,1,0,,,,,,E9_headinit/mse_ctr_w0_bp/seed1_fb0.csv,3,0.9887229204177856,0.3873637318611145,0.3873637318611145,0.9887229204177856,13.798158645629885,,0.992600440979004,0.3898089230060577,0.3898089230060577,0.992600440979004,11.267420768737791,,0.9939010739326476,0.387746512889862,0.387746512889862,0.9939010739326476,9.42509651184082,,0.71728515625,0.7431640625,0.76611328125,,0.78857421875,2000,0.2552878260612488,0.2552878260612488,,,,0.0158040281385183,,1.0,0.001,1.0,1.0,128,300,3,2000,-1.0,0,0,0,0,0,0.0,1.0,0,10,0.4498404832,35.225006103515625,10.403612852096558,2000,bp,mnist,div255,mlp,tanh,mse,none
0.4126372337341308,0.9858370423316956,0.4223403786935519,0.3982468843460083,0.9923094511032104,0.192914798666321,0.3910796046257019,0.993703842163086,0.1423813083450203,0,0.0241568479686975,0.026054432873673147,mse_ctr_w0_bp,2,0,,,,,,E9_headinit/mse_ctr_w0_bp/seed2_fb0.csv,3,0.9858370423316956,0.4126372337341308,0.4126372337341308,0.9858370423316956,15.55845069885254,,0.9923094511032104,0.3982468843460083,0.3982468843460083,0.9923094511032104,11.637540817260742,,0.993703842163086,0.3910796046257019,0.3910796046257019,0.993703842163086,9.466567993164062,,0.72998046875,0.76416015625,0.78857421875,,0.8046875,2000,0.2577666342258453,0.2577666342258453,,,,0.0241568479686975,,1.0,0.001,1.0,1.0,128,300,3,2000,-1.0,0,0,0,0,0,0.0,1.0,0,10,0.4498404832,35.225006103515625,9.699264526367188,2000,bp,mnist,div255,mlp,tanh,mse,none
0.6194338798522949,0.91863614320755,0.9951892662170964,0.6815210580825806,0.895706057548523,0.7714980947874079,0.7479490041732788,0.8930714726448059,0.6906036234422559,0,0.3173535168170929,0.30555892493355913,mse_w0,0,0,,,,,,E9_headinit/mse_w0/seed0_fb0.csv,3,0.9504960775375366,0.6194338798522949,0.3541161119937897,0.9909001588821412,12.757408142089844,0.5680356025695801,0.947277843952179,0.6815210580825806,0.3507662415504455,0.9935280680656432,10.161163330078123,0.5253959894180298,0.9470942616462708,0.7479490041732788,0.3540035486221313,0.9948840141296388,8.370211601257324,0.6415223479270935,0.76123046875,0.85888671875,0.88427734375,,0.88916015625,2000,0.1344776153564453,0.1344776153564453,,,,0.3173535168170929,,1.0,0.001,1.0,1.0,128,300,3,2000,-1.0,0,0,0,0,0,0.0,1.0,0,10,0.4498404832,35.225006103515625,12.063282012939453,2000,dfa,mnist,div255,mlp,tanh,mse,none
0.5913224220275879,0.9246349334716796,0.9592952118637058,0.6930904984474182,0.897780179977417,0.6843447432810535,0.7673310041427612,0.8891647458076477,0.7105253077668829,0,0.3166224360466003,0.29775855052042693,mse_w0,1,1,,,,,,E9_headinit/mse_w0/seed1_fb1.csv,3,0.95660799741745,0.5913224220275879,0.3873637318611145,0.9887229204177856,13.798158645629885,0.5622729659080505,0.9509828090667723,0.6930904984474182,0.3898089230060577,0.992600440979004,11.267420768737791,0.5165688395500183,0.9359599947929382,0.7673310041427612,0.387746512889862,0.9939010739326476,9.42509651184082,0.6437691450119019,0.783203125,0.865234375,0.88818359375,,0.89599609375,2000,0.1290263235569,0.1289456635713577,,,,0.3166224360466003,,1.0,0.001,1.0,1.0,128,300,3,2000,-1.0,0,0,0,0,0,0.0,1.0,0,10,0.4498404832,35.225006103515625,10.11906123161316,2000,dfa,mnist,div255,mlp,tanh,mse,none
0.6000324487686157,0.9104161262512208,0.9809567114005092,0.6824269890785217,0.898876965045929,0.7611959434261977,0.7401739358901978,0.8959606885910034,0.6843663134385346,0,0.3171491026878357,0.30232814421269977,mse_w0,2,2,,,,,,E9_headinit/mse_w0/seed2_fb2.csv,3,0.9564765095710754,0.6000324487686157,0.4126372337341308,0.9858370423316956,15.55845069885254,0.5707024335861206,0.9546411037445068,0.6824269890785217,0.3982468843460083,0.9923094511032104,11.637540817260742,0.5139321088790894,0.9494154453277588,0.7401739358901978,0.3910796046257019,0.993703842163086,9.466567993164062,0.6328104138374329,0.7626953125,0.8662109375,0.88623046875,,0.892578125,2000,0.1332413852214813,0.1332413852214813,,,,0.3171491026878357,,1.0,0.001,1.0,1.0,128,300,3,2000,-1.0,0,0,0,0,0,0.0,1.0,0,10,0.4498404832,35.225006103515625,9.295763731002808,2000,dfa,mnist,div255,mlp,tanh,mse,none
0.907131552696228,0.7070334553718567,5.247619761917052,0.9854353070259094,0.3807510733604431,10.423080198408751,0.998037338256836,0.256764680147171,13.511185895623797,320,1.265192985534668,1.2582961765433562,sigmoid_w0,0,0,80.0,260.0,460.0,380.0,0.10045744243421052,E9_headinit/sigmoid_w0/seed0_fb0.csv,3,0.7070334553718567,0.907131552696228,0.3541161119937897,0.9909001588821412,12.757408142089844,0.625343918800354,0.3807510733604431,0.9854353070259094,0.3507662415504455,0.9935280680656432,10.161163330078123,0.6014920473098755,0.256764680147171,0.998037338256836,0.3540035486221313,0.9948840141296388,8.370211601257324,0.7109052538871765,0.4873046875,0.79296875,0.85791015625,,0.876953125,2000,1.0206472873687744,1.0206472873687744,26.867688300237173,10.203718191918883,8.278111991580133,1.265192985534668,1.264911064067352,1.0,0.001,1.0,1.0,128,300,3,2000,-1.0,0,0,0,0,0,0.0,1.0,0,10,3.2490788990307586,35.225006103515625,9.142289638519287,2000,dfa,mnist,div255,mlp,tanh,sigmoid_bce,none
0.8874095678329468,0.7443459033966064,5.281360629328118,0.9852376580238342,0.3584664762020111,8.910110240556566,0.998000979423523,0.2279766350984573,14.364988136820584,320,1.2650097608566284,1.270175650385533,sigmoid_w0,1,1,160.0,270.0,450.0,290.0,0.105712890625,E9_headinit/sigmoid_w0/seed1_fb1.csv,3,0.7443459033966064,0.8874095678329468,0.3873637318611145,0.9887229204177856,13.798158645629885,0.6252776980400085,0.3584664762020111,0.9852376580238342,0.3898089230060577,0.992600440979004,11.267420768737791,0.6079429388046265,0.2279766350984573,0.998000979423523,0.387746512889862,0.9939010739326476,9.42509651184082,0.697715699672699,0.54052734375,0.78515625,0.857421875,,0.88134765625,2000,0.99006187915802,0.99006187915802,24.145528546847533,9.863610816180325,8.176764898847104,1.2650097608566284,1.264911064067352,1.0,0.001,1.0,1.0,128,300,3,2000,-1.0,0,0,0,0,0,0.0,1.0,0,10,3.2490788990307586,35.225006103515625,9.398316860198975,2000,dfa,mnist,div255,mlp,tanh,sigmoid_bce,none
0.8949215412139893,0.740915060043335,5.305868683329455,0.9841746091842652,0.4005061089992523,9.85686737289061,0.9979171752929688,0.2429330646991729,13.362243895419162,310,1.2651417255401611,1.2592581879262537,sigmoid_w0,2,2,80.0,160.0,450.0,370.0,0.10758463541666667,E9_headinit/sigmoid_w0/seed2_fb2.csv,3,0.740915060043335,0.8949215412139893,0.4126372337341308,0.9858370423316956,15.55845069885254,0.6199541091918945,0.4005061089992523,0.9841746091842652,0.3982468843460083,0.9923094511032104,11.637540817260742,0.60176682472229,0.2429330646991729,0.9979171752929688,0.3910796046257019,0.993703842163086,9.466567993164062,0.6944205164909363,0.52197265625,0.78173828125,0.85302734375,,0.88525390625,2000,1.0018627643585205,1.0018627643585205,24.052366042388847,10.994336789497426,8.39096497993097,1.2651417255401611,1.264911064067352,1.0,0.001,1.0,1.0,128,300,3,2000,-1.0,0,0,0,0,0,0.0,1.0,0,10,3.2490788990307586,35.225006103515625,12.513641119003296,2000,dfa,mnist,div255,mlp,tanh,sigmoid_bce,none
0.256699651479721,0.9618253111839294,-0.7269125931186226,0.2623695135116577,0.9447680115699768,-0.0263003784692473,0.250898540019989,0.9349051117897034,-0.0102556365386008,0,0.0267067980021238,0.028322876382750124,softmax_w0,0,0,,,,,,E9_headinit/softmax_w0/seed0_fb0.csv,3,0.9675261378288268,0.256699651479721,0.256587266921997,0.9692347049713136,35.380516052246094,0.6401602625846863,0.9612913727760316,0.2623695135116577,0.2585932910442352,0.98144268989563,20.170337677001957,0.634599506855011,0.9506864547729492,0.250898540019989,0.248533010482788,0.990676999092102,12.935033798217772,0.7675400376319885,0.83740234375,0.89404296875,0.90966796875,,0.91259765625,2000,0.3115414977073669,0.3115414977073669,,,,0.0267067980021238,,1.0,0.001,1.0,1.0,128,300,3,2000,-1.0,0,0,0,0,0,0.0,1.0,0,10,2.30101181725015,228.84242248535156,9.280445098876953,2000,dfa,mnist,standardize,mlp,tanh,softmax_ce,none
0.258268654346466,0.9600940942764282,1.974665249558964,0.2395227700471878,0.9437991380691528,0.1212823013640312,0.2424884587526321,0.9352648258209229,0.0654813761790556,0,0.0158040281385183,0.01659270230839885,softmax_w0,1,1,,,,,,E9_headinit/softmax_w0/seed1_fb1.csv,3,0.9643121957778932,0.258268654346466,0.258268654346466,0.964604914188385,34.37712478637695,0.6524330973625183,0.9519086480140686,0.2395227700471878,0.2395227700471878,0.9820687770843506,18.234130859375,0.6317777633666992,0.9378118515014648,0.2424884587526321,0.2424884587526321,0.9901525378227234,12.683675765991213,0.7617015242576599,0.85107421875,0.9013671875,0.91455078125,,0.919921875,2000,0.2933709323406219,0.2933709323406219,,,,0.0158040281385183,,1.0,0.001,1.0,1.0,128,300,3,2000,-1.0,0,0,0,0,0,0.0,1.0,0,10,2.30101181725015,228.84242248535156,9.097944021224976,2000,dfa,mnist,standardize,mlp,tanh,softmax_ce,none
0.276034951210022,0.9582101106643676,-2.536174364475886,0.2524372637271881,0.9504083395004272,-0.1565929900507369,0.2565577924251556,0.9314392805099488,-0.0961862844857945,0,0.0241568479686975,0.025249904581551068,softmax_w0,2,2,,,,,,E9_headinit/softmax_w0/seed2_fb2.csv,3,0.95871901512146,0.276034951210022,0.276034951210022,0.95871901512146,38.42317199707031,0.6481483578681946,0.9576420187950134,0.2524372637271881,0.2524372637271881,0.982099711894989,19.25482940673828,0.6463953256607056,0.9315829873085022,0.2565577924251556,0.2565577924251556,0.9886656999588012,13.666104316711426,0.7755679488182068,0.8359375,0.900390625,0.91259765625,,0.91650390625,2000,0.2899998426437378,0.2899998426437378,,,,0.0241568479686975,,1.0,0.001,1.0,1.0,128,300,3,2000,-1.0,0,0,0,0,0,0.0,1.0,0,10,2.30101181725015,228.84242248535156,10.116785764694214,2000,dfa,mnist,standardize,mlp,tanh,softmax_ce,none
