activation,inputs,source,final_step,H0,Hend,Hmax
linear,raw,results/E10_nonsat/linear_lr3e4_centere/seed0_fb0.csv,3000,15.755759239196776,13803376869376.0,13803376869376.0
linear,raw,results/E10_nonsat/linear_lr3e4_centere/seed1_fb1.csv,3000,18.226253509521484,871843263152128.0,871843263152128.0
linear,raw,results/E10_nonsat/linear_lr3e4_centere/seed2_fb2.csv,3000,18.33245086669922,166277477826560.0,166277477826560.0
linear,centered,results/E10_nonsat/linear_lr1e3_centere_pixcenter/seed0_fb0.csv,3000,0.0304958466440439,0.2093241959810257,0.2930688560009002
linear,centered,results/E10_nonsat/linear_lr1e3_centere_pixcenter/seed1_fb1.csv,3000,0.0316184610128402,0.1991421729326248,0.5874150395393372
linear,centered,results/E10_nonsat/linear_lr1e3_centere_pixcenter/seed2_fb2.csv,3000,0.0276172496378421,0.4880847632884979,0.9245717525482178
relu,raw,results/E10_nonsat/relu_lr3e4_centere/seed0_fb0.csv,3000,3.9209988117218018,4798314.5,4798314.5
relu,raw,results/E10_nonsat/relu_lr3e4_centere/seed1_fb1.csv,3000,4.427813529968262,5550153.5,5550153.5
relu,raw,results/E10_nonsat/relu_lr3e4_centere/seed2_fb2.csv,3000,2.6696274280548096,343284.5,343284.5
relu,centered,results/E10_nonsat/relu_lr1e3_centere_pixcenter/seed0_fb0.csv,3000,2.2762856483459477,5558.2265625,5558.2265625
relu,centered,results/E10_nonsat/relu_lr1e3_centere_pixcenter/seed1_fb1.csv,3000,2.0499396324157715,6101.18359375,6101.18359375
relu,centered,results/E10_nonsat/relu_lr1e3_centere_pixcenter/seed2_fb2.csv,3000,1.5323565006256104,6634.611328125,6634.611328125
gelu,raw,results/E10_nonsat/gelu_lr3e4_centere/seed0_fb0.csv,3000,0.3502341210842132,50753088.0,50753088.0
gelu,raw,results/E10_nonsat/gelu_lr3e4_centere/seed1_fb1.csv,3000,0.4935126304626465,44226888.0,44226888.0
gelu,raw,results/E10_nonsat/gelu_lr3e4_centere/seed2_fb2.csv,3000,0.381062775850296,3815203.25,3815203.25
gelu,centered,results/E10_nonsat/gelu_lr1e3_centere_pixcenter/seed0_fb0.csv,3000,0.0416126027703285,21913.384765625,21913.384765625
gelu,centered,results/E10_nonsat/gelu_lr1e3_centere_pixcenter/seed1_fb1.csv,3000,0.0392056480050087,54399.4765625,54399.4765625
gelu,centered,results/E10_nonsat/gelu_lr1e3_centere_pixcenter/seed2_fb2.csv,3000,0.027286771684885,39699.3359375,39699.3359375
