condition,source,window,var_min,rank0,rank_min
base,results/E1_headline/base/seed0_fb0.csv,500,0.03234876814892107,45.7084264318198,4.546302501549227
base,results/E1_headline/base/seed0_fb1.csv,500,0.0314525975444384,45.7084264318198,4.77269988369134
base,results/E1_headline/base/seed0_fb2.csv,500,0.027732819212598365,45.7084264318198,4.662213761096289
base,results/E1_headline/base/seed1_fb0.csv,500,0.018698654854794678,44.82843755006938,4.053217872000754
base,results/E1_headline/base/seed1_fb1.csv,500,0.019130550390566513,44.82843755006938,3.968192167777957
base,results/E1_headline/base/seed1_fb2.csv,500,0.022930827464671035,44.82843755006938,4.416100009827967
base,results/E1_headline/base/seed2_fb0.csv,500,0.038222319613566376,46.57523557261969,4.726434068798241
base,results/E1_headline/base/seed2_fb1.csv,500,0.016586903866587954,46.57523557261969,4.109054147394281
base,results/E1_headline/base/seed2_fb2.csv,500,0.028660357267844657,46.57523557261969,4.1944089207386845
base,results/E1_headline/base/seed3_fb0.csv,500,0.027466249590458767,45.732687939284496,4.733534275940473
base,results/E1_headline/base/seed3_fb1.csv,500,0.02672977121636688,45.732687939284496,4.324944594443129
base,results/E1_headline/base/seed3_fb2.csv,500,0.034055847997243066,45.732687939284496,4.352485621387229
base,results/E1_headline/base/seed4_fb0.csv,500,0.023343824920254753,44.95041804876022,4.480210440055442
base,results/E1_headline/base/seed4_fb1.csv,500,0.03884933049449352,44.95041804876022,3.823404674906973
base,results/E1_headline/base/seed4_fb2.csv,500,0.029523631951818778,44.95041804876022,3.764468900003477
bp,results/E1_headline/bp/seed0_fb0.csv,500,0.8205251428255788,45.7084264318198,36.802672983659455
bp,results/E1_headline/bp/seed1_fb0.csv,500,0.8194872173931795,44.82843755006938,37.75562143336011
bp,results/E1_headline/bp/seed2_fb0.csv,500,0.8303328762795468,46.57523557261969,38.24019612215376
bp,results/E1_headline/bp/seed3_fb0.csv,500,0.8236022488482224,45.732687939284496,37.14583501741241
bp,results/E1_headline/bp/seed4_fb0.csv,500,0.837553208402636,44.95041804876022,36.911632509674696
aligned,results/E1_headline/aligned/seed0_fb0.csv,500,0.7988920072526396,45.7084264318198,11.97448122681068
aligned,results/E1_headline/aligned/seed0_fb1.csv,500,0.8009702671038296,45.7084264318198,12.001134379166658
aligned,results/E1_headline/aligned/seed0_fb2.csv,500,0.7990340642155481,45.7084264318198,11.977792897941244
aligned,results/E1_headline/aligned/seed1_fb0.csv,500,0.8019250633495139,44.82843755006938,12.180832412258964
aligned,results/E1_headline/aligned/seed1_fb1.csv,500,0.8039291393636327,44.82843755006938,12.21305489472168
aligned,results/E1_headline/aligned/seed1_fb2.csv,500,0.8020983765697681,44.82843755006938,12.186496731923995
aligned,results/E1_headline/aligned/seed2_fb0.csv,500,0.8059054079497574,46.57523557261969,12.476215380175608
aligned,results/E1_headline/aligned/seed2_fb1.csv,500,0.8078696045757856,46.57523557261969,12.499758930303122
aligned,results/E1_headline/aligned/seed2_fb2.csv,500,0.8059391817070694,46.57523557261969,12.4773798095494
aligned,results/E1_headline/aligned/seed3_fb0.csv,500,0.7979688261205552,45.732687939284496,12.170378025781377
aligned,results/E1_headline/aligned/seed3_fb1.csv,500,0.7998840360401029,45.732687939284496,12.195775848385535
aligned,results/E1_headline/aligned/seed3_fb2.csv,500,0.7980509476438022,45.732687939284496,12.1742698485416
aligned,results/E1_headline/aligned/seed4_fb0.csv,500,0.8330427415525471,44.95041804876022,12.328746379962771
aligned,results/E1_headline/aligned/seed4_fb1.csv,500,0.8346978206408724,44.95041804876022,12.365345570953718
aligned,results/E1_headline/aligned/seed4_fb2.csv,500,0.8330142193662475,44.95041804876022,12.334652758671638
priorbias,results/E1_headline/priorbias/seed0_fb0.csv,500,1.0,45.7084264318198,5.338280612377478
priorbias,results/E1_headline/priorbias/seed0_fb1.csv,500,1.0,45.7084264318198,5.0821697787746025
priorbias,results/E1_headline/priorbias/seed0_fb2.csv,500,1.0,45.7084264318198,5.204533704799151
priorbias,results/E1_headline/priorbias/seed1_fb0.csv,500,0.9986179090579872,44.82843755006938,5.228920643928804
priorbias,results/E1_headline/priorbias/seed1_fb1.csv,500,0.5126887603601645,44.82843755006938,5.297052269884325
priorbias,results/E1_headline/priorbias/seed1_fb2.csv,500,0.9937698690551771,44.82843755006938,5.600193398027977
priorbias,results/E1_headline/priorbias/seed2_fb0.csv,500,1.0,46.57523640757756,5.570691436410686
priorbias,results/E1_headline/priorbias/seed2_fb1.csv,500,1.0,46.57523557261969,5.64309313217618
priorbias,results/E1_headline/priorbias/seed2_fb2.csv,500,1.0,46.57523557261969,5.2305344859741645
priorbias,results/E1_headline/priorbias/seed3_fb0.csv,500,1.0,45.732687939284496,5.22445454172583
priorbias,results/E1_headline/priorbias/seed3_fb1.csv,500,1.0,45.732687939284496,5.532161505752732
priorbias,results/E1_headline/priorbias/seed3_fb2.csv,500,0.9996280993437668,45.732687939284496,4.98759929514792
priorbias,results/E1_headline/priorbias/seed4_fb0.csv,500,1.0,44.95041804876022,5.301242349109356
priorbias,results/E1_headline/priorbias/seed4_fb1.csv,500,1.0,44.95041804876022,5.144337977040376
priorbias,results/E1_headline/priorbias/seed4_fb2.csv,500,1.0,44.95041804876022,5.0010243549772815
pixcenter_frzbias,results/E1_headline/pixcenter_frzbias/seed0_fb0.csv,500,1.0,44.47210215060798,5.010146656155342
pixcenter_frzbias,results/E1_headline/pixcenter_frzbias/seed0_fb1.csv,500,1.0,44.47210215060798,3.9111861683307465
pixcenter_frzbias,results/E1_headline/pixcenter_frzbias/seed0_fb2.csv,500,1.0,44.47210215060798,3.8179470253242873
pixcenter_frzbias,results/E1_headline/pixcenter_frzbias/seed1_fb0.csv,500,1.0,43.2161421940788,4.366964464073047
pixcenter_frzbias,results/E1_headline/pixcenter_frzbias/seed1_fb1.csv,500,1.0,43.2161421940788,5.754856204755808
pixcenter_frzbias,results/E1_headline/pixcenter_frzbias/seed1_fb2.csv,500,1.0,43.2161421940788,5.587380409391892
pixcenter_frzbias,results/E1_headline/pixcenter_frzbias/seed2_fb0.csv,500,1.0,44.05023192477116,6.199345651895257
pixcenter_frzbias,results/E1_headline/pixcenter_frzbias/seed2_fb1.csv,500,1.0,44.05023192477116,4.316696244961296
pixcenter_frzbias,results/E1_headline/pixcenter_frzbias/seed2_fb2.csv,500,1.0,44.05023192477116,3.912984970149626
pixcenter_frzbias,results/E1_headline/pixcenter_frzbias/seed3_fb0.csv,500,1.0,43.64536587767873,5.317441339342095
pixcenter_frzbias,results/E1_headline/pixcenter_frzbias/seed3_fb1.csv,500,1.0,43.64536587767873,5.086546020930453
pixcenter_frzbias,results/E1_headline/pixcenter_frzbias/seed3_fb2.csv,500,1.0,43.64536587767873,4.153661373763966
pixcenter_frzbias,results/E1_headline/pixcenter_frzbias/seed4_fb0.csv,500,1.0,42.8776611153187,4.307711565439451
pixcenter_frzbias,results/E1_headline/pixcenter_frzbias/seed4_fb1.csv,500,1.0,42.8776611153187,5.475654109190225
pixcenter_frzbias,results/E1_headline/pixcenter_frzbias/seed4_fb2.csv,500,1.0,42.8776611153187,4.890649163434863
center_e,results/E1_headline/center_e/seed0_fb0.csv,500,1.0,45.7084264318198,5.319828423999163
center_e,results/E1_headline/center_e/seed0_fb1.csv,500,1.0,45.7084264318198,3.841450428552549
center_e,results/E1_headline/center_e/seed0_fb2.csv,500,1.0,45.7084264318198,4.125081852271091
center_e,results/E1_headline/center_e/seed1_fb0.csv,500,1.0,44.82843755006938,4.272911671242231
center_e,results/E1_headline/center_e/seed1_fb1.csv,500,1.0,44.82843755006938,5.216245693377837
center_e,results/E1_headline/center_e/seed1_fb2.csv,500,1.0,44.82843755006938,5.445324049080344
center_e,results/E1_headline/center_e/seed2_fb0.csv,500,1.0,46.57523557261969,5.553628429888757
center_e,results/E1_headline/center_e/seed2_fb1.csv,500,1.0,46.57523557261969,4.079843055497335
center_e,results/E1_headline/center_e/seed2_fb2.csv,500,1.0,46.57523557261969,4.702635955210901
center_e,results/E1_headline/center_e/seed3_fb0.csv,500,1.0,45.732687939284496,4.532374203935216
center_e,results/E1_headline/center_e/seed3_fb1.csv,500,0.9990811020002279,45.732687939284496,4.698881696907479
center_e,results/E1_headline/center_e/seed3_fb2.csv,500,1.0,45.732687939284496,4.2579811282379705
center_e,results/E1_headline/center_e/seed4_fb0.csv,500,1.0,44.95041804876022,4.401041036148193
center_e,results/E1_headline/center_e/seed4_fb1.csv,500,1.0,44.95041804876022,5.042354940885246
center_e,results/E1_headline/center_e/seed4_fb2.csv,500,1.0,44.95041804876022,3.8647861369003897
