cos3,p3,ebar0,bal450,bal1000,bal_end,condition,run
0.977142870426178,0.3948386013507843,0.7122783064842224,0.292234218865633,0.5136025063693523,0.8958502352237702,imb,seed0_fb0
0.954731285572052,0.4653670787811279,0.6788398027420044,0.2695712558925152,0.5933171873912215,0.8969590306282044,imb,seed1_fb1
0.9464222192764282,0.4311050474643707,0.6453593969345093,0.3325964575633406,0.5418611869215966,0.881476891040802,imb,seed2_fb2
0.3746853768825531,0.9708929657936096,0.7122783064842224,0.4492725312709808,0.6809841483831406,0.8372967422008515,imb_bp,seed0_fb0
0.3763936161994934,0.9725669622421264,0.6788398027420044,0.3565466485917568,0.6110205516219139,0.8393906593322754,imb_bp,seed1_fb0
0.3967605829238891,0.9700608253479004,0.6453593969345093,0.4287279695272445,0.6203358575701714,0.8353159964084625,imb_bp,seed2_fb0
0.3592192530632019,0.5472127199172974,0.0341807156801223,0.1750492602586746,0.416835893318057,0.8906489014625549,calib,seed0_fb0
0.3140381276607513,0.5472980737686157,0.0341304168105125,0.1720306448638439,0.4375323614105582,0.9009155690670012,calib,seed1_fb1
0.4019378125667572,0.5468940734863281,0.0205651950091123,0.2715797489508986,0.4553140237927436,0.8788913309574127,calib,seed2_fb2
0.3026342391967773,0.9831022620201112,0.0341807156801223,0.3912056270986795,0.6647468194365501,0.8383777260780334,calib_bp,seed0_fb0
0.2888818383216858,0.9841355681419371,0.0341304168105125,0.3159001910127699,0.5835071014240384,0.8208028435707092,calib_bp,seed1_fb1
0.3054556548595428,0.9818596243858336,0.0205651950091123,0.3896173659712076,0.5904885977506638,0.8335814535617828,calib_bp,seed2_fb2
