tag,seed,fb_seed,time,acc50,acc80,accuracy
base,0,0,520.0,600.0,1070.0,0.8994140625
base,0,1,500.0,580.0,1160.0,0.89404296875
base,0,2,520.0,590.0,1280.0,0.892578125
base,1,0,600.0,720.0,1230.0,0.8916015625
base,1,1,590.0,750.0,1230.0,0.8994140625
base,1,2,510.0,650.0,1220.0,0.90234375
base,2,0,520.0,710.0,1170.0,0.8984375
base,2,1,540.0,710.0,1260.0,0.89453125
base,2,2,500.0,690.0,1150.0,0.90771484375
base,3,0,580.0,700.0,1240.0,0.8896484375
base,3,1,530.0,690.0,1220.0,0.89111328125
base,3,2,530.0,630.0,1190.0,0.8876953125
base,4,0,480.0,680.0,1220.0,0.89306640625
base,4,1,530.0,610.0,1340.0,0.88720703125
base,4,2,510.0,690.0,1190.0,0.88818359375
frzbias,0,0,520.0,590.0,1070.0,0.8994140625
frzbias,0,1,490.0,580.0,1160.0,0.89306640625
frzbias,0,2,520.0,580.0,1280.0,0.892578125
frzbias,1,0,600.0,720.0,1230.0,0.89111328125
frzbias,1,1,580.0,750.0,1240.0,0.89892578125
frzbias,1,2,510.0,650.0,1220.0,0.90087890625
frzbias,2,0,520.0,700.0,1170.0,0.8994140625
frzbias,2,1,540.0,700.0,1250.0,0.89599609375
frzbias,2,2,500.0,690.0,1150.0,0.90625
frzbias,3,0,580.0,680.0,1250.0,0.88916015625
frzbias,3,1,530.0,720.0,1220.0,0.8916015625
frzbias,3,2,530.0,620.0,1190.0,0.8876953125
frzbias,4,0,470.0,670.0,1210.0,0.89404296875
frzbias,4,1,520.0,610.0,1340.0,0.88818359375
frzbias,4,2,510.0,690.0,1190.0,0.8876953125
pixcenter,0,0,360.0,420.0,820.0,0.90576171875
pixcenter,0,1,310.0,420.0,920.0,0.89453125
pixcenter,0,2,360.0,430.0,940.0,0.8984375
pixcenter,1,0,410.0,470.0,910.0,0.89501953125
pixcenter,1,1,390.0,490.0,840.0,0.900390625
pixcenter,1,2,320.0,370.0,930.0,0.89892578125
pixcenter,2,0,350.0,450.0,870.0,0.9033203125
pixcenter,2,1,330.0,430.0,870.0,0.90087890625
pixcenter,2,2,350.0,470.0,840.0,0.90771484375
pixcenter,3,0,370.0,500.0,900.0,0.892578125
pixcenter,3,1,330.0,450.0,910.0,0.88818359375
pixcenter,3,2,370.0,410.0,920.0,0.89697265625
pixcenter,4,0,270.0,400.0,910.0,0.8896484375
pixcenter,4,1,340.0,420.0,870.0,0.89501953125
pixcenter,4,2,310.0,460.0,960.0,0.89208984375
pixcenter_frzbias,0,0,1130.0,340.0,930.0,0.896484375
pixcenter_frzbias,0,1,1140.0,380.0,1050.0,0.89306640625
pixcenter_frzbias,0,2,1180.0,320.0,1120.0,0.8896484375
pixcenter_frzbias,1,0,1120.0,390.0,950.0,0.8974609375
pixcenter_frzbias,1,1,1150.0,370.0,1080.0,0.9033203125
pixcenter_frzbias,1,2,1130.0,350.0,970.0,0.9013671875
pixcenter_frzbias,2,0,1160.0,340.0,1070.0,0.90380859375
pixcenter_frzbias,2,1,1120.0,300.0,1000.0,0.8994140625
pixcenter_frzbias,2,2,1110.0,390.0,1000.0,0.8994140625
pixcenter_frzbias,3,0,1170.0,370.0,1100.0,0.88818359375
pixcenter_frzbias,3,1,1140.0,370.0,990.0,0.88037109375
pixcenter_frzbias,3,2,1200.0,420.0,1140.0,0.88623046875
pixcenter_frzbias,4,0,1160.0,390.0,1080.0,0.890625
pixcenter_frzbias,4,1,1190.0,300.0,1090.0,0.8876953125
pixcenter_frzbias,4,2,1200.0,380.0,930.0,0.884765625
center_e,0,0,1890.0,360.0,1420.0,0.88330078125
center_e,0,1,2230.0,370.0,1340.0,0.8681640625
center_e,0,2,1860.0,330.0,870.0,0.876953125
center_e,1,0,1840.0,390.0,1180.0,0.87939453125
center_e,1,1,1830.0,400.0,1260.0,0.88623046875
center_e,1,2,1620.0,350.0,1250.0,0.88720703125
center_e,2,0,2120.0,400.0,1220.0,0.8818359375
center_e,2,1,1980.0,360.0,1710.0,0.87451171875
center_e,2,2,1940.0,370.0,1190.0,0.88720703125
center_e,3,0,1980.0,410.0,1330.0,0.87353515625
center_e,3,1,1730.0,360.0,1250.0,0.87548828125
center_e,3,2,1860.0,370.0,1230.0,0.87158203125
center_e,4,0,1960.0,400.0,1240.0,0.87109375
center_e,4,1,1910.0,310.0,1480.0,0.865234375
center_e,4,2,1720.0,410.0,1200.0,0.87158203125
priorbias,0,0,320.0,370.0,800.0,0.9033203125
priorbias,0,1,260.0,400.0,880.0,0.8974609375
priorbias,0,2,300.0,400.0,960.0,0.8916015625
priorbias,1,0,360.0,480.0,740.0,0.88916015625
priorbias,1,1,330.0,420.0,850.0,0.90087890625
priorbias,1,2,280.0,410.0,890.0,0.90185546875
priorbias,2,0,280.0,360.0,920.0,0.8994140625
priorbias,2,1,250.0,420.0,840.0,0.9091796875
priorbias,2,2,280.0,420.0,800.0,0.90673828125
priorbias,3,0,300.0,430.0,1000.0,0.89697265625
priorbias,3,1,290.0,420.0,860.0,0.8935546875
priorbias,3,2,320.0,370.0,1040.0,0.8916015625
priorbias,4,0,230.0,440.0,850.0,0.89306640625
priorbias,4,1,250.0,390.0,810.0,0.8916015625
priorbias,4,2,270.0,470.0,970.0,0.892578125
outlr10,0,0,150.0,160.0,450.0,0.91162109375
outlr10,0,1,130.0,190.0,460.0,0.908203125
outlr10,0,2,140.0,160.0,460.0,0.91162109375
outlr10,1,0,160.0,210.0,440.0,0.91357421875
outlr10,1,1,160.0,200.0,430.0,0.91552734375
outlr10,1,2,160.0,200.0,450.0,0.91943359375
outlr10,2,0,150.0,170.0,460.0,0.91748046875
outlr10,2,1,160.0,180.0,440.0,0.91748046875
outlr10,2,2,150.0,190.0,470.0,0.9208984375
outlr10,3,0,160.0,180.0,480.0,0.90478515625
outlr10,3,1,160.0,190.0,460.0,0.904296875
outlr10,3,2,170.0,200.0,490.0,0.90576171875
outlr10,4,0,140.0,140.0,410.0,0.908203125
outlr10,4,1,150.0,170.0,430.0,0.90478515625
outlr10,4,2,140.0,180.0,490.0,0.90234375
aligned,0,0,20.0,20.0,90.0,0.91259765625
aligned,0,1,20.0,20.0,90.0,0.912109375
aligned,0,2,20.0,20.0,90.0,0.91259765625
aligned,1,0,30.0,30.0,100.0,0.912109375
aligned,1,1,30.0,30.0,100.0,0.912109375
aligned,1,2,30.0,30.0,100.0,0.912109375
aligned,2,0,20.0,20.0,110.0,0.91796875
aligned,2,1,20.0,20.0,110.0,0.91796875
aligned,2,2,20.0,20.0,110.0,0.91796875
aligned,3,0,20.0,30.0,100.0,0.90869140625
aligned,3,1,20.0,30.0,100.0,0.90771484375
aligned,3,2,20.0,30.0,100.0,0.90771484375
aligned,4,0,20.0,20.0,90.0,0.90771484375
aligned,4,1,20.0,20.0,90.0,0.9072265625
aligned,4,2,20.0,20.0,90.0,0.90771484375
bp,0,0,220.0,210.0,900.0,0.85791015625
bp,1,0,260.0,270.0,1080.0,0.869140625
bp,2,0,230.0,210.0,1040.0,0.861328125
bp,3,0,240.0,230.0,1260.0,0.8525390625
bp,4,0,220.0,200.0,1060.0,0.86279296875
