acc50,acc80,p3,accuracy,diverged,lr,rule,run
600.0,1070.0,0.2263269871473312,0.8994140625,False,0.001,dfa,seed0_fb0
750.0,1230.0,0.1923276931047439,0.8994140625,False,0.001,dfa,seed1_fb1
690.0,1150.0,0.2242631614208221,0.90771484375,False,0.001,dfa,seed2_fb2
370.0,800.0,0.9254024028778076,0.9033203125,False,0.001,prior,seed0_fb0
420.0,850.0,0.6921672224998474,0.90087890625,False,0.001,prior,seed1_fb1
420.0,800.0,0.9460355043411256,0.90673828125,False,0.001,prior,seed2_fb2
210.0,900.0,0.9566026329994202,0.85791015625,False,0.001,bp,seed0_fb0
270.0,1080.0,0.9481495022773744,0.869140625,False,0.001,bp,seed1_fb0
210.0,1040.0,0.9464467167854308,0.861328125,False,0.001,bp,seed2_fb0
200.0,360.0,0.2161251008510589,0.92041015625,False,0.003,dfa,seed0_fb0
254.0,412.0,0.1819096058607101,0.92431640625,False,0.003,dfa,seed1_fb1
236.0,406.0,0.2178664952516555,0.9296875,False,0.003,dfa,seed2_fb2
122.0,270.0,0.9184406399726868,0.92431640625,False,0.003,prior,seed0_fb0
138.0,296.0,0.6922206878662109,0.92724609375,False,0.003,prior,seed1_fb1
144.0,268.0,0.9304943084716796,0.9326171875,False,0.003,prior,seed2_fb2
64.0,292.0,0.9544788002967834,0.8994140625,False,0.003,bp,seed0_fb0
86.0,374.0,0.9466575980186462,0.90478515625,False,0.003,bp,seed1_fb1
66.0,324.0,0.9431418180465698,0.9072265625,False,0.003,bp,seed2_fb2
64.0,114.0,0.1743914186954498,0.95361328125,False,0.01,dfa,seed0_fb0
84.0,132.0,0.1334863305091858,0.9541015625,False,0.01,dfa,seed1_fb1
80.0,134.0,0.1762795746326446,0.955078125,False,0.01,dfa,seed2_fb2
38.0,82.0,0.8933745622634888,0.953125,False,0.01,prior,seed0_fb0
44.0,92.0,0.6625184416770935,0.95263671875,False,0.01,prior,seed1_fb1
42.0,80.0,0.8960781693458557,0.955078125,False,0.01,prior,seed2_fb2
22.0,102.0,0.9359500408172609,0.92431640625,False,0.01,bp,seed0_fb0
28.0,126.0,0.9283207058906556,0.927734375,False,0.01,bp,seed1_fb1
22.0,108.0,0.9246382713317872,0.931640625,False,0.01,bp,seed2_fb2
38.0,60.0,0.0532307997345924,0.96826171875,False,0.03,dfa,seed0_fb0
48.0,80.0,0.0598699152469635,0.9697265625,False,0.03,dfa,seed1_fb1
40.0,66.0,0.0738625898957252,0.96435546875,False,0.03,dfa,seed2_fb2
14.0,30.0,0.8472846150398254,0.9697265625,False,0.03,prior,seed0_fb0
18.0,46.0,0.558036208152771,0.96875,False,0.03,prior,seed1_fb1
16.0,36.0,0.8608723878860474,0.96484375,False,0.03,prior,seed2_fb2
8.0,40.0,0.9069356322288512,0.958984375,False,0.03,bp,seed0_fb0
10.0,44.0,0.8966249823570251,0.95947265625,False,0.03,bp,seed1_fb1
10.0,38.0,0.8908233046531677,0.9560546875,False,0.03,bp,seed2_fb2
104.0,130.0,0.00397914275527,0.96728515625,False,0.1,dfa,seed0_fb0
138.0,158.0,0.0034048929810523,0.97265625,False,0.1,dfa,seed1_fb1
90.0,102.0,0.0041176378726959,0.97216796875,False,0.1,dfa,seed2_fb2
12.0,30.0,0.6932395100593567,0.9765625,False,0.1,prior,seed0_fb0
14.0,28.0,0.2829721868038177,0.97265625,False,0.1,prior,seed1_fb1
16.0,20.0,0.5366052389144897,0.9716796875,False,0.1,prior,seed2_fb2
6.0,20.0,0.8588488101959229,0.9775390625,False,0.1,bp,seed0_fb0
6.0,22.0,0.8470847606658936,0.9716796875,False,0.1,bp,seed1_fb1
6.0,18.0,0.8395835757255554,0.97314453125,False,0.1,bp,seed2_fb2
