tag,seed,cos3,cos3_end,p3,p3_end,time,acc50,acc80,accuracy,steps
sign,0,0.9999964833259584,0.9684069752693176,0.0126048726961016,0.0458348058164119,2270.0,2420.0,,0.7158203125,3000
sign,1,0.9999963641166688,0.9545540809631348,0.0108675025403499,0.0607744380831718,1740.0,2260.0,,0.75634765625,3000
sign,2,0.9999833703041076,0.9481793642044068,0.0162740461528301,0.0569789409637451,1490.0,2140.0,,0.7763671875,3000
sign_center_e,0,0.3540035486221313,0.0250087473541498,0.9155535697937012,0.8754481673240662,1080.0,280.0,760.0,0.89111328125,3000
sign_center_e,1,0.3889229595661163,0.0268156491219997,0.8853052258491516,0.8792139887809753,1040.0,370.0,960.0,0.90087890625,3000
sign_center_e,2,0.3910796046257019,0.0247561652213335,0.8747906684875488,0.8612766265869141,1100.0,320.0,930.0,0.89501953125,3000
sign_prior,0,0.9999964833259584,0.9684069752693176,0.0126048726961016,0.0458348058164119,2260.0,2420.0,,0.71533203125,3000
sign_prior,1,0.9999963641166688,0.9545540809631348,0.0108675025403499,0.0607744380831718,1740.0,2250.0,,0.7568359375,3000
sign_prior,2,0.9999833703041076,0.9481793642044068,0.0162740461528301,0.0569789409637451,1490.0,2120.0,,0.77685546875,3000
