exp,tag,seed,fb_seed,model_horizon,onset_model,exit_model,layer,p_model,p_meas,cos_model,cos_meas
E1_headline,base,0,0,730,81.0,570.0,1,0.5368638581866276,0.7242494821548462,0.951638741001952,0.894025981426239
E1_headline,base,0,0,730,81.0,570.0,2,0.2611970449140464,0.4069302082061767,0.9944480834541518,0.985094428062439
E1_headline,base,0,0,730,81.0,570.0,3,0.2013161414558585,0.2263269871473312,0.9994383768335644,0.9980725646018982
E1_headline,base,1,1,720,79.0,564.0,1,0.5743108314039633,0.6914756894111633,0.9406814823098316,0.9021816849708556
E1_headline,base,1,1,720,79.0,564.0,2,0.2396908796187852,0.3020907640457153,0.9951390641451116,0.9889762997627258
E1_headline,base,1,1,720,79.0,564.0,3,0.1816443807847772,0.1923276931047439,0.9995159709674653,0.9989032745361328
E1_headline,base,2,2,660,81.0,511.0,1,0.5897648926467315,0.7118026614189148,0.9419641656325806,0.9032276272773744
E1_headline,base,2,2,660,81.0,511.0,2,0.2957988402030456,0.3464583456516266,0.992890482682877,0.9876881837844848
E1_headline,base,2,2,660,81.0,511.0,3,0.2218218679623865,0.2242631614208221,0.999209249126172,0.9982762932777404
E1_headline,center_delta,0,0,3000,-1.0,-1.0,1,0.9920114890612788,0.9392639398574828,0.361653315335042,0.5753377079963684
E1_headline,center_delta,0,0,3000,-1.0,-1.0,2,0.9943562478084688,0.9030365943908693,0.3489678158716206,0.5518574118614197
E1_headline,center_delta,0,0,3000,-1.0,-1.0,3,0.9954490669596322,0.8552682399749756,0.3393752227049668,0.5288453698158264
E1_headline,center_delta,1,1,3000,-1.0,-1.0,1,0.9895822227069856,0.9091067910194396,0.3814355281012628,0.5117236375808716
E1_headline,center_delta,1,1,3000,-1.0,-1.0,2,0.993472245919948,0.7588978409767151,0.3762655494934561,0.5363620519638062
E1_headline,center_delta,1,1,3000,-1.0,-1.0,3,0.9948745502138334,0.5274276733398438,0.3734805773945687,0.5516651272773743
E1_headline,center_delta,2,2,3000,-1.0,-1.0,1,0.9870928433110312,0.9395528435707092,0.4155901907778516,0.5293197631835938
E1_headline,center_delta,2,2,3000,-1.0,-1.0,2,0.993440450267834,0.8965786099433899,0.3879001879229842,0.4827861487865448
E1_headline,center_delta,2,2,3000,-1.0,-1.0,3,0.9944255235112024,0.8119069337844849,0.3758226666198846,0.4560545682907104
E1_headline,center_e,0,0,3000,-1.0,-1.0,1,0.9920114890612788,0.9904417991638184,0.361653315335042,0.3549448549747467
E1_headline,center_e,0,0,3000,-1.0,-1.0,2,0.9943562478084688,0.9755921959877014,0.3489678158716206,0.3523772358894348
E1_headline,center_e,0,0,3000,-1.0,-1.0,3,0.9954490669596322,0.937033712863922,0.3393752227049668,0.3545146286487579
E1_headline,center_e,1,1,3000,-1.0,-1.0,1,0.9895822227069856,0.988448441028595,0.3814355281012628,0.3879089951515198
E1_headline,center_e,1,1,3000,-1.0,-1.0,2,0.993472245919948,0.974984049797058,0.3762655494934561,0.3924527764320373
E1_headline,center_e,1,1,3000,-1.0,-1.0,3,0.9948745502138334,0.9543123841285706,0.3734805773945687,0.391764372587204
E1_headline,center_e,2,2,3000,-1.0,-1.0,1,0.9870928433110312,0.9858370423316956,0.4155901907778516,0.4126372337341308
E1_headline,center_e,2,2,3000,-1.0,-1.0,2,0.993440450267834,0.9704949855804444,0.3879001879229842,0.3982468843460083
E1_headline,center_e,2,2,3000,-1.0,-1.0,3,0.9944255235112024,0.9347896575927734,0.3758226666198846,0.3910796046257019
E1_headline,frzbias,0,0,720,81.0,565.0,1,0.5422468802472815,0.731623113155365,0.9506374796978678,0.8906937837600708
E1_headline,frzbias,0,0,720,81.0,565.0,2,0.2634387911945011,0.4163023829460144,0.9943123393449748,0.9842777848243712
E1_headline,frzbias,0,0,720,81.0,565.0,3,0.2026402506009166,0.2298229783773422,0.999421797373925,0.9979491829872132
E1_headline,frzbias,1,1,710,80.0,559.0,1,0.579453507354079,0.6993362307548523,0.9395565463439118,0.8990970849990845
E1_headline,frzbias,1,1,710,80.0,559.0,2,0.2422989437591116,0.308781236410141,0.99501217416535,0.9884236454963684
E1_headline,frzbias,1,1,710,80.0,559.0,3,0.1829210127230451,0.1951832622289657,0.9995007328418812,0.9988324642181396
E1_headline,frzbias,2,2,660,82.0,505.0,1,0.5953727110989734,0.719728946685791,0.9407125767200336,0.8997470736503601
E1_headline,frzbias,2,2,660,82.0,505.0,2,0.2985736809078008,0.3546535670757293,0.9926998715047683,0.9870095252990724
E1_headline,frzbias,2,2,660,82.0,505.0,3,0.2232852458867089,0.2278013080358505,0.9991832443511502,0.9981415271759032
E1_headline,frzout,0,0,1500,-1.0,-1.0,1,0.1132700913256069,0.2472692281007766,0.9990829643017648,0.9771345257759094
E1_headline,frzout,0,0,1500,-1.0,-1.0,2,0.0347661151462459,0.0210919473320245,0.9999941444026488,0.9997144341468812
E1_headline,frzout,0,0,1500,-1.0,-1.0,3,0.0218184750444239,0.0210179276764392,0.9999999993682548,0.999994695186615
E1_headline,frzout,1,1,1500,-1.0,-1.0,1,0.1337971945260405,0.2459121644496917,0.9986003955774656,0.9743475317955016
E1_headline,frzout,1,1,1500,-1.0,-1.0,2,0.0172829978859956,0.0206374619156122,0.9999938238158478,0.999689519405365
E1_headline,frzout,1,1,1500,-1.0,-1.0,3,0.0203284492145161,0.0209458377212286,0.9999999995025576,0.9999936819076538
E1_headline,frzout,2,2,1500,-1.0,-1.0,1,0.1256615449853681,0.2596917748451233,0.9991279490438651,0.9766053557395936
E1_headline,frzout,2,2,1500,-1.0,-1.0,2,0.0187211410822292,0.0181125421077013,0.9999989696713149,0.9997009038925172
E1_headline,frzout,2,2,1500,-1.0,-1.0,3,0.0252178951945779,0.0145143503323197,0.9999999998402016,0.9999983310699464
E1_headline,outlr10,0,0,3000,-1.0,-1.0,1,0.8119405505721533,0.9193956851959229,0.8571495227041432,0.7254881262779236
E1_headline,outlr10,0,0,3000,-1.0,-1.0,2,0.7537985625082256,0.8764843344688416,0.93201289216084,0.8412323594093323
E1_headline,outlr10,0,0,3000,-1.0,-1.0,3,0.7826927180965996,0.8440855145454407,0.956205726033118,0.91960209608078
E1_headline,outlr10,1,1,3000,-1.0,-1.0,1,0.8375620484956571,0.9154727458953856,0.8285668191332816,0.7349727749824524
E1_headline,outlr10,1,1,3000,-1.0,-1.0,2,0.7540963496462428,0.8439598083496094,0.9290483829106032,0.8724134564399719
E1_headline,outlr10,1,1,3000,-1.0,-1.0,3,0.7793248311601534,0.7829656004905701,0.9532762565097116,0.9378601312637328
E1_headline,outlr10,2,2,3000,-1.0,-1.0,1,0.8414944067586229,0.913754105567932,0.8285817254135319,0.7324819564819336
E1_headline,outlr10,2,2,3000,-1.0,-1.0,2,0.7852475707695294,0.8732209801673889,0.9172791498327836,0.849495530128479
E1_headline,outlr10,2,2,3000,-1.0,-1.0,3,0.8048242347757153,0.8230535984039307,0.9448292249619056,0.9180731177330016
E1_headline,pixcenter,0,0,3000,-1.0,-1.0,1,0.9973782740111408,0.9922178983688354,0.2608155187546525,0.1026625633239746
E1_headline,pixcenter,0,0,3000,-1.0,-1.0,2,0.91338650096106,0.9696125984191896,0.7803004822858511,0.4320771098136902
E1_headline,pixcenter,0,0,3000,-1.0,-1.0,3,0.5194516770867308,0.7239618897438049,0.9734588242016116,0.8697566390037537
E1_headline,pixcenter,1,1,3000,-1.0,-1.0,1,0.9974656621216442,0.9899504780769348,0.2332484112716328,0.0994040071964263
E1_headline,pixcenter,1,1,3000,-1.0,-1.0,2,0.9143876889545204,0.9679453372955322,0.7903566380862375,0.4846461117267608
E1_headline,pixcenter,1,1,3000,-1.0,-1.0,3,0.5200198727371141,0.669984757900238,0.9739346539173402,0.8918196558952332
E1_headline,pixcenter,2,2,3000,-1.0,-1.0,1,0.9968544387704278,0.9897700548171996,0.2519862173608791,0.0995348542928695
E1_headline,pixcenter,2,2,3000,-1.0,-1.0,2,0.9081990925877264,0.9556148052215576,0.7748193302620925,0.4004206359386444
E1_headline,pixcenter,2,2,3000,-1.0,-1.0,3,0.5275017153827839,0.7344874739646912,0.9719716323619656,0.8103895783424377
E1_headline,pixcenter_frzbias,0,0,3000,-1.0,-1.0,1,0.9999992449928332,0.9915589094161988,0.0218718409461099,0.0033510613720864
E1_headline,pixcenter_frzbias,0,0,3000,-1.0,-1.0,2,0.9999986773226648,0.9684240818023682,0.2076391476039306,0.0113746114075183
E1_headline,pixcenter_frzbias,0,0,3000,-1.0,-1.0,3,0.9999992501441932,0.9077869653701782,0.8386903424851828,0.0664650127291679
E1_headline,pixcenter_frzbias,1,1,3000,-1.0,-1.0,1,0.999999097651156,0.9916915893554688,0.0201211436460128,0.0054322783835232
E1_headline,pixcenter_frzbias,1,1,3000,-1.0,-1.0,2,0.9999989123548096,0.9767037630081176,0.21796006155501,0.0185206159949302
E1_headline,pixcenter_frzbias,1,1,3000,-1.0,-1.0,3,0.999999455720862,0.9382244348526,0.8410843158481136,0.0902782380580902
E1_headline,pixcenter_frzbias,2,2,3000,-1.0,-1.0,1,0.9999991869106064,0.9904546141624452,0.0230957613366104,0.0090186921879649
E1_headline,pixcenter_frzbias,2,2,3000,-1.0,-1.0,2,0.9999991201028102,0.9619052410125732,0.2253092682480298,0.0271604768931865
E1_headline,pixcenter_frzbias,2,2,3000,-1.0,-1.0,3,0.9999996353078872,0.9086644649505616,0.8443931846782248,0.0877052545547485
E1_headline,priorbias,0,0,200,0.0,132.0,1,0.9860021459759816,0.974346160888672,0.4422262939827011,0.5814120769500732
E1_headline,priorbias,0,0,200,0.0,132.0,2,0.9936434857299022,0.9627934098243712,0.3722908675455307,0.3880596160888672
E1_headline,priorbias,0,0,200,0.0,132.0,3,0.9947125849267096,0.9254024028778076,0.3619631415154039,0.3622415363788605
E1_headline,priorbias,1,1,210,0.0,137.0,1,0.9066417750058712,0.8869994282722473,0.7632227895698267,0.7308942079544067
E1_headline,priorbias,1,1,210,0.0,137.0,2,0.914722170022108,0.7818918228149414,0.808295055217331,0.8639369606971741
E1_headline,priorbias,1,1,210,0.0,137.0,3,0.9513069610927454,0.6921672224998474,0.7896588448524192,0.935681700706482
E1_headline,priorbias,2,2,210,0.0,139.0,1,0.912814715533389,0.9774681329727172,0.7353563992085159,0.5726544260978699
E1_headline,priorbias,2,2,210,0.0,139.0,2,0.9236301488371482,0.9738572239875792,0.7822464724123092,0.4397422075271606
E1_headline,priorbias,2,2,210,0.0,139.0,3,0.9629155139323614,0.9460355043411256,0.7559311806233552,0.4454432725906372
E1_headline,softmax,0,0,3000,-1.0,-1.0,1,0.7382041538484944,0.9613423347473145,0.7129025861984617,0.2673662304878235
E1_headline,softmax,0,0,3000,-1.0,-1.0,2,0.7811305019611522,0.9491608142852784,0.8607579484073962,0.2783972918987274
E1_headline,softmax,0,0,3000,-1.0,-1.0,3,0.857196532799894,0.9329913258552552,0.9140956676646492,0.2709206938743591
E1_headline,softmax,1,1,3000,-1.0,-1.0,1,0.7122777494669676,0.9566736817359924,0.73040160686088,0.2783247530460357
E1_headline,softmax,1,1,3000,-1.0,-1.0,2,0.7203006607168018,0.9520570039749146,0.8794943665107061,0.2935353815555572
E1_headline,softmax,1,1,3000,-1.0,-1.0,3,0.7958629283975602,0.9390146136283876,0.9336413324034168,0.3001135885715484
E1_headline,softmax,2,2,3000,-1.0,-1.0,1,0.7460425914238961,0.9458945393562316,0.6889651159654985,0.283080130815506
E1_headline,softmax,2,2,3000,-1.0,-1.0,2,0.7690894983055955,0.9379161596298218,0.8426117348374571,0.2901892364025116
E1_headline,softmax,2,2,3000,-1.0,-1.0,3,0.8440437481143185,0.9172561764717102,0.908262708825622,0.3184877038002014
E1_headline,softmax_imb07,0,0,3000,-1.0,-1.0,1,0.3738387996612816,0.6730430126190186,0.8905939776936656,0.7959622144699097
E1_headline,softmax_imb07,0,0,3000,-1.0,-1.0,2,0.2770030873227898,0.4732853472232818,0.9828503387532564,0.9272775053977966
E1_headline,softmax_imb07,0,0,3000,-1.0,-1.0,3,0.3180975421813666,0.3948386013507843,0.996552263616228,0.977142870426178
E1_headline,softmax_imb07,1,1,3000,-1.0,-1.0,1,0.4228452788416427,0.7327632308006287,0.8675636058976904,0.7578212022781372
E1_headline,softmax_imb07,1,1,3000,-1.0,-1.0,2,0.3271834563452374,0.5583686828613281,0.9746610258144612,0.895730197429657
E1_headline,softmax_imb07,1,1,3000,-1.0,-1.0,3,0.3340750933066627,0.4653670787811279,0.9958691107086508,0.954731285572052
E1_headline,softmax_imb07,2,2,3000,-1.0,-1.0,1,0.4178966589135011,0.7265956401824951,0.859465607944652,0.756110429763794
E1_headline,softmax_imb07,2,2,3000,-1.0,-1.0,2,0.3437309083600187,0.5393660664558411,0.9719137057607576,0.8873019218444824
E1_headline,softmax_imb07,2,2,3000,-1.0,-1.0,3,0.3309292023730896,0.4311050474643707,0.994437352279762,0.9464222192764282
E2_master,C2,0,0,1500,-1.0,-1.0,1,0.96239222002537,0.9096104502677916,0.7180504235085036,0.3622240722179413
E2_master,C2,0,0,1500,-1.0,-1.0,2,0.9829331293249703,0.5788246989250183,0.7304083772652559,0.3867844939231872
E2_master,C2,0,0,1500,-1.0,-1.0,3,0.9917813926282172,0.2896122336387634,0.7025443474154695,0.3590714335441589
E2_master,C2,1,1,1500,-1.0,-1.0,1,0.9682898427100584,0.9134098291397096,0.6958519141854581,0.4100472033023834
E2_master,C2,1,1,1500,-1.0,-1.0,2,0.98484666951899,0.589339554309845,0.6734543114411558,0.4134226441383362
E2_master,C2,1,1,1500,-1.0,-1.0,3,0.9901861361529728,0.3020682036876678,0.6165432917718943,0.4527249336242676
E2_master,C2,2,2,1500,-1.0,-1.0,1,0.9247131486735268,0.90862637758255,0.7595522303851596,0.4307508468627929
E2_master,C2,2,2,1500,-1.0,-1.0,2,0.9387280904085964,0.6016603112220764,0.8341340216255441,0.4055056571960449
E2_master,C2,2,2,1500,-1.0,-1.0,3,0.9682869473431844,0.2925375998020172,0.8316482939452075,0.400621622800827
E2_master,C3,0,0,1500,-1.0,-1.0,1,0.7767741618800306,0.8551636934280396,0.8735267207280184,0.691835880279541
E2_master,C3,0,0,1500,-1.0,-1.0,2,0.6532027888881342,0.7426447868347168,0.9551087037685176,0.7994990348815918
E2_master,C3,0,0,1500,-1.0,-1.0,3,0.6466280248692803,0.645853579044342,0.9799009643016312,0.8127822279930115
E2_master,C3,1,1,1500,-1.0,-1.0,1,0.791624405115524,0.8768836855888367,0.8630816520108817,0.5962739586830139
E2_master,C3,1,1,1500,-1.0,-1.0,2,0.6458331563238858,0.8042552471160889,0.9557924160544524,0.6123691201210022
E2_master,C3,1,1,1500,-1.0,-1.0,3,0.6297076617041297,0.732585072517395,0.9824854517175162,0.6466745138168335
E2_master,C3,2,2,1500,-1.0,-1.0,1,0.8476208815352687,0.8596846461296082,0.8342298919666007,0.5656106472015381
E2_master,C3,2,2,1500,-1.0,-1.0,2,0.7942893681972902,0.7774593234062195,0.9156074597130418,0.5140880346298218
E2_master,C3,2,2,1500,-1.0,-1.0,3,0.8153639096702623,0.6663601994514465,0.9475705466683588,0.4708762764930725
E2_master,C5,0,0,1500,-1.0,-1.0,1,0.6599834206941481,0.7972493171691895,0.9241425145620074,0.8528764247894287
E2_master,C5,0,0,1500,-1.0,-1.0,2,0.3771445544210411,0.4866181910037994,0.988856669040248,0.9716619849205016
E2_master,C5,0,0,1500,-1.0,-1.0,3,0.3262455781495143,0.3546577394008636,0.9980037357150194,0.9948292970657348
E2_master,C5,1,1,1500,-1.0,-1.0,1,0.7153765869657914,0.8740204572677612,0.900616372455895,0.7593730092048645
E2_master,C5,1,1,1500,-1.0,-1.0,2,0.4272101086905532,0.6757504940032959,0.9839078293853932,0.9237861037254332
E2_master,C5,1,1,1500,-1.0,-1.0,3,0.3764352908445958,0.5104748606681824,0.9963701850657628,0.9763669967651368
E2_master,C5,2,2,1500,-1.0,-1.0,1,0.708648271709938,0.85080885887146,0.9050040956273104,0.8074013590812683
E2_master,C5,2,2,1500,-1.0,-1.0,2,0.467803045418477,0.6731561422348022,0.9821463167353744,0.9363791942596436
E2_master,C5,2,2,1500,-1.0,-1.0,3,0.4125652255766554,0.5189032554626465,0.9957198920400632,0.977730631828308
E2_master,b2048,0,0,730,81.0,570.0,1,0.5368638581866276,0.7244547009468079,0.951638741001952,0.8934518694877625
E2_master,b2048,0,0,730,81.0,570.0,2,0.2611970449140464,0.4058503210544586,0.9944480834541518,0.9848766326904296
E2_master,b2048,0,0,730,81.0,570.0,3,0.2013161414558585,0.2279098927974701,0.9994383768335644,0.998015820980072
E2_master,b2048,1,1,720,79.0,564.0,1,0.5743108314039633,0.69222491979599,0.9406814823098316,0.9020119309425354
E2_master,b2048,1,1,720,79.0,564.0,2,0.2396908796187852,0.3048642575740814,0.9951390641451116,0.9890092015266418
E2_master,b2048,1,1,720,79.0,564.0,3,0.1816443807847772,0.195928081870079,0.9995159709674653,0.998922884464264
E2_master,b2048,2,2,660,81.0,511.0,1,0.5897648926467315,0.7128655314445496,0.9419641656325806,0.9029080867767334
E2_master,b2048,2,2,660,81.0,511.0,2,0.2957988402030456,0.3476717174053192,0.992890482682877,0.9875650405883788
E2_master,b2048,2,2,660,81.0,511.0,3,0.2218218679623865,0.2268999814987182,0.999209249126172,0.9982509613037108
E2_master,b32,0,0,730,81.0,570.0,1,0.5368638581866276,0.7237175107002258,0.951638741001952,0.893791913986206
E2_master,b32,0,0,730,81.0,570.0,2,0.2611970449140464,0.4033080339431762,0.9944480834541518,0.985093891620636
E2_master,b32,0,0,730,81.0,570.0,3,0.2013161414558585,0.2245441228151321,0.9994383768335644,0.9981155395507812
E2_master,b32,1,1,720,79.0,564.0,1,0.5743108314039633,0.6928583383560181,0.9406814823098316,0.9015282392501832
E2_master,b32,1,1,720,79.0,564.0,2,0.2396908796187852,0.3017323315143585,0.9951390641451116,0.9890681505203248
E2_master,b32,1,1,720,79.0,564.0,3,0.1816443807847772,0.195519208908081,0.9995159709674653,0.9989450573921204
E2_master,b32,2,2,660,81.0,511.0,1,0.5897648926467315,0.7093205451965332,0.9419641656325806,0.90376478433609
E2_master,b32,2,2,660,81.0,511.0,2,0.2957988402030456,0.3465161323547363,0.992890482682877,0.987826406955719
E2_master,b32,2,2,660,81.0,511.0,3,0.2218218679623865,0.2231494337320327,0.999209249126172,0.9983041882514954
E2_master,b512,0,0,730,81.0,570.0,1,0.5368638581866276,0.7244336009025574,0.951638741001952,0.8934420347213745
E2_master,b512,0,0,730,81.0,570.0,2,0.2611970449140464,0.4059626162052154,0.9944480834541518,0.984844446182251
E2_master,b512,0,0,730,81.0,570.0,3,0.2013161414558585,0.2289598733186721,0.9994383768335644,0.9980180859565736
E2_master,b512,1,1,720,79.0,564.0,1,0.5743108314039633,0.6913557052612305,0.9406814823098316,0.90230530500412
E2_master,b512,1,1,720,79.0,564.0,2,0.2396908796187852,0.3038498163223266,0.9951390641451116,0.9890915751457214
E2_master,b512,1,1,720,79.0,564.0,3,0.1816443807847772,0.1954428106546402,0.9995159709674653,0.9989325404167176
E2_master,b512,2,2,660,81.0,511.0,1,0.5897648926467315,0.7124829292297363,0.9419641656325806,0.9031786322593688
E2_master,b512,2,2,660,81.0,511.0,2,0.2957988402030456,0.3466830551624298,0.992890482682877,0.987635850906372
E2_master,b512,2,2,660,81.0,511.0,3,0.2218218679623865,0.2269741594791412,0.999209249126172,0.9982620477676392
E2_master,g0.03,0,0,2360,605.0,927.0,1,0.9741900479335672,0.978714406490326,0.7473495839558553,0.5876362323760986
E2_master,g0.03,0,0,2360,605.0,927.0,2,0.9918001671676768,0.9743796586990356,0.7388468378194317,0.6609951853752136
E2_master,g0.03,0,0,2360,605.0,927.0,3,0.9935046659511932,0.97854745388031,0.6830275775796933,0.7256060242652893
E2_master,g0.03,1,1,2250,565.0,876.0,1,0.9741870840596808,0.9750619530677797,0.6977992402957417,0.5947631001472473
E2_master,g0.03,1,1,2250,565.0,876.0,2,0.9884176767419002,0.972000539302826,0.7279365607420616,0.6947187185287476
E2_master,g0.03,1,1,2250,565.0,876.0,3,0.9918933990504556,0.972627818584442,0.6822112382317138,0.7552863955497742
E2_master,g0.03,2,2,2260,555.0,882.0,1,0.9696062959586093,0.973583161830902,0.7034417236651682,0.589999258518219
E2_master,g0.03,2,2,2260,555.0,882.0,2,0.9890579920554412,0.977177917957306,0.7230746771121215,0.6524702906608582
E2_master,g0.03,2,2,2260,555.0,882.0,3,0.9927139608292525,0.9782877564430236,0.6737267214181188,0.7044437527656555
E2_master,g0.1,0,0,1820,310.0,859.0,1,0.8478567723997315,0.9268043637275696,0.8527657892871701,0.716666042804718
E2_master,g0.1,0,0,1820,310.0,859.0,2,0.8314892291413204,0.8876075148582458,0.928470122098864,0.8338355422019958
E2_master,g0.1,0,0,1820,310.0,859.0,3,0.8684984695975191,0.8592897057533264,0.9538078260434236,0.9148958325386048
E2_master,g0.1,1,1,1710,295.0,808.0,1,0.8663553315105064,0.9224315881729126,0.8236723250575811,0.7258307933807373
E2_master,g0.1,1,1,1710,295.0,808.0,2,0.8198223802592312,0.8566679954528809,0.9254568776403168,0.8660255670547485
E2_master,g0.1,1,1,1710,295.0,808.0,3,0.8515597353648683,0.8006112575531006,0.9508449961826076,0.9342656135559082
E2_master,g0.1,2,2,1650,302.0,771.0,1,0.8709790871419185,0.922479212284088,0.824263568975675,0.7251800894737244
E2_master,g0.1,2,2,1650,302.0,771.0,2,0.85097092571325,0.8902174830436707,0.9139014864018472,0.8439329862594604
E2_master,g0.1,2,2,1650,302.0,771.0,3,0.878145399821775,0.8522279858589172,0.9425004995022424,0.9143692255020142
E2_master,g0.3,0,0,1230,150.0,802.0,1,0.71362198890638,0.8558474779129028,0.9067077399049408,0.8117247819900513
E2_master,g0.3,0,0,1230,150.0,802.0,2,0.5286716910806107,0.7080217003822327,0.9761575941642474,0.9359115362167358
E2_master,g0.3,0,0,1230,150.0,802.0,3,0.4947194351953903,0.55330491065979,0.9931603583343946,0.9823039770126344
E2_master,g0.3,1,1,1180,145.0,772.0,1,0.7441857912032754,0.8437633514404297,0.8878384205550278,0.8216791749000549
E2_master,g0.3,1,1,1180,145.0,772.0,2,0.5165155679110763,0.6425368785858154,0.976598192210608,0.953441858291626
E2_master,g0.3,1,1,1180,145.0,772.0,3,0.4880398092254019,0.4968739748001098,0.9931953037114942,0.9875794053077698
E2_master,g0.3,2,2,1110,150.0,713.0,1,0.754711494156727,0.849364161491394,0.8885669277331907,0.8238804936408997
E2_master,g0.3,2,2,1110,150.0,713.0,2,0.5707013794740265,0.6785609126091003,0.9700743773222694,0.9468785524368286
E2_master,g0.3,2,2,1110,150.0,713.0,3,0.5227466390741967,0.5219823122024536,0.9910445495652138,0.9840518832206726
E2_master,g10.0,0,0,240,46.0,213.0,1,0.1409348062246647,0.3556729853153229,0.99333398028057,0.9642109870910645
E2_master,g10.0,0,0,240,46.0,213.0,2,0.0374139091232947,0.05875900760293,0.9998691435096718,0.9990530610084534
E2_master,g10.0,0,0,240,46.0,213.0,3,0.0264842671923849,0.0281185172498226,0.999998399956808,0.9999797344207764
E2_master,g10.0,1,1,250,46.0,217.0,1,0.1694048151953714,0.3509112596511841,0.9902872203992468,0.9678379893302916
E2_master,g10.0,1,1,250,46.0,217.0,2,0.0224112324857079,0.030074443668127,0.9999330995847954,0.99913090467453
E2_master,g10.0,1,1,250,46.0,217.0,3,0.0241176539506608,0.0164483282715082,0.9999990949941424,0.9999796748161316
E2_master,g10.0,2,2,310,46.0,268.0,1,0.1512810850235467,0.3591062724590301,0.9918294569150752,0.9662773013114928
E2_master,g10.0,2,2,310,46.0,268.0,2,0.0271832200381076,0.0587881170213222,0.9998975936395784,0.9991806149482728
E2_master,g10.0,2,2,310,46.0,268.0,3,0.0309952371270975,0.0181143227964639,0.9999995817462576,0.9999841451644896
E2_master,g3.0,0,0,430,56.0,360.0,1,0.3334268670887435,0.5469479560852051,0.9790532350735504,0.9422847628593444
E2_master,g3.0,0,0,430,56.0,360.0,2,0.1036211707505978,0.1631406992673874,0.9989644341021796,0.9953317046165466
E2_master,g3.0,0,0,430,56.0,360.0,3,0.0688357414732247,0.0927138328552246,0.9999581318241536,0.999739706516266
E2_master,g3.0,1,1,430,56.0,362.0,1,0.3671123117055731,0.5212137699127197,0.9728368085735536,0.9444581270217896
E2_master,g3.0,1,1,430,56.0,362.0,2,0.0732626697252515,0.1182561814785003,0.9992320301733876,0.9972555041313172
E2_master,g3.0,1,1,430,56.0,362.0,3,0.0620766140363817,0.0775673985481262,0.999970299241985,0.999873161315918
E2_master,g3.0,2,2,440,57.0,366.0,1,0.3694835744375313,0.5405383110046387,0.9745907788336542,0.9460177421569824
E2_master,g3.0,2,2,440,57.0,366.0,2,0.1221288665045512,0.1470443606376648,0.9988489927414584,0.9965739250183104
E2_master,g3.0,2,2,440,57.0,366.0,3,0.0892263727184437,0.0678131356835365,0.9999617119420272,0.999828279018402
E2_master,hidlr0.25,0,0,1320,167.0,829.0,1,0.7358134330717048,0.869854748249054,0.8987425131061525,0.7970988750457764
E2_master,hidlr0.25,0,0,1320,167.0,829.0,2,0.5735647489247666,0.7456506490707397,0.9711127601804952,0.9233625531196594
E2_master,hidlr0.25,0,0,1320,167.0,829.0,3,0.5483271370379417,0.6099697351455688,0.9904528097137324,0.976465344429016
E2_master,hidlr0.25,1,1,1260,162.0,793.0,1,0.764721770597496,0.8600757122039795,0.878439761629329,0.8071798086166382
E2_master,hidlr0.25,1,1,1260,162.0,793.0,2,0.5636844246488634,0.688044548034668,0.9713466351479352,0.9433059692382812
E2_master,hidlr0.25,1,1,1260,162.0,793.0,3,0.5441738151563279,0.5553353428840637,0.9903459617632858,0.98320335149765
E2_master,hidlr0.25,2,2,1190,168.0,737.0,1,0.7743783711489053,0.8634706139564514,0.8791303596410834,0.8090404868125916
E2_master,hidlr0.25,2,2,1190,168.0,737.0,2,0.6156830423797975,0.7219496965408325,0.9639712239922144,0.9352153539657592
E2_master,hidlr0.25,2,2,1190,168.0,737.0,3,0.5812972828881462,0.5756192803382874,0.9876148486131008,0.9784262776374816
E2_master,hidlr4.0,0,0,370,53.0,315.0,1,0.2799592750401629,0.5001664757728577,0.9838063143632436,0.950940728187561
E2_master,hidlr4.0,0,0,370,53.0,315.0,2,0.0786208023170683,0.1250737458467483,0.999352524407244,0.9967496395111084
E2_master,hidlr4.0,0,0,370,53.0,315.0,3,0.054936816610994,0.0611307173967361,0.9999793196580496,0.999871015548706
E2_master,hidlr4.0,1,1,370,53.0,316.0,1,0.3118878557256872,0.4759351909160614,0.9784886036074836,0.952536642551422
E2_master,hidlr4.0,1,1,370,53.0,316.0,2,0.053405049687892,0.0853378325700759,0.9995397739128432,0.9981088042259216
E2_master,hidlr4.0,1,1,370,53.0,316.0,3,0.0481561840827202,0.0494306161999702,0.9999857196764856,0.9999347925186156
E2_master,hidlr4.0,2,2,400,53.0,338.0,1,0.3088001085756469,0.4940738677978515,0.9802610623264968,0.9524536728858948
E2_master,hidlr4.0,2,2,400,53.0,338.0,2,0.0871183464240035,0.1175294145941734,0.999341338729752,0.99760103225708
E2_master,hidlr4.0,2,2,400,53.0,338.0,3,0.0739875392819647,0.0500781238079071,0.9999856053109004,0.9999070167541504
E2_master,lr0.0003,0,0,2430,269.0,1883.0,1,0.5712912999712683,0.7302307486534119,0.9508524179404828,0.8911833167076111
E2_master,lr0.0003,0,0,2430,269.0,1883.0,2,0.3004672220218812,0.4144470989704132,0.9942915546402108,0.9841934442520142
E2_master,lr0.0003,0,0,2430,269.0,1883.0,3,0.2440054026634277,0.235919713973999,0.9994177009260032,0.9979288578033448
E2_master,lr0.0003,1,1,2390,264.0,1863.0,1,0.6051353727693229,0.6971785426139832,0.9397824933653688,0.9003897309303284
E2_master,lr0.0003,1,1,2390,264.0,1863.0,2,0.2776013697266281,0.3102277815341949,0.9949931526458384,0.9886981248855592
E2_master,lr0.0003,1,1,2390,264.0,1863.0,3,0.2165420294768052,0.2005013078451156,0.9994971031964512,0.9988974332809448
E2_master,lr0.0003,2,2,2200,272.0,1686.0,1,0.6242117621249546,0.7189536690711975,0.9411176483859058,0.9012696743011476
E2_master,lr0.0003,2,2,2200,272.0,1686.0,2,0.3386923507990422,0.3563956022262573,0.9927065450681396,0.98714679479599
E2_master,lr0.0003,2,2,2200,272.0,1686.0,3,0.2606748777419664,0.2426715344190597,0.999182704673801,0.9981885552406312
E2_master,lr0.003,0,0,250,27.0,195.0,1,0.5223016620740211,0.7078695297241211,0.9538662579017988,0.8995459079742432
E2_master,lr0.003,0,0,250,27.0,195.0,2,0.2499085537888244,0.3864337205886841,0.994882800131486,0.986640989780426
E2_master,lr0.003,0,0,250,27.0,195.0,3,0.1936522520631327,0.2167649567127227,0.9994952171065437,0.9983356595039368
E2_master,lr0.003,1,1,240,26.0,193.0,1,0.5603237142259397,0.6771581172943115,0.9432314981162496,0.9061434864997864
E2_master,lr0.003,1,1,240,26.0,193.0,2,0.2275200849102858,0.2858313918113708,0.9955433722629796,0.9897798299789428
E2_master,lr0.003,1,1,240,26.0,193.0,3,0.1744825340846125,0.1819096058607101,0.9995676834290206,0.9989855885505676
E2_master,lr0.003,2,2,220,27.0,175.0,1,0.5765361221813293,0.6984499096870422,0.9443745777028228,0.907342255115509
E2_master,lr0.003,2,2,220,27.0,175.0,2,0.2849265934663567,0.3303250670433044,0.993405510421302,0.9888805150985718
E2_master,lr0.003,2,2,220,27.0,175.0,3,0.2149232328100672,0.223393052816391,0.9992828402934884,0.9985268115997314
E2_master,outlr0.3,0,0,1350,184.0,1128.0,1,0.3355248086214684,0.5391786694526672,0.980364746974874,0.9435275793075562
E2_master,outlr0.3,0,0,1350,184.0,1128.0,2,0.1032038865867389,0.1573321372270584,0.9990876971203532,0.995585322380066
E2_master,outlr0.3,0,0,1350,184.0,1128.0,3,0.0674625085778799,0.0814026966691017,0.999965621280578,0.999769926071167
E2_master,outlr0.3,1,1,1350,183.0,1134.0,1,0.3675004532194329,0.5120370388031006,0.9744119032231886,0.9460439682006836
E2_master,outlr0.3,1,1,1350,183.0,1134.0,2,0.0726979773031331,0.1089216470718383,0.9993317546737578,0.99748694896698
E2_master,outlr0.3,1,1,1350,183.0,1134.0,3,0.0657028010728571,0.0668705329298973,0.9999757988434642,0.9998674392700196
E2_master,outlr0.3,2,2,1400,184.0,1167.0,1,0.3719645485813712,0.5405681729316711,0.9761963778472134,0.9460482597351074
E2_master,outlr0.3,2,2,1400,184.0,1167.0,2,0.1212884066934072,0.1503396183252334,0.999010896552908,0.9966291785240172
E2_master,outlr0.3,2,2,1400,184.0,1167.0,3,0.0876183578673215,0.0670423582196235,0.9999710274969448,0.9998505115509032
E2_master,outlr3.0,0,0,390,47.0,266.0,1,0.6917611468334456,0.8416397571563721,0.913085217969018,0.8247042894363403
E2_master,outlr3.0,0,0,390,47.0,266.0,2,0.4906521697224504,0.6764801740646362,0.9795248230894988,0.9447860717773438
E2_master,outlr3.0,0,0,390,47.0,266.0,3,0.4546827073462555,0.515372633934021,0.9946471557953528,0.9857845902442932
E2_master,outlr3.0,1,1,380,45.0,257.0,1,0.7243253369595909,0.8282915353775024,0.8952775643730079,0.8342118263244629
E2_master,outlr3.0,1,1,380,45.0,257.0,2,0.4775544978026494,0.6046156287193298,0.9800427565253068,0.960326075553894
E2_master,outlr3.0,1,1,380,45.0,257.0,3,0.4462877447285064,0.4587076008319855,0.9947322884397664,0.990065336227417
E2_master,outlr3.0,2,2,360,47.0,236.0,1,0.7356155857275787,0.8357816338539124,0.895836396406678,0.8357130289077759
E2_master,outlr3.0,2,2,360,47.0,236.0,2,0.5325427264825726,0.6446343660354614,0.974059439222166,0.954663634300232
E2_master,outlr3.0,2,2,360,47.0,236.0,3,0.4786633481065753,0.4866886138916015,0.9928922745754888,0.987303614616394
E2_master,pre_pixstd,0,0,1500,-1.0,-1.0,1,0.9994017644835916,0.975129008293152,0.0405774512258344,0.0228453818708658
E2_master,pre_pixstd,0,0,1500,-1.0,-1.0,2,0.978950462715652,0.9625849723815918,0.3026158244419024,0.0992126762866973
E2_master,pre_pixstd,0,0,1500,-1.0,-1.0,3,0.7444377446362899,0.9064587354660034,0.8282499835071634,0.3674255907535553
E2_master,pre_pixstd,1,1,1500,-1.0,-1.0,1,0.999592212771208,0.976563036441803,0.0292963435636137,0.034666109830141
E2_master,pre_pixstd,1,1,1500,-1.0,-1.0,2,0.9850581968033671,0.9618246555328368,0.2803502534256614,0.1455547213554382
E2_master,pre_pixstd,1,1,1500,-1.0,-1.0,3,0.7692533599492157,0.905517578125,0.811778060849551,0.4371045231819153
E2_master,pre_pixstd,2,2,1500,-1.0,-1.0,1,0.9994083867828548,0.9738808870315552,0.0353493599849798,0.0296431761234998
E2_master,pre_pixstd,2,2,1500,-1.0,-1.0,2,0.9801126447714168,0.951651930809021,0.2827283176381283,0.1098842248320579
E2_master,pre_pixstd,2,2,1500,-1.0,-1.0,3,0.7718772103425056,0.9067202806472778,0.8134404366541884,0.382927268743515
E2_master,pre_standardize,0,0,340,69.0,251.0,1,0.3875257427961114,0.5990545153617859,0.8892788505848447,0.7911115288734436
E2_master,pre_standardize,0,0,340,69.0,251.0,2,0.2172457232368375,0.3889516294002533,0.9863043728450532,0.9640437960624696
E2_master,pre_standardize,0,0,340,69.0,251.0,3,0.1790996321307493,0.2365965545177459,0.9987851308944834,0.9945297837257384
E2_master,pre_standardize,1,1,330,69.0,250.0,1,0.3945398745252698,0.5791772603988647,0.8759860319869063,0.8015830516815186
E2_master,pre_standardize,1,1,330,69.0,250.0,2,0.1851663186998325,0.3111692667007446,0.988829515738488,0.969978928565979
E2_master,pre_standardize,1,1,330,69.0,250.0,3,0.1671601753938342,0.2183072566986084,0.9989579171685016,0.9961391687393188
E2_master,pre_standardize,2,2,300,70.0,218.0,1,0.4213731355144007,0.5947746634483337,0.8780614753054471,0.7956956624984741
E2_master,pre_standardize,2,2,300,70.0,218.0,2,0.2390340927434396,0.3458840847015381,0.984029174247618,0.9672723412513732
E2_master,pre_standardize,2,2,300,70.0,218.0,3,0.2017423490229581,0.2535209357738495,0.99824417935734,0.994931936264038
E2_master,q0.2,0,0,410,96.0,250.0,1,0.6910663321526748,0.8779088854789734,0.9126974795951704,0.7658880352973938
E2_master,q0.2,0,0,410,96.0,250.0,2,0.4891169661141282,0.7332111597061157,0.9804741115172694,0.9122721552848816
E2_master,q0.2,0,0,410,96.0,250.0,3,0.4374516214704037,0.5749066472053528,0.9952721252572756,0.9733937978744508
E2_master,q0.2,1,1,430,93.0,277.0,1,0.7101966488517943,0.81703120470047,0.8999380248249571,0.8301078677177429
E2_master,q0.2,1,1,430,93.0,277.0,2,0.456840528300759,0.5696970224380493,0.9821508048773112,0.956954538822174
E2_master,q0.2,1,1,430,93.0,277.0,3,0.3998364677798691,0.3997758328914642,0.9960280238806548,0.9906718730926514
E2_master,q0.2,2,2,390,92.0,238.0,1,0.7304831431419675,0.8361285328865051,0.8965013710824852,0.8092035055160522
E2_master,q0.2,2,2,390,92.0,238.0,2,0.506836650535862,0.6239793300628662,0.9759624587441312,0.9470687508583068
E2_master,q0.2,2,2,390,92.0,238.0,3,0.4679057949173956,0.4430702626705169,0.9943131906526358,0.987937033176422
E2_master,q0.35,0,0,620,88.0,459.0,1,0.5931573146048241,0.7854679226875305,0.9400809879535637,0.8598575592041016
E2_master,q0.35,0,0,620,88.0,459.0,2,0.329645120555453,0.5148524045944214,0.9913066023823036,0.9715256094932556
E2_master,q0.35,0,0,620,88.0,459.0,3,0.2718642258782406,0.3189187943935394,0.9988102954230864,0.9953556060791016
E2_master,q0.35,1,1,610,85.0,458.0,1,0.6255377204776523,0.7409867644309998,0.927358210214158,0.8785964846611023
E2_master,q0.35,1,1,610,85.0,458.0,2,0.3089721437864726,0.3918812274932861,0.9919820324892288,0.9817349314689636
E2_master,q0.35,1,1,610,85.0,458.0,3,0.2507221352654382,0.2501308619976043,0.9989623528860698,0.9975744485855104
E2_master,q0.35,2,2,560,88.0,409.0,1,0.6388618363804863,0.7599325180053711,0.927639208190122,0.873877227306366
E2_master,q0.35,2,2,560,88.0,409.0,2,0.372691662762761,0.4475278556346893,0.9890855306806756,0.979820191860199
E2_master,q0.35,2,2,560,88.0,409.0,3,0.2878348589467677,0.2906955480575561,0.9983493324231346,0.9964187741279602
E2_master,q0.7,0,0,860,76.0,688.0,1,0.4770274399870441,0.6599774956703186,0.961602159739544,0.9198316931724548
E2_master,q0.7,0,0,860,76.0,688.0,2,0.2022988447036792,0.2959163784980774,0.9965632611925488,0.99126136302948
E2_master,q0.7,0,0,860,76.0,688.0,3,0.1438082577669376,0.1689222007989883,0.9997386047324656,0.9991304874420166
E2_master,q0.7,1,1,850,76.0,688.0,1,0.5179082713950656,0.6420184969902039,0.952631268233245,0.921895444393158
E2_master,q0.7,1,1,850,76.0,688.0,2,0.1777453172351603,0.2324306964874267,0.997226853379616,0.992994785308838
E2_master,q0.7,1,1,850,76.0,688.0,3,0.1338193126328064,0.1545282453298568,0.9997823887091408,0.9994917511940002
E2_master,q0.7,2,2,760,77.0,606.0,1,0.531381537329752,0.6614247560501099,0.954321794263724,0.924914300441742
E2_master,q0.7,2,2,760,77.0,606.0,2,0.2293956825208283,0.2637644708156585,0.995295037246985,0.9926108121871948
E2_master,q0.7,2,2,760,77.0,606.0,3,0.1656769774933085,0.1743522137403488,0.999598229817496,0.9993239641189576
E2_master,q0.85,0,0,970,76.0,785.0,1,0.4289782131426724,0.6013057231903076,0.9683244837771178,0.9375962615013124
E2_master,q0.85,0,0,970,76.0,785.0,2,0.161320089717176,0.2281852513551712,0.997678937269724,0.9943195581436156
E2_master,q0.85,0,0,970,76.0,785.0,3,0.1112069172111862,0.1361946165561676,0.9998566781042804,0.999577522277832
E2_master,q0.85,1,1,990,75.0,809.0,1,0.4707315787361721,0.599600613117218,0.9607691035175784,0.9354498386383056
E2_master,q0.85,1,1,990,75.0,809.0,2,0.1349511472056427,0.1822955012321472,0.9982939804696984,0.9948065280914308
E2_master,q0.85,1,1,990,75.0,809.0,3,0.1106028394533254,0.1131213381886482,0.9998920989055956,0.999714732170105
E2_master,q0.85,2,2,850,76.0,684.0,1,0.4784131664152095,0.6141194105148315,0.96238027694748,0.938539743423462
E2_master,q0.85,2,2,850,76.0,684.0,2,0.191876047583378,0.2092257291078567,0.9966389964442324,0.995246171951294
E2_master,q0.85,2,2,850,76.0,684.0,3,0.1299262966734519,0.1296930909156799,0.999763903592372,0.9996138215065002
E2_master,smimb0.3,0,0,1500,-1.0,-1.0,1,0.5462087821576512,0.8673450350761414,0.808576743637379,0.535287618637085
E2_master,smimb0.3,0,0,1500,-1.0,-1.0,2,0.4135377756981321,0.829470157623291,0.9529556191519724,0.6943237781524658
E2_master,smimb0.3,0,0,1500,-1.0,-1.0,3,0.4478945221882353,0.7668554782867432,0.9860505797903923,0.7899079322814941
E2_master,smimb0.3,1,1,1500,-1.0,-1.0,1,0.5793507726031535,0.9229405522346495,0.7912861303896175,0.4154246747493744
E2_master,smimb0.3,1,1,1500,-1.0,-1.0,2,0.4909520420615445,0.8960359692573547,0.9351767500810472,0.463482528924942
E2_master,smimb0.3,1,1,1500,-1.0,-1.0,3,0.5147028992684576,0.8781306147575378,0.9796867160797452,0.5107192397117615
E2_master,smimb0.3,2,2,1500,-1.0,-1.0,1,0.5848457989212195,0.9079675078392028,0.7719962499796745,0.4574989676475525
E2_master,smimb0.3,2,2,1500,-1.0,-1.0,2,0.5321856032949794,0.8732611536979675,0.9187810017911092,0.5572342276573181
E2_master,smimb0.3,2,2,1500,-1.0,-1.0,3,0.5426028881955863,0.8471211194992065,0.9708607768325556,0.6358307003974915
E2_master,smimb0.5,0,0,1500,-1.0,-1.0,1,0.4644262933678553,0.79203861951828,0.8516471771913731,0.6817396283149719
E2_master,smimb0.5,0,0,1500,-1.0,-1.0,2,0.3375592312852449,0.6699520349502563,0.9710732623024932,0.8483405113220215
E2_master,smimb0.5,0,0,1500,-1.0,-1.0,3,0.373604716101399,0.5617207288742065,0.993030740143888,0.92973393201828
E2_master,smimb0.5,1,1,1500,-1.0,-1.0,1,0.4960487205182411,0.8495794534683228,0.8260396862134781,0.6178629398345947
E2_master,smimb0.5,1,1,1500,-1.0,-1.0,2,0.4038978580766361,0.7453987002372742,0.9578572631931204,0.7504560947418213
E2_master,smimb0.5,1,1,1500,-1.0,-1.0,3,0.4004801859505439,0.6729760766029358,0.9905772114678304,0.8341997265815735
E2_master,smimb0.5,2,2,1500,-1.0,-1.0,1,0.5054622270837656,0.8356136679649353,0.8188075005668747,0.6280475854873657
E2_master,smimb0.5,2,2,1500,-1.0,-1.0,2,0.4318335192189151,0.7228366732597351,0.9519003071943956,0.770868718624115
E2_master,smimb0.5,2,2,1500,-1.0,-1.0,3,0.4214469733936253,0.6449952125549316,0.9876091556271234,0.8619690537452698
E2_master,smimb0.9,0,0,810,84.0,593.0,1,0.2801248853617929,0.4548607468605041,0.926987035899105,0.9053364396095276
E2_master,smimb0.9,0,0,810,84.0,593.0,2,0.2159550058086188,0.2666231393814087,0.991585609859352,0.9797320365905762
E2_master,smimb0.9,0,0,810,84.0,593.0,3,0.2567494583773539,0.2606160044670105,0.9985841710291132,0.9958658218383788
E2_master,smimb0.9,1,1,680,83.0,481.0,1,0.3172830715085621,0.5298134684562683,0.909319002934906,0.8756266832351685
E2_master,smimb0.9,1,1,680,83.0,481.0,2,0.2565328926280326,0.3299740552902221,0.9868522774272748,0.9693425893783568
E2_master,smimb0.9,1,1,680,83.0,481.0,3,0.2427713108448396,0.2798287272453308,0.9982963246015584,0.9914958477020264
E2_master,smimb0.9,2,2,680,82.0,491.0,1,0.3234308226804514,0.5027544498443604,0.9048022720219244,0.8776198625564575
E2_master,smimb0.9,2,2,680,82.0,491.0,2,0.2513054200536864,0.3202757835388183,0.986491306747712,0.9661656022071838
E2_master,smimb0.9,2,2,680,82.0,491.0,3,0.2580123875690758,0.2495361715555191,0.998036462373463,0.9876720309257508
E2_master,w100,0,0,1500,208.0,-1.0,1,0.2695160913805477,0.46567302942276,0.9818354790153504,0.9551441669464112
E2_master,w100,0,0,1500,208.0,-1.0,2,0.1677902079562875,0.2000617533922195,0.9987647314700152,0.9964836239814758
E2_master,w100,0,0,1500,208.0,-1.0,3,0.1846745124125154,0.2048351913690567,0.9999104843316776,0.9995160102844238
E2_master,w100,1,1,1500,211.0,1333.0,1,0.331278300730202,0.4480301141738891,0.9754722647035696,0.966860055923462
E2_master,w100,1,1,1500,211.0,1333.0,2,0.1979596037744384,0.174260601401329,0.997372533029095,0.9973797798156738
E2_master,w100,1,1,1500,211.0,1333.0,3,0.1762164155085833,0.1454847753047943,0.9998005535599188,0.999770998954773
E2_master,w100,2,2,1500,219.0,1343.0,1,0.317883907734723,0.5002915263175964,0.9805288794636088,0.9529518485069276
E2_master,w100,2,2,1500,219.0,1343.0,2,0.259436874392608,0.2619123756885528,0.9973726904596072,0.9937487244606018
E2_master,w100,2,2,1500,219.0,1343.0,3,0.2251750003789165,0.2480090409517288,0.9997466363512966,0.9989967942237854
E2_master,w2000,0,0,140,16.0,105.0,1,0.9277035346378222,0.937188446521759,0.8429571687999754,0.7682828903198242
E2_master,w2000,0,0,140,16.0,105.0,2,0.579809965297194,0.6929188370704651,0.9798320830743285,0.9627329111099244
E2_master,w2000,0,0,140,16.0,105.0,3,0.2779088380234614,0.3102079331874847,0.9979156945827564,0.9955174922943116
E2_master,w2000,1,1,140,16.0,102.0,1,0.9277788604842124,0.938468337059021,0.8413032067742833,0.7959744930267334
E2_master,w2000,1,1,140,16.0,102.0,2,0.5696336275103187,0.62850022315979,0.9799823925120468,0.9720757603645324
E2_master,w2000,1,1,140,16.0,102.0,3,0.2788304114581206,0.2720822393894195,0.9978580744549624,0.9969070553779602
E2_master,w2000,2,2,130,17.0,98.0,1,0.9354404739002424,0.9411906599998474,0.8285039563746993,0.8027698993682861
E2_master,w2000,2,2,130,17.0,98.0,2,0.5951518010862702,0.5730934143066406,0.9783708212262066,0.9777249097824096
E2_master,w2000,2,2,130,17.0,98.0,3,0.2952490726908405,0.2127914130687713,0.997552619547704,0.9978361129760742
E2_master,w900,0,0,270,31.0,208.0,1,0.8176450851736876,0.8901435136795044,0.8857880623756859,0.8257927894592285
E2_master,w900,0,0,270,31.0,208.0,2,0.4295542290368927,0.5677915811538696,0.9859275147011456,0.9696851372718812
E2_master,w900,0,0,270,31.0,208.0,3,0.2295732455707556,0.2868401408195495,0.998648922202526,0.9963070154190063
E2_master,w900,1,1,260,31.0,197.0,1,0.8216137842632929,0.8777108788490295,0.8903930618391134,0.8486711382865906
E2_master,w900,1,1,260,31.0,197.0,2,0.4267402002274271,0.477881520986557,0.9864397284782872,0.9798881411552428
E2_master,w900,1,1,260,31.0,197.0,3,0.2343873599855983,0.2202210277318954,0.9984619065987508,0.9977247714996338
E2_master,w900,2,2,270,31.0,203.0,1,0.8250226790103132,0.8713403940200806,0.883286074444158,0.8474748134613037
E2_master,w900,2,2,270,31.0,203.0,2,0.4202377788236719,0.4436826109886169,0.986350038900847,0.9822783470153807
E2_master,w900,2,2,270,31.0,203.0,3,0.2364579303187118,0.2064004838466644,0.998555886855394,0.9981799721717834
E3_generality,depth6,0,0,890,83.0,844.0,1,0.5248946828160458,0.7101897597312927,0.9544142443206274,0.9043447971343994
E3_generality,depth6,0,0,890,83.0,844.0,2,0.2165549623551074,0.3745161890983581,0.9954704249940796,0.986476480960846
E3_generality,depth6,0,0,890,83.0,844.0,3,0.1738297348816196,0.2478863596916198,0.9996018282202256,0.9980774521827698
E3_generality,depth6,0,0,890,83.0,844.0,4,0.1859999195414029,0.1889392584562301,0.999947116441383,0.9997681379318236
E3_generality,depth6,0,0,890,83.0,844.0,5,0.180077562111953,0.1850023418664932,0.9999954589377414,0.9999762773513794
E3_generality,depth6,0,0,890,83.0,844.0,6,0.1700478213364909,0.1344820857048034,0.99999956714327,0.999998152256012
E3_generality,depth6,1,1,930,84.0,883.0,1,0.5346490216636355,0.7233515977859497,0.9487357626019952,0.899269163608551
E3_generality,depth6,1,1,930,84.0,883.0,2,0.1995000042971097,0.3475123345851898,0.9963921957231422,0.9869640469551086
E3_generality,depth6,1,1,930,84.0,883.0,3,0.1731960249893588,0.2358588427305221,0.9996965736236246,0.9982362389564514
E3_generality,depth6,1,1,930,84.0,883.0,4,0.1627801307892983,0.2173080146312713,0.9999747693267296,0.9997655749320984
E3_generality,depth6,1,1,930,84.0,883.0,5,0.1738008740014778,0.1841642260551452,0.999997345947374,0.9999733567237854
E3_generality,depth6,1,1,930,84.0,883.0,6,0.1777641262042343,0.1712379306554794,0.9999997552100476,0.9999972581863404
E3_generality,depth6,2,2,790,86.0,748.0,1,0.5641003618884783,0.7449429035186768,0.9452950291503384,0.8814882636070251
E3_generality,depth6,2,2,790,86.0,748.0,2,0.2826500723440968,0.4394678771495819,0.9929675564842044,0.9793006777763368
E3_generality,depth6,2,2,790,86.0,748.0,3,0.1982191914753436,0.2713919579982757,0.9992837842322184,0.9970396161079408
E3_generality,depth6,2,2,790,86.0,748.0,4,0.160136128483997,0.2131905555725097,0.9999352016485604,0.9995830059051514
E3_generality,depth6,2,2,790,86.0,748.0,5,0.1585799940862715,0.1814582794904709,0.9999942548623916,0.9999408721923828
E3_generality,depth6,2,2,790,86.0,748.0,6,0.1956660398919408,0.2039322704076767,0.999999354699758,0.9999919533729552
E3_generality,fashion,0,0,620,72.0,482.0,1,0.2914062671139398,0.6004067659378052,0.9782206774637776,0.9256651401519777
E3_generality,fashion,0,0,620,72.0,482.0,2,0.1904000924323715,0.3498821854591369,0.9977368070356996,0.9860585927963256
E3_generality,fashion,0,0,620,72.0,482.0,3,0.1868970802609281,0.2236024737358093,0.9997619106227692,0.998115301132202
E3_generality,fashion,1,1,600,71.0,476.0,1,0.3449593235770221,0.5985304713249207,0.9676280604503322,0.931708574295044
E3_generality,fashion,1,1,600,71.0,476.0,2,0.168699956492215,0.29096519947052,0.997580096909592,0.9915833473205566
E3_generality,fashion,1,1,600,71.0,476.0,3,0.1777703282782562,0.1846042871475219,0.9997606670314992,0.998924195766449
E3_generality,fashion,2,2,590,71.0,464.0,1,0.3376985889131312,0.6138057112693787,0.9735221162056172,0.9289759993553162
E3_generality,fashion,2,2,590,71.0,464.0,2,0.2120764779014004,0.3350529670715332,0.9972039020804756,0.9871479868888856
E3_generality,fashion,2,2,590,71.0,464.0,3,0.2009497069142024,0.2200030833482742,0.999706469908788,0.9980315566062928
E3_generality,fashion_softmax,0,0,2000,-1.0,-1.0,1,0.653029944767728,0.882362425327301,0.7657389545459007,0.2682707905769348
E3_generality,fashion_softmax,0,0,2000,-1.0,-1.0,2,0.6576288247489771,0.8051169514656067,0.9043490380107496,0.2764046788215637
E3_generality,fashion_softmax,0,0,2000,-1.0,-1.0,3,0.7462362056796085,0.7085202932357788,0.9428599326405266,0.251286506652832
E3_generality,fashion_softmax,1,1,2000,-1.0,-1.0,1,0.6665086215214465,0.9055517315864564,0.7565712422607095,0.2939448356628418
E3_generality,fashion_softmax,1,1,2000,-1.0,-1.0,2,0.6247278885772516,0.9065977931022644,0.901649460556496,0.2917015850543976
E3_generality,fashion_softmax,1,1,2000,-1.0,-1.0,3,0.6579703669936966,0.8831338882446289,0.9569743503087595,0.3001383543014526
E3_generality,fashion_softmax,2,2,2000,-1.0,-1.0,1,0.7422491682804813,0.8990738391876221,0.7015128204662945,0.2828536331653595
E3_generality,fashion_softmax,2,2,2000,-1.0,-1.0,2,0.7881663483008172,0.8871198296546936,0.8563973540936121,0.2728225588798523
E3_generality,fashion_softmax,2,2,2000,-1.0,-1.0,3,0.8827735218352628,0.8684111833572388,0.9001378092832307,0.2775862514972687
E3_generality,mse_s1,0,0,2000,-1.0,-1.0,1,0.8566174140522214,0.7878941297531128,0.8241532240190432,0.8656251430511475
E3_generality,mse_s1,0,0,2000,-1.0,-1.0,2,0.8202867195986879,0.5176587104797363,0.9036910455244154,0.9742280840873718
E3_generality,mse_s1,0,0,2000,-1.0,-1.0,3,0.8626478037347896,0.3970809876918793,0.9250786308111733,0.9946002960205078
E3_generality,mse_s1,1,1,2000,-1.0,-1.0,1,0.7954256370733251,0.752852201461792,0.8703014974905878,0.8979087471961975
E3_generality,mse_s1,1,1,2000,-1.0,-1.0,2,0.6694837088976054,0.4119609594345093,0.9520711829972128,0.9852774739265442
E3_generality,mse_s1,1,1,2000,-1.0,-1.0,3,0.6875024766845642,0.3002411127090454,0.9768847386962832,0.997369349002838
E3_generality,mse_s1,2,2,2000,-1.0,-1.0,1,0.8076890450842192,0.7789016366004944,0.8548030961183793,0.8865734934806824
E3_generality,mse_s1,2,2,2000,-1.0,-1.0,2,0.6770971217261016,0.5207855105400085,0.9493396378228056,0.9784674644470216
E3_generality,mse_s1,2,2,2000,-1.0,-1.0,3,0.6807803286720255,0.3788445591926574,0.9767902941404298,0.9955237507820128
E3_generality,mse_s1_ctr,0,0,2000,-1.0,-1.0,1,0.877061881536126,0.8130063414573669,0.7960166981243527,0.8568485975265503
E3_generality,mse_s1_ctr,0,0,2000,-1.0,-1.0,2,0.8668255842328954,0.5438970923423767,0.8691388219432381,0.9693809151649476
E3_generality,mse_s1_ctr,0,0,2000,-1.0,-1.0,3,0.9091589593591832,0.4050136506557464,0.8816379353799706,0.9936994314193726
E3_generality,mse_s1_ctr,1,1,2000,-1.0,-1.0,1,0.7922873678050746,0.7379414439201355,0.8697205012377129,0.900886297225952
E3_generality,mse_s1_ctr,1,1,2000,-1.0,-1.0,2,0.6795083849454892,0.3971298635005951,0.9526501610186736,0.986902117729187
E3_generality,mse_s1_ctr,1,1,2000,-1.0,-1.0,3,0.6748601349799281,0.2898078858852386,0.976611159984023,0.9977738857269288
E3_generality,mse_s1_ctr,2,2,2000,-1.0,-1.0,1,0.8190526325489101,0.7835497260093689,0.8434491069214711,0.8844621181488037
E3_generality,mse_s1_ctr,2,2,2000,-1.0,-1.0,2,0.7034310453046604,0.5422229766845703,0.9404628576270152,0.9767194986343384
E3_generality,mse_s1_ctr,2,2,2000,-1.0,-1.0,3,0.7250351612293038,0.4022418856620788,0.9707208429740402,0.9948275089263916
E3_generality,mse_s5,0,0,2000,-1.0,-1.0,1,0.7345280858749997,0.8485196232795715,0.8991474905257804,0.8368455171585083
E3_generality,mse_s5,0,0,2000,-1.0,-1.0,2,0.5762352049118524,0.632757306098938,0.9720534932184,0.9327038526535034
E3_generality,mse_s5,0,0,2000,-1.0,-1.0,3,0.54488992118912,0.4485307037830353,0.9900429747881128,0.9789310693740844
E3_generality,mse_s5,1,1,2000,-1.0,-1.0,1,0.7599816626103604,0.85025554895401,0.89017179954433,0.838169515132904
E3_generality,mse_s5,1,1,2000,-1.0,-1.0,2,0.5698935847283162,0.6415536403656006,0.9721833420440438,0.9413058757781982
E3_generality,mse_s5,1,1,2000,-1.0,-1.0,3,0.5502967532781508,0.4509567022323608,0.9904576500868336,0.9850441217422484
E3_generality,mse_s5,2,2,2000,-1.0,-1.0,1,0.7300861992917638,0.8367592096328735,0.8941232514665269,0.8532788753509521
E3_generality,mse_s5,2,2,2000,-1.0,-1.0,2,0.5449906804920709,0.6290031671524048,0.972570213085556,0.9553422331809998
E3_generality,mse_s5,2,2,2000,-1.0,-1.0,3,0.5020207061559263,0.4845156669616699,0.9917286277630266,0.9874711036682128
E3_generality,multilabel,0,0,640,73.0,503.0,1,0.5532226963203978,0.6735178232192993,0.9485039665394354,0.918759822845459
E3_generality,multilabel,0,0,640,73.0,503.0,2,0.2513601442667881,0.2909237742424011,0.9949835008386104,0.9912899732589722
E3_generality,multilabel,0,0,640,73.0,503.0,3,0.1942352086111597,0.1767444908618927,0.9995076535508788,0.9991029500961304
E3_generality,multilabel,1,1,560,73.0,431.0,1,0.5859841286843688,0.7015482187271118,0.9389548220078804,0.9087024927139282
E3_generality,multilabel,1,1,560,73.0,431.0,2,0.2864954456480338,0.3546638786792755,0.9930757487963828,0.98658549785614
E3_generality,multilabel,1,1,560,73.0,431.0,3,0.197643542692589,0.171578899025917,0.999262560791666,0.99895441532135
E3_generality,multilabel,2,2,570,73.0,441.0,1,0.5763655682319183,0.7171249985694885,0.9425711960862534,0.904232621192932
E3_generality,multilabel,2,2,570,73.0,441.0,2,0.2674989475598538,0.3646418750286102,0.9935756075095328,0.9852614998817444
E3_generality,multilabel,2,2,570,73.0,441.0,3,0.2008203095343297,0.199124589562416,0.9993420561652436,0.9983625411987304
E3_generality,w900_depth6,0,0,310,30.0,290.0,1,0.8280949491648004,0.9064303636550904,0.8824085646371412,0.8066155314445496
E3_generality,w900_depth6,0,0,310,30.0,290.0,2,0.4411069764924512,0.6278219223022461,0.9849899923314313,0.96205472946167
E3_generality,w900_depth6,0,0,310,30.0,290.0,3,0.2343792707175809,0.3175720274448395,0.9983761931539894,0.9948405623435974
E3_generality,w900_depth6,0,0,310,30.0,290.0,4,0.1996834090883306,0.2137774974107742,0.9998181157162056,0.9993658065795898
E3_generality,w900_depth6,0,0,310,30.0,290.0,5,0.1664545939334952,0.1680389791727066,0.999984283903026,0.9999370574951172
E3_generality,w900_depth6,0,0,310,30.0,290.0,6,0.1827736195358589,0.1700236946344375,0.9999982419846296,0.999993085861206
E3_generality,w900_depth6,1,1,320,30.0,301.0,1,0.8078065114384251,0.8912952542304993,0.8937966559493256,0.8304049968719482
E3_generality,w900_depth6,1,1,320,30.0,301.0,2,0.4109881180774209,0.5416519641876221,0.9878862607228192,0.9736967086791992
E3_generality,w900_depth6,1,1,320,30.0,301.0,3,0.2127242173243284,0.2858730256557464,0.9987909129643168,0.9966932535171508
E3_generality,w900_depth6,1,1,320,30.0,301.0,4,0.1756252860691214,0.1812173277139663,0.9998844703560962,0.9996947050094604
E3_generality,w900_depth6,1,1,320,30.0,301.0,5,0.1783539931916059,0.169647216796875,0.9999882025822108,0.999967396259308
E3_generality,w900_depth6,1,1,320,30.0,301.0,6,0.1810207652338703,0.1623378098011016,0.9999986171586108,0.9999966621398926
E3_generality,w900_depth6,2,2,320,29.0,304.0,1,0.8247352380372626,0.9062117338180542,0.8849022415951778,0.8103529214859009
E3_generality,w900_depth6,2,2,320,29.0,304.0,2,0.4169168966186615,0.5808134078979492,0.9869339390346552,0.9692229628562928
E3_generality,w900_depth6,2,2,320,29.0,304.0,3,0.2255874829751287,0.293583869934082,0.9986766117645876,0.9960752725601196
E3_generality,w900_depth6,2,2,320,29.0,304.0,4,0.1826585936163675,0.2121710330247879,0.9998686514791996,0.9994884729385376
E3_generality,w900_depth6,2,2,320,29.0,304.0,5,0.1828514921188067,0.1962286084890365,0.999987457038735,0.9999403953552246
E3_generality,w900_depth6,2,2,320,29.0,304.0,6,0.1710095067184816,0.1636824309825897,0.9999989301924632,0.9999947547912598
