exp,tag,seed,fb_seed,model_horizon,onset_model,exit_model,network_horizon,onset_meas,exit_meas,model_no_plateau,model_exit_censored
E1_headline,base,0,0,730,81.0,570.0,3000,90.0,520.0,False,False
E1_headline,base,1,1,720,79.0,564.0,3000,100.0,590.0,False,False
E1_headline,base,2,2,660,81.0,511.0,3000,100.0,500.0,False,False
E1_headline,center_delta,0,0,3000,-1.0,-1.0,3000,,,True,False
E1_headline,center_delta,1,1,3000,-1.0,-1.0,3000,,,True,False
E1_headline,center_delta,2,2,3000,-1.0,-1.0,3000,,,True,False
E1_headline,center_e,0,0,3000,-1.0,-1.0,3000,,,True,False
E1_headline,center_e,1,1,3000,-1.0,-1.0,3000,,,True,False
E1_headline,center_e,2,2,3000,-1.0,-1.0,3000,,,True,False
E1_headline,frzbias,0,0,720,81.0,565.0,3000,90.0,510.0,False,False
E1_headline,frzbias,1,1,710,80.0,559.0,3000,100.0,580.0,False,False
E1_headline,frzbias,2,2,660,82.0,505.0,3000,100.0,500.0,False,False
E1_headline,frzout,0,0,1500,-1.0,-1.0,1500,,,True,False
E1_headline,frzout,1,1,1500,-1.0,-1.0,1500,,,True,False
E1_headline,frzout,2,2,1500,-1.0,-1.0,1500,,,True,False
E1_headline,outlr10,0,0,3000,-1.0,-1.0,3000,,,True,False
E1_headline,outlr10,1,1,3000,-1.0,-1.0,3000,,,True,False
E1_headline,outlr10,2,2,3000,-1.0,-1.0,3000,,,True,False
E1_headline,pixcenter,0,0,3000,-1.0,-1.0,3000,,,True,False
E1_headline,pixcenter,1,1,3000,-1.0,-1.0,3000,,,True,False
E1_headline,pixcenter,2,2,3000,-1.0,-1.0,3000,,,True,False
E1_headline,pixcenter_frzbias,0,0,3000,-1.0,-1.0,3000,,,True,False
E1_headline,pixcenter_frzbias,1,1,3000,-1.0,-1.0,3000,,,True,False
E1_headline,pixcenter_frzbias,2,2,3000,-1.0,-1.0,3000,,,True,False
E1_headline,priorbias,0,0,200,0.0,132.0,3000,0.0,320.0,False,False
E1_headline,priorbias,1,1,210,0.0,137.0,3000,150.0,330.0,False,False
E1_headline,priorbias,2,2,210,0.0,139.0,3000,20.0,280.0,False,False
E1_headline,softmax,0,0,3000,-1.0,-1.0,3000,,,True,False
E1_headline,softmax,1,1,3000,-1.0,-1.0,3000,,,True,False
E1_headline,softmax,2,2,3000,-1.0,-1.0,3000,,,True,False
E1_headline,softmax_imb07,0,0,3000,-1.0,-1.0,3000,,,True,False
E1_headline,softmax_imb07,1,1,3000,-1.0,-1.0,3000,,,True,False
E1_headline,softmax_imb07,2,2,3000,-1.0,-1.0,3000,,,True,False
E2_master,C2,0,0,1500,-1.0,-1.0,1500,,,True,False
E2_master,C2,1,1,1500,-1.0,-1.0,1500,,,True,False
E2_master,C2,2,2,1500,-1.0,-1.0,1500,,,True,False
E2_master,C3,0,0,1500,-1.0,-1.0,1500,,,True,False
E2_master,C3,1,1,1500,-1.0,-1.0,1500,,,True,False
E2_master,C3,2,2,1500,-1.0,-1.0,1500,,,True,False
E2_master,C5,0,0,1500,-1.0,-1.0,1500,,,True,False
E2_master,C5,1,1,1500,-1.0,-1.0,1500,80.0,190.0,True,False
E2_master,C5,2,2,1500,-1.0,-1.0,1500,,,True,False
E2_master,b2048,0,0,730,81.0,570.0,1500,160.0,510.0,False,False
E2_master,b2048,1,1,720,79.0,564.0,1500,90.0,580.0,False,False
E2_master,b2048,2,2,660,81.0,511.0,1500,100.0,500.0,False,False
E2_master,b32,0,0,730,81.0,570.0,1500,130.0,520.0,False,False
E2_master,b32,1,1,720,79.0,564.0,1500,90.0,580.0,False,False
E2_master,b32,2,2,660,81.0,511.0,1500,100.0,500.0,False,False
E2_master,b512,0,0,730,81.0,570.0,1500,150.0,520.0,False,False
E2_master,b512,1,1,720,79.0,564.0,1500,100.0,580.0,False,False
E2_master,b512,2,2,660,81.0,511.0,1500,100.0,500.0,False,False
E2_master,g0.03,0,0,2360,605.0,927.0,3000,,,False,False
E2_master,g0.03,1,1,2250,565.0,876.0,3000,,,False,False
E2_master,g0.03,2,2,2260,555.0,882.0,3000,520.0,1860.0,False,False
E2_master,g0.1,0,0,1820,310.0,859.0,3000,240.0,1410.0,False,False
E2_master,g0.1,1,1,1710,295.0,808.0,3000,270.0,1550.0,False,False
E2_master,g0.1,2,2,1650,302.0,771.0,3000,270.0,1460.0,False,False
E2_master,g0.3,0,0,1230,150.0,802.0,1500,130.0,870.0,False,False
E2_master,g0.3,1,1,1180,145.0,772.0,1500,140.0,960.0,False,False
E2_master,g0.3,2,2,1110,150.0,713.0,1500,150.0,900.0,False,False
E2_master,g10.0,0,0,240,46.0,213.0,1500,,,False,False
E2_master,g10.0,1,1,250,46.0,217.0,1500,60.0,290.0,False,False
E2_master,g10.0,2,2,310,46.0,268.0,1500,,,False,False
E2_master,g3.0,0,0,430,56.0,360.0,1500,70.0,350.0,False,False
E2_master,g3.0,1,1,430,56.0,362.0,1500,70.0,420.0,False,False
E2_master,g3.0,2,2,440,57.0,366.0,1500,100.0,300.0,False,False
E2_master,hidlr0.25,0,0,1320,167.0,829.0,6000,150.0,940.0,False,False
E2_master,hidlr0.25,1,1,1260,162.0,793.0,6000,150.0,1040.0,False,False
E2_master,hidlr0.25,2,2,1190,168.0,737.0,6000,160.0,990.0,False,False
E2_master,hidlr4.0,0,0,370,53.0,315.0,1500,70.0,310.0,False,False
E2_master,hidlr4.0,1,1,370,53.0,316.0,1500,70.0,380.0,False,False
E2_master,hidlr4.0,2,2,400,53.0,338.0,1500,130.0,280.0,False,False
E2_master,lr0.0003,0,0,2430,269.0,1883.0,5000,490.0,1690.0,False,False
E2_master,lr0.0003,1,1,2390,264.0,1863.0,5000,290.0,1910.0,False,False
E2_master,lr0.0003,2,2,2200,272.0,1686.0,5000,290.0,1630.0,False,False
E2_master,lr0.003,0,0,250,27.0,195.0,500,50.0,180.0,False,False
E2_master,lr0.003,1,1,240,26.0,193.0,500,40.0,200.0,False,False
E2_master,lr0.003,2,2,220,27.0,175.0,500,40.0,170.0,False,False
E2_master,outlr0.3,0,0,1350,184.0,1128.0,1500,200.0,1090.0,False,False
E2_master,outlr0.3,1,1,1350,183.0,1134.0,1500,200.0,1340.0,False,False
E2_master,outlr0.3,2,2,1400,184.0,1167.0,1500,330.0,910.0,False,False
E2_master,outlr3.0,0,0,390,47.0,266.0,1500,50.0,280.0,False,False
E2_master,outlr3.0,1,1,380,45.0,257.0,1500,50.0,310.0,False,False
E2_master,outlr3.0,2,2,360,47.0,236.0,1500,60.0,290.0,False,False
E2_master,pre_pixstd,0,0,1500,-1.0,-1.0,1500,,,True,False
E2_master,pre_pixstd,1,1,1500,-1.0,-1.0,1500,,,True,False
E2_master,pre_pixstd,2,2,1500,-1.0,-1.0,1500,,,True,False
E2_master,pre_standardize,0,0,340,69.0,251.0,1500,80.0,360.0,False,False
E2_master,pre_standardize,1,1,330,69.0,250.0,1500,100.0,420.0,False,False
E2_master,pre_standardize,2,2,300,70.0,218.0,1500,90.0,330.0,False,False
E2_master,q0.2,0,0,410,96.0,250.0,1500,110.0,380.0,False,False
E2_master,q0.2,1,1,430,93.0,277.0,1500,120.0,460.0,False,False
E2_master,q0.2,2,2,390,92.0,238.0,1500,,,False,False
E2_master,q0.35,0,0,620,88.0,459.0,1500,100.0,460.0,False,False
E2_master,q0.35,1,1,610,85.0,458.0,1500,100.0,510.0,False,False
E2_master,q0.35,2,2,560,88.0,409.0,1500,110.0,450.0,False,False
E2_master,q0.7,0,0,860,76.0,688.0,1500,80.0,570.0,False,False
E2_master,q0.7,1,1,850,76.0,688.0,1500,260.0,650.0,False,False
E2_master,q0.7,2,2,760,77.0,606.0,1500,90.0,550.0,False,False
E2_master,q0.85,0,0,970,76.0,785.0,1500,200.0,630.0,False,False
E2_master,q0.85,1,1,990,75.0,809.0,1500,340.0,710.0,False,False
E2_master,q0.85,2,2,850,76.0,684.0,1500,90.0,600.0,False,False
E2_master,smimb0.3,0,0,1500,-1.0,-1.0,1500,,,True,False
E2_master,smimb0.3,1,1,1500,-1.0,-1.0,1500,,,True,False
E2_master,smimb0.3,2,2,1500,-1.0,-1.0,1500,,,True,False
E2_master,smimb0.5,0,0,1500,-1.0,-1.0,1500,,,True,False
E2_master,smimb0.5,1,1,1500,-1.0,-1.0,1500,,,True,False
E2_master,smimb0.5,2,2,1500,-1.0,-1.0,1500,,,True,False
E2_master,smimb0.9,0,0,810,84.0,593.0,1500,,,False,False
E2_master,smimb0.9,1,1,680,83.0,481.0,1500,,,False,False
E2_master,smimb0.9,2,2,680,82.0,491.0,1500,,,False,False
E2_master,w100,0,0,1500,208.0,-1.0,1500,250.0,1460.0,False,True
E2_master,w100,1,1,1500,211.0,1333.0,1500,250.0,1280.0,False,False
E2_master,w100,2,2,1500,219.0,1343.0,1500,220.0,970.0,False,False
E2_master,w2000,0,0,140,16.0,105.0,1500,,,False,False
E2_master,w2000,1,1,140,16.0,102.0,1500,,,False,False
E2_master,w2000,2,2,130,17.0,98.0,1500,,,False,False
E2_master,w900,0,0,270,31.0,208.0,1500,,,False,False
E2_master,w900,1,1,260,31.0,197.0,1500,,,False,False
E2_master,w900,2,2,270,31.0,203.0,1500,40.0,200.0,False,False
E3_generality,depth6,0,0,890,83.0,844.0,2000,80.0,600.0,False,False
E3_generality,depth6,1,1,930,84.0,883.0,2000,90.0,660.0,False,False
E3_generality,depth6,2,2,790,86.0,748.0,2000,80.0,550.0,False,False
E3_generality,fashion,0,0,620,72.0,482.0,2000,80.0,390.0,False,False
E3_generality,fashion,1,1,600,71.0,476.0,2000,90.0,400.0,False,False
E3_generality,fashion,2,2,590,71.0,464.0,2000,90.0,360.0,False,False
E3_generality,fashion_softmax,0,0,2000,-1.0,-1.0,2000,,,True,False
E3_generality,fashion_softmax,1,1,2000,-1.0,-1.0,2000,,,True,False
E3_generality,fashion_softmax,2,2,2000,-1.0,-1.0,2000,,,True,False
E3_generality,mse_s1,0,0,2000,-1.0,-1.0,2000,,,True,False
E3_generality,mse_s1,1,1,2000,-1.0,-1.0,2000,,,True,False
E3_generality,mse_s1,2,2,2000,-1.0,-1.0,2000,,,True,False
E3_generality,mse_s1_ctr,0,0,2000,-1.0,-1.0,2000,,,True,False
E3_generality,mse_s1_ctr,1,1,2000,-1.0,-1.0,2000,,,True,False
E3_generality,mse_s1_ctr,2,2,2000,-1.0,-1.0,2000,,,True,False
E3_generality,mse_s5,0,0,2000,-1.0,-1.0,2000,,,True,False
E3_generality,mse_s5,1,1,2000,-1.0,-1.0,2000,,,True,False
E3_generality,mse_s5,2,2,2000,-1.0,-1.0,2000,,,True,False
E3_generality,multilabel,0,0,640,73.0,503.0,2000,80.0,470.0,False,False
E3_generality,multilabel,1,1,560,73.0,431.0,2000,80.0,450.0,False,False
E3_generality,multilabel,2,2,570,73.0,441.0,2000,70.0,370.0,False,False
E3_generality,w900_depth6,0,0,310,30.0,290.0,2000,40.0,240.0,False,False
E3_generality,w900_depth6,1,1,320,30.0,301.0,2000,40.0,230.0,False,False
E3_generality,w900_depth6,2,2,320,29.0,304.0,2000,40.0,240.0,False,False
