family,tag,seed,fb_seed,width,depth,batch,steps,maxcos,minp,mean_error_init,loss_final,acc_final,onset,exit,duration,has_plateau,exit_censored,actual_step_cos,wall
E13_adam,adam0.0001_base,0,0,300,3,128,3000,0.9967735409736632,0.2739947140216827,1.2692182064056396,0.4467511177062988,0.921875,170.0,470.0,300.0,True,False,-0.06844836845993996,16.719403982162476
E13_adam,adam0.0001_base,1,1,300,3,128,3000,0.9981259107589722,0.2124993503093719,1.3514316082000732,0.4482153356075287,0.927734375,180.0,510.0,330.0,True,False,-0.01001465097069738,27.440217971801758
E13_adam,adam0.0001_base,2,2,300,3,128,3000,0.9978204369544984,0.2124182730913162,1.247653603553772,0.4393373429775238,0.9345703125,170.0,450.0,280.0,True,False,-0.02877308987081048,17.865574836730957
E13_adam,adam0.0001_bp,0,0,300,3,128,3000,0.7926321625709534,0.8767547011375427,1.2692182064056396,0.2733435034751892,0.95654296875,,,,False,False,0.44590885043144224,15.49015998840332
E13_adam,adam0.0001_bp,1,1,300,3,128,3000,0.8003808856010437,0.8704091906547546,1.3514316082000732,0.2568162083625793,0.9677734375,,,,False,False,0.4304632067680359,15.67169451713562
E13_adam,adam0.0001_bp,2,2,300,3,128,3000,0.807217538356781,0.8612091541290283,1.247653603553772,0.2715463042259216,0.96142578125,,,,False,False,0.5054764449596405,15.614109516143799
E13_adam,adam0.0001_center_e,0,0,300,3,128,3000,0.3556482791900635,0.9340294003486632,1.2692182064056396,1.2347276210784912,0.91015625,,,,False,False,-0.01926892558112736,17.40273666381836
E13_adam,adam0.0001_center_e,1,1,300,3,128,3000,0.3896744847297668,0.9105878472328186,1.3514316082000732,1.1550943851470947,0.92431640625,,,,False,False,-0.0248693446163088,17.142380237579346
E13_adam,adam0.0001_center_e,2,2,300,3,128,3000,0.3910796046257019,0.9250579476356506,1.247653603553772,1.0527052879333496,0.9248046875,,,,False,False,-0.03554634340107436,17.006807565689087
E13_adam,adam0.0001_prior,0,0,300,3,128,3000,0.3627044260501861,0.9486518502235411,0.0415895953774452,0.3733180463314056,0.94384765625,,,,False,False,0.019893858209252317,16.651482582092285
E13_adam,adam0.0001_prior,1,1,300,3,128,3000,0.795770525932312,0.8745700120925903,0.1067334040999412,0.3624565005302429,0.9423828125,,,,False,False,0.020212133508175578,16.60752272605896
E13_adam,adam0.0001_prior,2,2,300,3,128,3000,0.3910796046257019,0.9560080170631408,0.0941637977957725,0.361242413520813,0.9453125,0.0,120.0,120.0,True,False,0.02491274196654556,16.632863759994507
E13_adam,adam0.001_base,0,0,300,3,128,3000,0.9999102354049684,0.0349814929068088,1.2692182064056396,0.1657647788524627,0.97216796875,,,,False,False,0.02951705828309058,20.571885108947754
E13_adam,adam0.001_base,1,1,300,3,128,3000,0.999936819076538,0.0561383590102195,1.3514316082000732,0.1748952865600586,0.970703125,40.0,110.0,70.0,True,False,0.01948840692639352,16.57421064376831
E13_adam,adam0.001_base,2,2,300,3,128,3000,0.9999125003814696,0.04584451764822,1.247653603553772,0.2268766164779663,0.96533203125,,,,False,False,0.05582996625453229,16.540054321289062
E13_adam,adam0.001_bp,0,0,300,3,128,3000,0.7694887518882751,0.7126004099845886,1.2692182064056396,0.1738778203725814,0.97509765625,,,,False,False,0.34448360204696654,15.690251111984253
E13_adam,adam0.001_bp,1,1,300,3,128,3000,0.7807712554931641,0.7017622590065002,1.3514316082000732,0.1466369330883026,0.9765625,,,,False,False,0.41609505414962766,15.624858379364014
E13_adam,adam0.001_bp,2,2,300,3,128,3000,0.7944133877754211,0.6938838362693787,1.247653603553772,0.2150556296110153,0.96826171875,,,,False,False,0.32384047508239744,15.626741170883179
E13_adam,adam0.001_center_e,0,0,300,3,128,3000,0.3540035486221313,0.7297045588493347,1.2692182064056396,0.2077842950820922,0.9697265625,,,,False,False,0.016725504654459662,17.20562767982483
E13_adam,adam0.001_center_e,1,1,300,3,128,3000,0.387746512889862,0.481029212474823,1.3514316082000732,0.1948094218969345,0.9716796875,,,,False,False,-0.0148535504937172,17.094879865646362
E13_adam,adam0.001_center_e,2,2,300,3,128,3000,0.3910796046257019,0.5084574222564697,1.247653603553772,0.2590694427490234,0.9609375,,,,False,False,0.00796128138899806,18.495660305023193
E13_adam,adam0.001_prior,0,0,300,3,128,3000,0.3540035486221313,0.838455319404602,0.0415895953774452,0.1805458813905716,0.97265625,,,,False,False,0.16384480521082873,16.76939845085144
E13_adam,adam0.001_prior,1,1,300,3,128,3000,0.7745793461799622,0.7788518667221069,0.1067334040999412,0.1627537012100219,0.97265625,,,,False,False,0.1975125283002853,16.500128984451294
E13_adam,adam0.001_prior,2,2,300,3,128,3000,0.4572970569133758,0.8607417345046997,0.0941637977957725,0.2273022085428238,0.96142578125,,,,False,False,0.20635523498058314,16.554147481918335
E13_adam,sgd_base,0,0,300,3,128,3000,0.9980725646018982,0.2263270020484924,1.2692182064056396,0.7642165422439575,0.8994140625,90.0,520.0,430.0,True,False,-0.0011076742783188598,15.753234624862671
E13_adam,sgd_base,1,1,300,3,128,3000,0.9989032745361328,0.1923277080059051,1.3514316082000732,0.7381333708763123,0.8994140625,100.0,590.0,490.0,True,False,-0.08570330403745172,15.761281728744507
E13_adam,sgd_base,2,2,300,3,128,3000,0.9982762932777404,0.2242631167173385,1.247653603553772,0.7375267744064331,0.90771484375,100.0,500.0,400.0,True,False,0.006440637260675457,15.82513689994812
E14_controls,row_norm,0,0,300,3,128,3000,0.9982906579971312,0.2130413651466369,1.2692182064056396,0.7531253099441528,0.900390625,170.0,500.0,330.0,True,False,-0.009749197214841817,15.846990823745728
E14_controls,row_norm,1,1,300,3,128,3000,0.9989901781082152,0.1927866339683532,1.3514316082000732,0.733951985836029,0.8955078125,90.0,590.0,500.0,True,False,-0.061186371836811304,15.792028188705444
E14_controls,row_norm,2,2,300,3,128,3000,0.9987565279006958,0.206902414560318,1.247653603553772,0.7283006310462952,0.9052734375,90.0,490.0,400.0,True,False,-0.0021432841196656212,16.226414680480957
E14_controls,sigmoid,0,0,300,3,128,3000,0.9999785423278807,0.7164273262023926,1.5128082036972046,3.242297410964966,0.09716796875,150.0,,,True,True,-0.0026311282068490816,15.862854242324829
E14_controls,sigmoid,1,1,300,3,128,3000,0.999977171421051,0.7713936567306519,1.3159387111663818,3.216644763946533,0.22412109375,140.0,,,True,True,-0.0012671204283833588,15.765710830688477
E14_controls,sigmoid,2,2,300,3,128,3000,0.9999735355377196,0.7906194925308228,1.4445133209228516,3.223994255065918,0.19580078125,140.0,,,True,True,0.00800739973783496,15.76545000076294
E14_controls,sigmoid_bp,0,0,300,3,128,3000,0.999940812587738,0.973940134048462,1.5128082036972046,3.2496490478515625,0.09716796875,150.0,,,True,True,0.9999990582466125,14.481746196746826
E14_controls,sigmoid_bp,1,1,300,3,128,3000,0.9999358057975768,0.9798250198364258,1.3159387111663818,3.2509241104125977,0.10205078125,140.0,,,True,True,0.9999993562698364,14.52738904953003
E14_controls,sigmoid_bp,2,2,300,3,128,3000,0.999936044216156,0.9785589575767516,1.4445133209228516,3.245846748352051,0.1123046875,150.0,,,True,True,0.9999992370605468,14.499954462051392
E14_controls,sigmoid_center_e,0,0,300,3,128,3000,0.9999387264251708,0.9780349731445312,1.5128082036972046,3.2171192169189453,0.19189453125,160.0,,,True,True,-0.0030083167599514204,15.742152214050293
E14_controls,sigmoid_center_e,1,1,300,3,128,3000,0.9999337196350098,0.9811136722564696,1.3159387111663818,3.174578666687012,0.23876953125,160.0,,,True,True,0.00587739865295584,15.71039080619812
E14_controls,sigmoid_center_e,2,2,300,3,128,3000,0.9999333620071412,0.9804597496986388,1.4445133209228516,3.178265333175659,0.20849609375,170.0,,,True,True,-0.0003040501847863403,15.719563722610474
E15_cifar100,sigmoid_bce,0,0,300,3,128,3000,0.9999983310699464,0.0338600352406501,4.961353302001953,5.635418891906738,0.0146484375,370.0,,,True,True,-0.15215936005115505,21.399686574935913
E15_cifar100,sigmoid_bce,1,1,300,3,128,3000,0.9999991059303284,0.0314912237226963,4.976171970367432,5.6064887046813965,0.01171875,350.0,,,True,True,0.024651730805635458,21.19606590270996
E15_cifar100,sigmoid_bce,2,2,300,3,128,3000,0.999998927116394,0.0441183112561702,4.991672992706299,5.610262393951416,0.00732421875,390.0,,,True,True,-0.22630927860736846,21.392195463180542
E15_cifar100,sigmoid_bce_bp,0,0,300,3,128,3000,0.9990348815917968,0.2866853177547455,4.961353302001953,5.594485282897949,0.0234375,380.0,,,True,True,0.9999999403953552,21.384403705596924
E15_cifar100,sigmoid_bce_bp,1,1,300,3,128,3000,0.9991253018379213,0.2840141654014587,4.976171970367432,5.596498489379883,0.01416015625,390.0,,,True,True,0.9999999761581421,18.345070123672485
E15_cifar100,sigmoid_bce_bp,2,2,300,3,128,3000,0.9990821480751038,0.2753089964389801,4.991672992706299,5.592931747436523,0.01708984375,380.0,,,True,True,0.9999999523162841,18.352213144302368
E15_cifar100,softmax_ce,0,0,300,3,128,3000,0.9927965998649596,0.5732650756835938,0.0500075593590736,4.526844024658203,0.03125,1880.0,,,True,True,-0.031372502632439125,19.48115348815918
E15_cifar100,softmax_ce,1,1,300,3,128,3000,0.9930150508880616,0.5760831236839294,0.0443463027477264,4.587759017944336,0.029296875,1920.0,,,True,True,-0.1040638580918312,19.409483194351196
E15_cifar100,softmax_ce,2,2,300,3,128,3000,0.9733027815818788,0.7472019791603088,0.043290726840496,4.511889457702637,0.0244140625,1530.0,,,True,True,0.01201363820582626,19.58510112762451
E15_cifar100,softmax_ce_bp,0,0,300,3,128,3000,0.763584315776825,0.9545573592185974,0.0500075593590736,4.309206485748291,0.07568359375,0.0,,,True,True,0.9999998569488525,18.309884548187256
E15_cifar100,softmax_ce_bp,1,1,300,3,128,3000,0.8000809550285339,0.9507254958152772,0.0443463027477264,4.328765392303467,0.0615234375,0.0,,,True,True,0.9999998211860657,18.192453861236572
E15_cifar100,softmax_ce_bp,2,2,300,3,128,3000,0.7670963406562805,0.9561203718185424,0.043290726840496,4.287887096405029,0.068359375,0.0,,,True,True,0.9999998569488525,18.29575777053833
E16_batch,cifar10_b128,0,0,300,3,128,1500,0.9788939952850342,0.6654097437858582,0.0186426639556884,2.875019073486328,0.30517578125,70.0,1050.0,980.0,True,False,-0.036574582010507575,8.320870399475098
E16_batch,cifar10_b128,1,1,300,3,128,1500,0.99628746509552,0.3130849003791809,0.0205052755773067,2.8987905979156494,0.2763671875,180.0,1360.0,1180.0,True,False,-0.051226044073700835,8.314549207687378
E16_batch,cifar10_b128,2,2,300,3,128,1500,0.9928295016288756,0.4808014035224914,0.0279880184680223,2.8680992126464844,0.27490234375,140.0,1170.0,1030.0,True,False,-0.01215262934565544,8.359127044677734
E16_batch,cifar10_b16,0,0,300,3,16,1500,0.991967797279358,0.4777787625789642,0.0186426639556884,2.9637904167175293,0.24169921875,60.0,,,True,True,0.02194223701953886,7.8547914028167725
E16_batch,cifar10_b16,1,1,300,3,16,1500,0.9992401599884032,0.3239445090293884,0.0205052755773067,2.959993362426758,0.2314453125,120.0,,,True,True,-0.08607494346797465,7.864339113235474
E16_batch,cifar10_b16,2,2,300,3,16,1500,0.994408905506134,0.4437828361988067,0.0279880184680223,2.902724266052246,0.25634765625,180.0,1340.0,1160.0,True,False,0.0258289813995361,7.856126546859741
E16_batch,cifar10_b2048,0,0,300,3,2048,1500,0.9769250750541688,0.5717942118644714,0.0186426639556884,2.894683361053467,0.29736328125,60.0,1390.0,1330.0,True,False,-0.10035505592823024,16.54170536994934
E16_batch,cifar10_b2048,1,1,300,3,2048,1500,0.9979416131973268,0.2746148407459259,0.0205052755773067,2.878913640975952,0.28466796875,180.0,1280.0,1100.0,True,False,-0.11365227326750751,16.48978304862976
E16_batch,cifar10_b2048,2,2,300,3,2048,1500,0.9926037788391112,0.5087375044822693,0.0279880184680223,2.8632736206054688,0.2939453125,160.0,1250.0,1090.0,True,False,-0.01614840887486934,16.3875732421875
E16_batch,cifar10_b32,0,0,300,3,32,1500,0.9843551516532898,0.6383086442947388,0.0186426639556884,2.897393226623535,0.2919921875,50.0,1110.0,1060.0,True,False,0.030050764267798458,7.998265027999878
E16_batch,cifar10_b32,1,1,300,3,32,1500,0.9992472529411316,0.3002387583255768,0.0205052755773067,2.926543474197388,0.24853515625,120.0,,,True,True,-0.05089793577790258,7.972661256790161
E16_batch,cifar10_b32,2,2,300,3,32,1500,0.9966107606887816,0.4051676094532013,0.0279880184680223,2.8995931148529053,0.263671875,300.0,1340.0,1040.0,True,False,-0.00422851610928774,7.976698637008667
E16_batch,cifar10_b512,0,0,300,3,512,1500,0.982745885848999,0.6481801867485046,0.0186426639556884,2.92488956451416,0.267578125,190.0,1100.0,910.0,True,False,-0.0742324903607368,9.585436820983887
E16_batch,cifar10_b512,1,1,300,3,512,1500,0.9895424842834472,0.4676153361797333,0.0205052755773067,2.9370601177215576,0.2763671875,280.0,,,True,True,-0.08826074115931987,9.54509687423706
E16_batch,cifar10_b512,2,2,300,3,512,1500,0.9832600951194764,0.5961965918540955,0.0279880184680223,2.861598014831543,0.29150390625,150.0,1220.0,1070.0,True,False,0.02649074401706452,9.58986759185791
E16_batch,mnist_b128,0,0,300,3,128,1500,0.3573804199695587,0.9409741163253784,0.0413278229534626,0.4893932342529297,0.8701171875,0.0,280.0,280.0,True,False,-0.040083376318216256,7.983240365982056
E16_batch,mnist_b128,1,1,300,3,128,1500,0.8138634562492371,0.8684104084968567,0.0921422094106674,0.4877808392047882,0.87841796875,,,,False,False,-0.01119324304163454,7.987989664077759
E16_batch,mnist_b128,2,2,300,3,128,1500,0.4728114008903503,0.9506710171699524,0.100830465555191,0.4890995025634765,0.884765625,,,,False,False,-0.013997379131615122,7.965353727340698
E16_batch,mnist_b16,0,0,300,3,16,1500,0.357798308134079,0.9362688064575196,0.0413278229534626,0.495150476694107,0.869140625,0.0,290.0,290.0,True,False,-0.015123526530805917,7.864873647689819
E16_batch,mnist_b16,1,1,300,3,16,1500,0.8066900968551636,0.8770920634269714,0.0921422094106674,0.4927490353584289,0.875,,,,False,False,0.024435507971793356,7.865726947784424
E16_batch,mnist_b16,2,2,300,3,16,1500,0.4588325321674347,0.9535287618637084,0.100830465555191,0.4894447326660156,0.8837890625,,,,False,False,0.017528591305017438,7.820786237716675
E16_batch,mnist_b2048,0,0,300,3,2048,1500,0.3546464741230011,0.940180242061615,0.0413278229534626,0.4904021322727203,0.8720703125,0.0,280.0,280.0,True,False,-0.04550182260572906,9.721801280975342
E16_batch,mnist_b2048,1,1,300,3,2048,1500,0.7993805408477783,0.8702539801597595,0.0921422094106674,0.4869665503501892,0.8759765625,,,,False,False,-0.0067460026592016,9.819928407669067
E16_batch,mnist_b2048,2,2,300,3,2048,1500,0.4516012966632843,0.9533239603042604,0.100830465555191,0.4895454347133636,0.88427734375,,,,False,False,-0.017353861778974477,9.731859922409058
E16_batch,mnist_b32,0,0,300,3,32,1500,0.3671735227108001,0.9402764439582824,0.0413278229534626,0.493648886680603,0.869140625,0.0,280.0,280.0,True,False,-0.030997366551309795,7.881564617156982
E16_batch,mnist_b32,1,1,300,3,32,1500,0.7936444282531738,0.8651981353759766,0.0921422094106674,0.4908910095691681,0.8740234375,,,,False,False,0.01342162266373632,7.862961053848267
E16_batch,mnist_b32,2,2,300,3,32,1500,0.490744799375534,0.9525513052940368,0.100830465555191,0.489351212978363,0.88330078125,,,,False,False,0.0014661884168162998,7.882369518280029
E16_batch,mnist_b512,0,0,300,3,512,1500,0.354995995759964,0.9406042098999025,0.0413278229534626,0.4904763400554657,0.87158203125,0.0,280.0,280.0,True,False,-0.039913949370384165,8.349117994308472
E16_batch,mnist_b512,1,1,300,3,512,1500,0.8067607879638672,0.8671777248382568,0.0921422094106674,0.488257348537445,0.87451171875,,,,False,False,0.004264977341517781,8.35918140411377
E16_batch,mnist_b512,2,2,300,3,512,1500,0.4578298926353454,0.9524739384651184,0.100830465555191,0.489902526140213,0.8857421875,,,,False,False,-0.00903092119842764,8.347018957138062
E17_grid,w100_d1,0,0,100,1,128,3000,0.9369792342185974,0.5683981776237488,1.308363914489746,1.6148216724395752,0.8212890625,280.0,890.0,610.0,True,False,-0.019131931662559498,5.174592733383179
E17_grid,w100_d1,1,1,100,1,128,3000,0.9442987442016602,0.4797013998031616,1.4001963138580322,1.6923900842666626,0.81396484375,,,,False,False,-0.07499682791531084,5.140249013900757
E17_grid,w100_d1,2,2,100,1,128,3000,0.9528304934501648,0.4195480942726135,1.3770225048065186,1.6289558410644531,0.80810546875,290.0,980.0,690.0,True,False,-0.050948832929134324,5.121665000915527
E17_grid,w100_d3,0,0,100,3,128,3000,0.9995160102844238,0.2048352211713791,1.3024075031280518,1.6061344146728516,0.83349609375,250.0,1460.0,1210.0,True,False,-0.22722728513181206,8.805617570877075
E17_grid,w100_d3,1,1,100,3,128,3000,0.999770998954773,0.1454847306013107,1.2406100034713743,1.7970900535583496,0.75341796875,250.0,1280.0,1030.0,True,False,-0.1092019736766815,8.788861513137817
E17_grid,w100_d3,2,2,100,3,128,3000,0.9989968538284302,0.2480090111494064,1.2441259622573853,1.5917909145355225,0.78515625,220.0,970.0,750.0,True,False,-0.025569408386945762,8.776298999786377
E17_grid,w100_d5,0,0,100,5,128,3000,0.999992609024048,0.1437319219112396,1.3240647315979004,1.786540985107422,0.7880859375,260.0,1600.0,1340.0,True,False,-0.1727023363113403,12.466365814208984
E17_grid,w100_d5,1,1,100,5,128,3000,0.999975860118866,0.2093781381845474,1.2898370027542114,1.7383064031600952,0.8232421875,180.0,1450.0,1270.0,True,False,0.12091765627264972,12.57879900932312
E17_grid,w100_d5,2,2,100,5,128,3000,0.9999977350234984,0.1435076743364334,1.257183074951172,1.899349808692932,0.75244140625,210.0,1630.0,1420.0,True,False,0.019188557192683215,12.520680904388428
E17_grid,w100_d7,0,0,100,7,128,3000,1.0,0.1815865784883499,1.25460946559906,1.8536393642425537,0.8115234375,240.0,1910.0,1670.0,True,False,-0.06106198728084565,16.18883967399597
E17_grid,w100_d7,1,1,100,7,128,3000,1.0,0.2566541135311126,1.2556811571121216,1.8198671340942385,0.8095703125,210.0,1740.0,1530.0,True,False,0.14010742194950582,16.26276206970215
E17_grid,w100_d7,2,2,100,7,128,3000,1.0,0.2233373969793319,1.2270478010177612,1.7582595348358154,0.71728515625,220.0,1610.0,1390.0,True,False,0.0025627925992011747,16.277433156967163
E17_grid,w300_d1,0,0,300,1,128,3000,0.9309180974960328,0.6110166907310486,1.2516030073165894,1.0855950117111206,0.87255859375,150.0,500.0,350.0,True,False,-0.047927178349345886,7.579629421234131
E17_grid,w300_d1,1,1,300,1,128,3000,0.9260675311088562,0.6395029425621033,1.1362234354019165,1.0882068872451782,0.87841796875,130.0,460.0,330.0,True,False,-0.04529280662536618,7.552473306655884
E17_grid,w300_d1,2,2,300,1,128,3000,0.9179614782333374,0.6621320843696594,1.2624597549438477,1.0616426467895508,0.884765625,130.0,480.0,350.0,True,False,0.01616490557789802,7.509850025177002
E17_grid,w300_d3,0,0,300,3,128,3000,0.9980725646018982,0.2263270020484924,1.2692182064056396,0.7642165422439575,0.8994140625,90.0,520.0,430.0,True,False,-0.0011076742783188598,15.766254901885986
E17_grid,w300_d3,1,1,300,3,128,3000,0.9989032745361328,0.1923277080059051,1.3514316082000732,0.7381333708763123,0.8994140625,100.0,590.0,490.0,True,False,-0.08570330403745172,15.74369740486145
E17_grid,w300_d3,2,2,300,3,128,3000,0.9982762932777404,0.2242631167173385,1.247653603553772,0.7375267744064331,0.90771484375,100.0,500.0,400.0,True,False,0.006440637260675457,15.717275381088257
E17_grid,w300_d5,0,0,300,5,128,3000,0.9999825954437256,0.1772951632738113,1.2454500198364258,0.7227246761322021,0.8984375,90.0,570.0,480.0,True,False,0.0796908132731914,24.008161783218384
E17_grid,w300_d5,1,1,300,5,128,3000,0.9999778270721436,0.1793437302112579,1.32624351978302,0.699241042137146,0.89892578125,80.0,620.0,540.0,True,False,0.06370969116687772,23.981574535369873
E17_grid,w300_d5,2,2,300,5,128,3000,0.9999552965164183,0.1934569478034973,1.2343569993972778,0.6901964545249939,0.904296875,80.0,570.0,490.0,True,False,-0.02670947201550008,23.85032343864441
E17_grid,w300_d7,0,0,300,7,128,3000,0.9999996423721312,0.1826614737510681,1.2269891500473022,0.7250329256057739,0.900390625,80.0,720.0,640.0,True,False,0.05137067567557095,32.4818000793457
E17_grid,w300_d7,1,1,300,7,128,3000,0.9999996423721312,0.1702750474214553,1.2596298456192017,0.6940560340881348,0.90283203125,80.0,650.0,570.0,True,False,-0.04038950353860854,32.4642288684845
E17_grid,w300_d7,2,2,300,7,128,3000,0.9999997615814208,0.1603182107210159,1.2812224626541138,0.7264960408210754,0.900390625,90.0,690.0,600.0,True,False,0.07655821070075033,32.47019410133362
E17_grid,w600_d1,0,0,600,1,128,3000,0.914444088935852,0.7098994255065918,1.2462395429611206,0.9108201265335084,0.88427734375,,,,False,False,0.0203852009028196,12.40447735786438
E17_grid,w600_d1,1,1,600,1,128,3000,0.9124810099601746,0.7208890914916992,1.3198175430297852,0.8738683462142944,0.89453125,100.0,300.0,200.0,True,False,0.028614269383251623,12.38981580734253
E17_grid,w600_d1,2,2,600,1,128,3000,0.905470073223114,0.7245738506317139,1.3870424032211304,0.8842595815658569,0.88720703125,,,,False,False,-0.0017014432698488208,12.386537790298462
E17_grid,w600_d3,0,0,600,3,128,3000,0.9937426447868348,0.3508262634277344,1.3476018905639648,0.5774325132369995,0.9111328125,50.0,260.0,210.0,True,False,-0.0438317080959677,30.66062355041504
E17_grid,w600_d3,1,1,600,3,128,3000,0.9985761046409608,0.1977004706859588,1.3389663696289062,0.5703755617141724,0.91162109375,60.0,280.0,220.0,True,False,0.03468516524881122,30.539884328842163
E17_grid,w600_d3,2,2,600,3,128,3000,0.9976490139961244,0.2292285561561584,1.2693383693695068,0.5681832432746887,0.90869140625,60.0,280.0,220.0,True,False,0.0126767721027136,30.532712936401367
E17_grid,w600_d5,0,0,600,5,128,3000,0.9999917149543762,0.1230549290776252,1.222921371459961,0.5391514301300049,0.9111328125,60.0,370.0,310.0,True,False,-0.001277669332921461,49.061814308166504
E17_grid,w600_d5,1,1,600,5,128,3000,0.9999489784240724,0.1845268756151199,1.2486557960510254,0.5091618895530701,0.9140625,50.0,350.0,300.0,True,False,0.016142039746046062,48.97838807106018
E17_grid,w600_d5,2,2,600,5,128,3000,0.9999651908874512,0.1782597154378891,1.3064287900924685,0.5150499939918518,0.9130859375,50.0,290.0,240.0,True,False,0.08289258927106855,48.82596397399902
E17_grid,w600_d7,0,0,600,7,128,3000,0.9999998807907104,0.1558477133512497,1.2874579429626465,0.5343614816665649,0.9150390625,50.0,390.0,340.0,True,False,0.10575775131583212,67.76344466209412
E17_grid,w600_d7,1,1,600,7,128,3000,0.9999995231628418,0.197245255112648,1.2473671436309814,0.5223706960678101,0.91748046875,50.0,370.0,320.0,True,False,0.044359813816845416,67.54796981811523
E17_grid,w600_d7,2,2,600,7,128,3000,0.9999997615814208,0.1552605926990509,1.2177482843399048,0.5313064455986023,0.91259765625,50.0,340.0,290.0,True,False,0.022549118287861318,67.43417739868164
E17_grid,w900_d1,0,0,900,1,128,3000,0.904188632965088,0.7658782005310059,1.3443620204925537,0.8376144170761108,0.888671875,130.0,310.0,180.0,True,False,-0.00819403920322656,20.38819408416748
E17_grid,w900_d1,1,1,900,1,128,3000,0.908383846282959,0.7654460668563843,1.307788610458374,0.8157814741134644,0.890625,90.0,280.0,190.0,True,False,0.007228829246014359,20.384323358535767
E17_grid,w900_d1,2,2,900,1,128,3000,0.9139472246170044,0.7456956505775452,1.1598069667816162,0.8162490129470825,0.89404296875,90.0,280.0,190.0,True,False,0.0115168252959847,20.348011016845703
E17_grid,w900_d3,0,0,900,3,128,3000,0.9963070154190063,0.2868401408195495,1.3030184507369995,0.5177079439163208,0.91748046875,,,,False,False,0.01444083657115692,54.84196758270264
E17_grid,w900_d3,1,1,900,3,128,3000,0.9977247714996338,0.2202210128307342,1.2544859647750854,0.5005998015403748,0.92041015625,,,,False,False,-0.02383287027478214,54.9144241809845
E17_grid,w900_d3,2,2,900,3,128,3000,0.9981799721717834,0.2064004838466644,1.29091215133667,0.5078794360160828,0.91650390625,40.0,200.0,160.0,True,False,-0.005369339510798462,54.97333765029907
E17_grid,w900_d5,0,0,900,5,128,3000,0.9999753832817078,0.1401102244853973,1.2783125638961792,0.4573792219161987,0.92236328125,40.0,250.0,210.0,True,False,0.0301488183438778,91.06987690925598
E17_grid,w900_d5,1,1,900,5,128,3000,0.9999759197235109,0.161528542637825,1.2643184661865234,0.4652107357978821,0.921875,40.0,220.0,180.0,True,False,-0.010343714058399178,90.9159927368164
E17_grid,w900_d5,2,2,900,5,128,3000,0.9999273419380188,0.2019218057394027,1.2354024648666382,0.4475026130676269,0.92333984375,50.0,210.0,160.0,True,False,-0.01150744054466484,90.10158205032349
E17_grid,w900_d7,0,0,900,7,128,3000,0.9999997615814208,0.1460058838129043,1.2959201335906982,0.4657782614231109,0.921875,50.0,260.0,210.0,True,False,-0.02236805446445942,127.11114597320557
E17_grid,w900_d7,1,1,900,7,128,3000,0.9999998807907104,0.1498949080705642,1.2877814769744873,0.4548365473747253,0.92529296875,40.0,260.0,220.0,True,False,0.08840644024312497,127.06110787391663
E17_grid,w900_d7,2,2,900,7,128,3000,0.9999997615814208,0.1580197811126709,1.3191487789154053,0.4630647897720337,0.92529296875,40.0,250.0,210.0,True,False,-0.02403659969568246,126.93698954582214
