dataset,seed,batch,replicates,centered_rms,predicted_centered_rms,raw_rms,predicted_raw_rms,population_mean_norm
mnist,0,16,512,0.23110314132416593,0.23784756046170186,0.23294639531372596,0.2395083097420598,0.0281561435199413
mnist,0,32,512,0.1674042459750898,0.16818362289114674,0.16958908910613074,0.1705241901511542,0.0281561435199413
mnist,0,128,512,0.08433364349121959,0.08409181144557337,0.0890324218980247,0.08868033135996617,0.0281561435199413
mnist,0,512,512,0.042554318805892305,0.042045905722786686,0.051159171432369685,0.05060263437771791,0.0281561435199413
mnist,0,2048,512,0.021186708411172695,0.021022952861393343,0.035216628291829075,0.0351387672653424,0.0281561435199413
mnist,1,16,512,0.24226477860465562,0.24047408395932257,0.25622648956710486,0.2556197577308277,0.08668145987632955
mnist,1,32,512,0.1670750563887782,0.17004085546726017,0.18851700148894301,0.19086007443760833,0.08668145987632955
mnist,1,128,512,0.08430188688892448,0.08502042773363008,0.12059178906271158,0.12141725008540238,0.08668145987632955
mnist,1,512,512,0.04288519893385745,0.04251021386681504,0.09714372912718694,0.09654425808557486,0.08668145987632955
mnist,1,2048,512,0.02144814404910606,0.02125510693340752,0.08910451410831145,0.0892493980766387,0.08668145987632955
mnist,2,16,512,0.23729290459720512,0.23907844833829697,0.2589188545713371,0.2594618789419282,0.10080655814096647
mnist,2,32,512,0.1707088491201199,0.16905399205556745,0.1991724469765541,0.1968278801241123,0.10080655814096647
mnist,2,128,512,0.08440876519869552,0.08452699602778373,0.13107818621780024,0.1315552173868791,0.10080655814096647
mnist,2,512,512,0.041752244914841835,0.04226349801389186,0.10889399954828938,0.10930766408902119,0.10080655814096647
mnist,2,2048,512,0.021253999850030975,0.02113174900694593,0.1025781801454114,0.10299763579966587,0.10080655814096647
cifar10,0,16,512,0.240080795762614,0.2373266717584865,0.24016909163794403,0.2374137464822687,0.006429454936972824
cifar10,0,32,512,0.16765058144137213,0.1678152989568597,0.16773632437437108,0.16793841863840078,0.006429454936972824
cifar10,0,128,512,0.08432964565905056,0.08390764947842985,0.08463631143137855,0.08415361864935823,0.006429454936972824
cifar10,0,512,512,0.04171658254961406,0.041953824739214926,0.04220766295105389,0.042443624975198886,0.006429454936972824
cifar10,0,2048,512,0.020906927732474902,0.020976912369607463,0.021915445160092407,0.021940117213651224,0.006429454936972824
cifar10,1,16,512,0.23480002816008172,0.23733268733037546,0.2348281651765763,0.23738535593434387,0.005000273654248412
cifar10,1,32,512,0.16837793010862573,0.1678195526085351,0.1684181265064156,0.1678940290014694,0.005000273654248412
cifar10,1,128,512,0.08424082360774351,0.08390977630426755,0.08436199897026496,0.08405863011047462,0.005000273654248412
cifar10,1,512,512,0.04184864005851172,0.041954888152133774,0.04214248051109588,0.04225180915032427,0.005000273654248412
cifar10,1,2048,512,0.02089342355501052,0.020977444076066887,0.021536252613164025,0.021565154684858732,0.005000273654248412
cifar10,2,16,512,0.23968640853323075,0.23790944121302007,0.2397568657291243,0.23798265964046456,0.005902886688539478
cifar10,2,32,512,0.16548744783657224,0.16822737919002878,0.1656395162162795,0.1683309097593293,0.005902886688539478
cifar10,2,128,512,0.08385924870428262,0.08411368959501439,0.08410207766415011,0.08432056005829283,0.005902886688539478
cifar10,2,512,512,0.04235745911462183,0.042056844797507195,0.04271351831879999,0.042469074225597904,0.005902886688539478
cifar10,2,2048,512,0.021102831478214398,0.021028422398753598,0.021936433234381533,0.02184121379040411,0.005902886688539478
