,,,actual_norm,actual_norm,reconstruction_error,reconstruction_error,mean_error_norm,mean_error_norm,residual_teacher_norm,residual_teacher_norm,leading_teacher_norm,leading_teacher_norm,leading_norm,leading_norm,leading_projection,leading_projection,residual_norm,residual_norm,residual_projection,residual_projection,covariance_norm,covariance_norm,covariance_projection,covariance_projection,upstream_norm,upstream_norm,upstream_projection,upstream_projection,finite_cross_norm,finite_cross_norm,finite_cross_projection,finite_cross_projection,seed,seed,residual_ratio,residual_ratio,covariance_ratio,covariance_ratio,upstream_ratio,upstream_ratio,finite_cross_ratio,finite_cross_ratio
,,,mean,std,mean,std,mean,std,mean,std,mean,std,mean,std,mean,std,mean,std,mean,std,mean,std,mean,std,mean,std,mean,std,mean,std,mean,std,mean,std,mean,std,mean,std,mean,std,mean,std
config,step,layer,,,,,,,,,,,,,,,,,,,,,,,,,,,,,,,,,,,,,,,,
base,0,1,0.7077300548553467,0.0467780791996106,2.9650565617581986e-07,1.3496787844531004e-08,1.2894344727198284,0.05476304985897501,0.29227439562479657,0.023105589574981957,19.967905680338543,0.8454386396740953,0.7113706270853678,0.04366807816948532,0.7109127839406332,0.04366139718012323,0.010406357857088199,0.0008455376176869159,-0.0005891942322098536,0.0004459050541797276,0.025934272135297434,0.001304987186257333,-0.0025935562928983,0.003196716317834364,0.0,0.0,0.0,0.0,0.0,0.0,0.0,0.0,1.0,1.0,0.014671710879110086,0.001562865916119106,0.03651599607615038,0.0021433792585385495,0.0,0.0,0.0,0.0
base,0,2,0.7072259187698364,0.05454249520413384,3.461918538505415e-07,2.363548531091859e-08,1.2894344727198284,0.05476304985897501,0.2701533337434132,0.017533275877059114,20.2134952545166,2.24860565072405,0.30369203289349866,0.03986858065364618,0.13243267188469565,0.03214140510115217,0.004052271678422867,0.000292904293862953,6.697725014719614e-05,0.00013059173340774797,0.009233342794080534,0.0014045245281960378,-0.0006695795552028334,0.00032600895943712537,0.6373193065325419,0.04521892143773016,0.5760191679000854,0.05231487977334787,0.0025862694019451334,0.002618935643902646,-0.0006233590150562333,0.0017790411611304368,1.0,1.0,0.013417261856611032,0.0008518923199416055,0.030739504990614314,0.005687737401183157,2.1248380220873124,0.3398122624408979,0.008115547255348658,0.007431518037261846
base,0,3,0.6715306838353475,0.06435964410663195,3.076516084850785e-07,4.000694070814315e-09,1.2894344727198284,0.05476304985897501,0.20667708416779831,0.022364974449075363,20.405325571695965,0.9771055478687722,0.24505987763404846,0.014284098584355281,0.10093613713979717,0.016749889531391636,0.0024951365776359666,0.0004089442367156325,-1.0342422077277462e-05,0.00011690658995651738,0.007104243462284367,0.000625117872794749,-0.0003237214502102,0.00020404444394280058,0.6131179928779602,0.047726191274260255,0.571119467417399,0.050400051590733234,0.0025124057622936333,0.0016456113072732355,-0.0001908854586266223,0.0014479877374085413,1.0,1.0,0.010149041330518202,0.001254073502101619,0.029128323003440298,0.003885825444082014,2.502525693503392,0.14302499785190836,0.010218171362885666,0.006569875236459058
base,10,1,0.5358834664026896,0.0517492354760842,5.449331486791683e-07,4.5753550840200564e-08,1.246183713277181,0.14956209358295947,0.40146932005882263,0.038767829445576156,15.507590293884277,1.188786815543283,0.5526572267214457,0.052560059689760026,0.5519898533821106,0.05246395374741296,0.014301323021451567,0.0015210938983580182,-0.0018659180495887665,0.0010110239561435892,0.03134553258617713,0.0025834272310087296,-0.014240548014640766,0.0027414899635330265,0.0,0.0,0.0,0.0,0.0,0.0,0.0,0.0,1.0,1.0,0.02588574800243047,0.0015049448539629074,0.05679287935015002,0.0024733902836766722,0.0,0.0,0.0,0.0
base,10,2,0.8322598934173584,0.153893929185209,6.567756258846202e-07,5.821752794468904e-08,1.246183713277181,0.14956209358295947,0.34800946712493896,0.028684059987246824,16.554190317789715,2.513708856274041,0.640592098236084,0.11601312020018159,0.5591172873973846,0.11668053136042152,0.013465645723044832,0.0016576320081058743,-0.00018977160410333337,0.001436967370027399,0.0243076464782158,0.0010843408766925146,-0.009448475980510266,0.004167632189317239,0.41509796182314557,0.04470755346150215,0.2586280653874079,0.03364545938067281,0.027731206888953797,0.007911109859297185,0.024152737731734864,0.0075667987901063645,1.0,1.0,0.021294020045621243,0.003288224024733995,0.03853073905681834,0.004863360292810002,0.6533669322560617,0.04478776627030402,0.04278048128453776,0.0043248466870040555
base,10,3,1.0623863538106282,0.2315678877384106,6.442225336892685e-07,4.991685088203489e-08,1.246183713277181,0.14956209358295947,0.3043649593989054,0.026964018673195186,16.531545639038086,1.0453055358155443,0.6957594752311707,0.1477140707346992,0.5659414927164713,0.13077963331924955,0.0128423105925321,0.003028927415097298,-0.0012050087195044667,0.0011326883968934194,0.019245551278193766,0.0022697461968751173,-0.005431312369182633,0.0018540218807565714,0.6347456971804301,0.1190296197337981,0.4667762319246928,0.09147892218935806,0.04472862556576727,0.015264969520456204,0.03630487682918703,0.013104188471501245,1.0,1.0,0.018393737773034918,0.0006078823482853035,0.02815744045537376,0.004198374876633167,0.9161769341560513,0.041537480394413295,0.06320690047914594,0.007970559889542338
base,25,1,0.2612120906511943,0.011101977684346384,8.774777218908033e-07,2.9252354253827584e-08,0.9185335437456766,0.06882412735324836,0.5226897199948629,0.02118859812114168,7.905052820841472,0.48581716369876016,0.2813243170579274,0.014313462417589901,0.2802340586980184,0.014387102872309149,0.018608208124836233,0.0007445640516012098,-0.005098109288761967,0.00042773063942132706,0.028315130621194767,0.002244261701350911,-0.013923898028830635,0.004231093576455231,0.0,0.0,0.0,0.0,0.0,0.0,0.0,0.0,1.0,1.0,0.06618358377716665,0.0017749503360973008,0.10054988838125067,0.0029357719168334336,0.0,0.0,0.0,0.0
base,25,2,0.5894367297490438,0.03333708747403266,1.244651002707542e-06,7.53830423148153e-08,0.9185335437456766,0.06882412735324836,0.40249234437942505,0.05396165484646266,6.117127736409505,0.21984194522329303,0.4991213877995809,0.03061012304750343,0.47910353541374207,0.03102402670783065,0.03271547953287757,0.0031979837405056496,-0.0025863811994592,0.002928128622953154,0.033957949529091466,0.002426335748553976,-0.014073287447293534,0.005516908638024643,0.18766746918360389,0.01511909478032105,0.12143788735071813,0.017163313747932264,0.0058135093810657,0.0005494960658840023,0.005555027164518801,0.0005136351691359148,1.0,1.0,0.06594180710405373,0.009950237487373672,0.06816103616563216,0.005662958538810795,0.37676350619790927,0.03542850561993657,0.011661880437468485,0.0011155326151950553
base,25,3,0.7588615020116171,0.06811365058041205,1.611919325720616e-06,9.711506696698158e-08,0.9185335437456766,0.06882412735324836,0.22435941795508066,0.0300118549320865,4.793333053588867,0.5062492054519508,0.6208692789077759,0.010814729529354203,0.5522005756696066,0.014497593483733244,0.029100023210048634,0.0029046706176706033,-0.0022320559558769,0.004875778170394963,0.022946517293651866,0.0035755361310566853,-0.004939252821107667,0.002326699380881001,0.3549749751885732,0.025960259268029345,0.20478967328866318,0.051831389907819096,0.010178081691265066,0.0017520590586980582,0.009042654652148433,0.001686424396402077,1.0,1.0,0.0469322136173848,0.005474024419254652,0.03695521521403397,0.005658192057615429,0.5713973088498298,0.032444432521308283,0.016378231021548322,0.0026446760210627972
base,50,1,0.08920014649629586,0.01209584230785619,1.0396848135011776e-06,7.454694402694548e-08,0.38064177831013996,0.052470768421594094,0.6172965963681539,0.0431363843670341,2.773993651072184,0.3947093557169057,0.09862350920836127,0.01239028515070786,0.0954896087447802,0.012493307977190584,0.021971464157104433,0.001416736601998043,-0.0066208488618333325,0.0013364520642385796,0.02016703039407723,0.0011570688270542563,0.0003313192670854334,0.0016284125671473977,0.0,0.0,0.0,0.0,0.0,0.0,0.0,0.0,1.0,1.0,0.22411392753211246,0.017748032445039346,0.20588287781327239,0.018207570100997748,0.0,0.0,0.0,0.0
base,50,2,0.1867453108231226,0.02558889724000526,1.6468848116346635e-06,1.52491632772395e-07,0.38064177831013996,0.052470768421594094,0.3642200231552124,0.0309168860045501,1.5884239673614502,0.13473731510927758,0.17285356918970737,0.01597364594573209,0.16211989521980283,0.014516291746552655,0.03958049044013017,0.0027408016017394896,-0.005785794463008567,0.0016247335946622554,0.025633001079161933,0.0018284991898195198,-0.0003012923601393667,0.0024086929225885997,0.06032272304097807,0.013622333453605383,0.030338672921061464,0.010416856698118784,0.0003955405748759333,8.389770367200772e-05,0.0003737242465527667,7.629345414244497e-05,1.0,1.0,0.22985974836822312,0.020393772963530923,0.14865526771698392,0.009122918795640356,0.34627441695629074,0.046521739734319875,0.0022733272064802694,0.0002801949455083769
base,50,3,0.2405346979697545,0.0425865464226857,1.97439893175518e-06,2.365863247154376e-07,0.38064177831013996,0.052470768421594094,0.13565221428871155,0.009975875906116276,1.2081586917241414,0.16569859264641504,0.22594683369000748,0.037731125806813245,0.20440440376599625,0.0366580667315505,0.025264276812473868,0.0014620369397722183,-0.0031806614764112,0.003158821805694748,0.014715685198704332,0.0032367848696730262,0.0020380914599323666,0.002052445125691521,0.10060949623584743,0.015382079126847973,0.03678772101799643,0.004228927564028347,0.0005367973159687667,0.00011972922260401326,0.0004851639969274,0.00010250821063422984,1.0,1.0,0.11457169689119957,0.02527575651783626,0.06724384110123857,0.02242652041539468,0.44824689691895475,0.04919304582916329,0.002394157206863091,0.0004567133275120336
base,100,1,0.02945031784474843,0.004617782550722432,1.0602685733829276e-06,3.321734574261499e-08,0.10213293880224224,0.007253929689278077,0.7967243393262228,0.062197884838785855,0.7997065583864847,0.05654229516498713,0.028498999153574234,0.0025571473897043964,0.016462132334709133,0.004876938111097574,0.028356151034434566,0.0020407579029443476,0.0072767389938235005,0.0049025276636199865,0.018308404212196636,0.0007825572954414377,0.005711461184546267,0.004311082625173946,0.0,0.0,0.0,0.0,0.0,0.0,0.0,0.0,1.0,1.0,0.9990188636796681,0.09964426757707737,0.6452728677427869,0.055541744357954,0.0,0.0,0.0,0.0
base,100,2,0.061186255266269,0.006749070389914428,1.953196374415711e-06,1.9408427801245568e-07,0.10213293880224224,0.007253929689278077,0.38801982005437213,0.01014432669475827,0.47071101268132526,0.045234522719055696,0.055313094208637836,0.006385980685628044,0.037913933396339396,0.005640138802733648,0.0455271961788336,6.76277005685438e-05,0.011773339783151869,0.00470489103773942,0.02476775770386053,0.00031272124387166783,0.0045715462571631,0.005972860788095879,0.0233096281687418,0.003566861364758024,0.006926727791627199,0.0017445320299265855,1.0857727526551267e-05,1.6681218154842716e-06,6.914366016038306e-07,5.482838660592048e-06,1.0,1.0,0.8300769020272397,0.09088833189776739,0.4517602744558256,0.05202756373509779,0.42095148802719945,0.03641534178314189,0.000197722386602058,3.713898615973829e-05
base,100,3,0.0836598599950472,0.018683315329034816,2.2350355190307405e-06,3.319604138021355e-07,0.10213293880224224,0.007253929689278077,0.1324296543995539,0.010853385110446792,0.3682611385981242,0.08000188063046516,0.07401427626609797,0.01921987819032641,0.058224453280369404,0.019657668871260057,0.026414289449651965,0.0011878207127965646,0.0028379190577348667,0.0021822244274622192,0.012405520925919166,0.0027342925516763523,0.0043945773116622995,0.0029192930960187705,0.04409784575303394,0.004237758996230155,0.018203644702831867,0.0011733300465203505,1.0185303684314325e-05,5.074463171913484e-06,-7.052789404345582e-07,3.4901531699280693e-06,1.0,1.0,0.3723622042523693,0.09082569207741084,0.17893303346371656,0.07028851600680444,0.6113019811754045,0.0906862343965869,0.0001326699358128474,3.345818436723992e-05
base,120,1,0.026866057887673298,0.003166907975766915,1.0665981259686912e-06,3.369426671581106e-08,0.06969128549098967,0.003713736804672346,0.8535276254018148,0.058612690349548725,0.5758726994196574,0.06522036930487629,0.020537262782454435,0.002748414427375915,0.0067631532050047675,0.005420685750231086,0.030379321426153138,0.0019106014376825266,0.015215709805488566,0.007071802141969277,0.01832356117665763,0.0008971152802102142,0.0048872142700323,0.0043925752469411794,0.0,0.0,0.0,0.0,0.0,0.0,0.0,0.0,1.0,1.0,1.4974650337477897,0.23172965026279088,0.903120796248729,0.13339305586858652,0.0,0.0,0.0,0.0
base,120,2,0.053465036054452235,0.00612957689689528,1.8369209631903989e-06,8.304337583386754e-08,0.06969128549098967,0.003713736804672346,0.41884227593739826,0.009682571492069286,0.34160333871841425,0.06447884809289928,0.039734135071436534,0.007886510848875976,0.0184930696462591,0.007033515584555878,0.048663285871346766,0.0006906390139319791,0.0237683597952127,0.00801274103917739,0.0253905206918716,0.00016466567430052499,0.0029498306103050327,0.008111383342608582,0.022956640149156198,0.0015778740026775571,0.0082651715104778,0.000781066320211995,1.728804575880834e-05,3.849418374840292e-06,-1.1383819431406058e-05,4.737699205808923e-06,1.0,1.0,1.2562838627871955,0.23983720367970893,0.6563537533481522,0.13220799440147393,0.5882538330300311,0.07989915492923952,0.00044384235217983094,0.00011720040300374248
base,120,3,0.06909423818190889,0.019563203478828235,2.3142931695474545e-06,1.3284046905485605e-07,0.06969128549098967,0.003713736804672346,0.1454110493262609,0.010545521219842315,0.2933642963568369,0.08393639053926254,0.05856360619266823,0.019005504791927964,0.04236370076735806,0.019810629743227837,0.02879810271163777,0.0011101568086228173,0.005752076084415067,0.004317559581287993,0.012644122044245332,0.002686213248905331,0.004383073018592133,0.004111922460366443,0.03755718469619743,0.007911523528836763,0.016609474085271334,0.00462625238013837,1.908744889078662e-05,4.096635542739739e-06,-1.4126539402544344e-05,3.4257244966885103e-06,1.0,1.0,0.5235002695043104,0.14684019123124983,0.23429160824143555,0.09154536895947449,0.6627594769910186,0.145960776135536,0.00033562472602070517,6.690944910919877e-05
base,200,1,0.0306878474851449,0.0003658266274839491,1.0104505652937708e-06,6.307008614739783e-08,0.04465998088320094,0.019592797177888366,0.9912560780843099,0.0019215896218866056,0.43863632281621295,0.16725015881760602,0.015693837466339233,0.006184934682545191,0.003357870737090667,0.002468348325263598,0.03529640659689897,0.0008118182580681948,0.024663458888729367,0.00535127347410533,0.018293011933565136,0.0009206528902031991,0.0026665329836153668,0.002564751366448294,0.0,0.0,0.0,0.0,0.0,0.0,0.0,0.0,1.0,1.0,2.5783377397400993,1.253274620905043,1.3586960451017334,0.7355342065819401,0.0,0.0,0.0,0.0
base,200,2,0.06796604643265401,0.0024151274190425706,1.7398726489166922e-06,1.99173426114872e-07,0.04465998088320094,0.019592797177888366,0.5795968969662985,0.05229734961602864,0.3557431797186534,0.13066365892714404,0.0373539564510186,0.014328735997966342,0.012279193149879533,0.008575506156313717,0.06050053859750426,0.004698139111352033,0.0368419295797745,0.009558006424832422,0.027862371255954064,0.001482881179347796,0.002552720252424467,0.007169180965246928,0.030898039539655003,0.0035561098081308483,0.016326723309854633,0.005768678124248375,4.392541814013384e-05,7.2438520218784466e-06,-3.445177632481015e-05,8.052515763682068e-06,1.0,1.0,1.8301196086296831,0.8233388062750543,0.8389702795057122,0.36411189264598237,0.9692874982148472,0.5557735096594508,0.0014100193456063742,0.000925498534494899
base,200,3,0.07978435605764383,0.00827717490671698,2.2248718778428156e-06,8.233887441354536e-08,0.04465998088320094,0.019592797177888366,0.2747525870800018,0.03187403477490828,0.27239449818929035,0.1230577343837641,0.049180483445525135,0.024130176175680952,0.023292077569446134,0.02488332810680763,0.04882983118295667,0.0030317570098620595,0.018976216204464397,0.014123158925845156,0.015102185619374065,0.002603953902422338,0.0026898892441143667,0.0037969943672779977,0.0532044743498166,0.005547825996637734,0.0348576468725999,0.005956728079896697,5.515247660999497e-05,3.9773604095419055e-06,-3.148295885087767e-05,4.07657972002271e-06,1.0,1.0,1.2348491988448518,0.7527031959438336,0.3684295600665979,0.1875722842462557,1.3398830558767036,0.7952769862586068,0.0013928884808625842,0.000842111113012075
base,300,1,0.032410278295477206,0.006388173533363089,9.324552744753115e-07,5.061438236526987e-08,0.06406680929164087,0.041500714346687416,0.99526975552241,0.07397729275944362,0.6454692880312601,0.3760296250528595,0.023161515283087866,0.013894774506079115,0.009102606864568432,0.01228508803131128,0.035475394378105735,0.0033718271938504244,0.024182530430456,0.007732694980090115,0.0180495406190554,0.0004390276513721598,-0.0008748386947748667,0.0026208617283586567,0.0,0.0,0.0,0.0,0.0,0.0,0.0,0.0,1.0,1.0,1.8876586266611828,0.9281363638728272,0.9929403711362571,0.5724726791474238,0.0,0.0,0.0,0.0
base,300,2,0.0677974758048852,0.007274116764085451,1.4536296172688405e-06,1.8255763522563702e-07,0.06406680929164087,0.041500714346687416,0.6967262427012125,0.04020002980305199,0.5534503956635792,0.3312933848097381,0.04879596953590706,0.03154362518422203,0.020515637142428465,0.025314031133535815,0.0603911069532235,0.006464629556550177,0.030454258279254003,0.02152214195420604,0.02629952318966383,0.0021312282393510444,-0.0014844721493621664,0.0058405509408412295,0.0329012759029865,0.0015875953194944433,0.01834128393481173,0.002383590002525461,5.133498658930572e-05,4.3871096728784336e-06,-2.9333985366974957e-05,9.863127297120021e-06,1.0,1.0,1.565642781835189,0.8156258696741465,0.6944655985712854,0.36852454595366463,0.8718492636594855,0.4897678729005523,0.0013823148024502774,0.0007833700514409392
base,300,3,0.10832643012205755,0.024169971875958682,1.801065044067703e-06,3.4144124929222006e-07,0.06406680929164087,0.041500714346687416,0.5541907151540121,0.039603294667900406,0.49069009721279144,0.30027947305042857,0.0728121660649776,0.053584221567738566,0.038648440696609464,0.051856683456337566,0.07829354455073673,0.009538361269089746,0.03553934395313257,0.023689267579143594,0.020116130510965967,0.004528441512337664,-0.0014445246973384996,0.005841421273279011,0.05727530022462204,0.006263076394375261,0.03562179269889987,0.00961741402455848,0.00010482134045253334,1.445833889185008e-06,-3.8643371832828656e-05,2.9242478233215265e-05,1.0,1.0,1.4807762732289007,0.8921702341837678,0.3717212840867841,0.19460733221325147,1.1894053973608445,0.8821131589460308,0.002093387576495626,0.0014637891732894514
base,500,1,0.019674699132641135,0.0015049499577858454,8.651482138096375e-07,1.2725032377557872e-07,0.09523442635933556,0.004766204767646303,0.8871073524157206,0.06564773881152028,0.9003656903902689,0.08732536179955566,0.0320595844338337,0.003193896898776042,0.007723787954697967,0.004997802357686474,0.0316189130147298,0.002967340622172958,0.011492489837110034,0.002884359903035734,0.0136501447608073,0.0013930324595961363,0.00045844534179193333,0.001485027227447996,0.0,0.0,0.0,0.0,0.0,0.0,0.0,0.0,1.0,1.0,0.9901103545229354,0.10653199959318244,0.42576791244780726,0.010256060261417047,0.0,0.0,0.0,0.0
base,500,2,0.044278999169667495,0.0021695588655590748,1.2662727234176903e-06,8.314802400198382e-08,0.09523442635933556,0.004766204767646303,0.7718896269798279,0.02853540421442774,0.7184538841247559,0.038689620657651226,0.05014539013306296,0.002398637758165547,0.009292392603432101,0.008783476654233315,0.05396459375818563,0.003998234939304186,0.023928244287768966,0.00645202738609228,0.015136638656258533,0.0014297762474203535,0.0021203721795851668,0.0005467981680608072,0.018015682076414366,0.0018402055572012302,0.008930807622770433,0.0006857785951135403,3.102709767214643e-05,4.535571821859534e-06,7.120614706461008e-06,1.0297254529509743e-05,1.0,1.0,1.0769183796756654,0.08020817484701336,0.30150075549953365,0.017130192815726874,0.3601995627228054,0.04628092444478497,0.0006186828442779519,8.732648017417627e-05
base,500,3,0.061385215570529235,0.010884779396820475,1.4599488243523713e-06,2.1908368496936912e-07,0.09523442635933556,0.004766204767646303,0.7259007096290588,0.11676303481729602,0.6160316467285156,0.05468513326625394,0.0618596660594145,0.008328459743146636,0.0031609101606591135,0.0075004436124884305,0.0727383221189181,0.01191202185096904,0.035122190291682835,0.013992552055350112,0.013816945565243535,0.0013489381589862628,0.0019233838344613,0.000432169630687924,0.037577098856369597,0.006359918513689999,0.02116107412924363,0.006308306158339862,6.766087487145948e-05,2.7535699423086434e-05,1.7722119688793708e-05,2.4874376311062287e-05,1.0,1.0,1.1737698007813508,0.08551476693017816,0.2280100713917463,0.05182908519862437,0.6167529617370336,0.13780535333743382,0.0011232295515229982,0.0004938207983637081
base,1000,1,0.009281934859851933,0.0001657516489489732,9.122088044932752e-07,1.275549253152798e-07,0.07033885022004444,0.006721999488351913,0.5180761913458506,0.034463566432467195,0.574852724870046,0.03711492855602554,0.0204562675207853,0.0010709934548044666,0.008658500233044167,0.002457300598441204,0.018450368195772133,0.0013700233091770342,0.0021231942713105002,0.001970575387212936,0.008846341632306532,0.00044077654440939916,-0.0014997657078007667,0.0034563987093416204,0.0,0.0,0.0,0.0,0.0,0.0,0.0,0.0,1.0,1.0,0.9021040754081128,0.0517127681124282,0.43334940080222467,0.03279824356447497,0.0,0.0,0.0,0.0
base,1000,2,0.020452005788683832,0.0013665376893723185,1.3288056000722766e-06,4.6000253713469834e-08,0.07033885022004444,0.006721999488351913,0.41386861602465314,0.03737649441090425,0.4327303469181061,0.043780204770766634,0.027405575538674967,0.002937851819262693,0.009601409857471732,0.0015436340237797478,0.0262547936290502,0.0030972951405875268,0.0063380451562503335,0.003715748482678604,0.0087152975611388,0.000855708022349958,-0.0009737655054777999,0.0034903345783198667,0.0081096625265975,0.001272120461912497,0.0054807605532308,0.0006868681032442574,7.932029348012293e-06,5.490153019248888e-07,5.4872778794864035e-06,1.4259679011867383e-06,1.0,1.0,0.9578276212423925,0.04238863351767092,0.3197153464796661,0.03990120989836384,0.2995346302536717,0.06642651256337753,0.00029289261942089994,4.8438836100330036e-05
base,1000,3,0.028630585720141665,0.0024263035522326245,1.4568651825660102e-06,2.9573147368483188e-08,0.07033885022004444,0.006721999488351913,0.3745189607143402,0.045621859940578595,0.37210379044214886,0.015714842187142985,0.029265120625495866,0.004582549932874841,0.006807912296305033,0.001793908974837899,0.029537338763475363,0.006086172636604651,0.010516968245307567,0.003900534818792555,0.0072155023614565,0.0005724806992801298,0.0007100887596606666,0.0031164263658158,0.014648139476776068,0.0011946770288360148,0.010588075344761166,0.0016594405087226615,1.508669629401993e-05,1.953552626960537e-06,7.571316018584184e-06,1.229033870224513e-06,1.0,1.0,1.0042766314687899,0.08032314917787822,0.2504805125912927,0.0433940185861162,0.5105654163201375,0.10024569126591294,0.0005224992554387736,8.875783881826454e-05
base,1500,1,0.006254217276970499,0.001297255899178994,1.0008948265749495e-06,1.893661029610329e-08,0.04969750468929603,0.0038546813769852386,0.3335512578487396,0.01345690864822109,0.3768647809823354,0.018977587465439243,0.013409582277138966,0.00040049707091087937,0.0073668092178801005,0.0011005794862606294,0.011873864258329031,0.00043801081109844206,-0.00011487238710590002,0.0009453960513346368,0.005825693408648133,0.0004862567105296626,-0.000997677105867,0.0013087577121090297,0.0,0.0,0.0,0.0,0.0,0.0,0.0,0.0,1.0,1.0,0.8862946355903499,0.05084282944212512,0.43497682137671617,0.04322510013773623,0.0,0.0,0.0,0.0
base,1500,2,0.0148487510159611,0.0030520535539768647,1.3792010804536403e-06,1.8008892489037492e-07,0.04969750468929603,0.0038546813769852386,0.26090338329474133,0.022271095587569623,0.2775220175584157,0.014120428526958159,0.018108823647101667,0.0020029897837736533,0.008211013084898367,0.001130635224317204,0.017044355782369732,0.0024024821726836513,0.0031010564028595335,0.0016879145771557995,0.005315362165371533,0.0004564877535930178,-0.0014179976060403668,0.0011354485544911458,0.006146444007754301,0.0014381630504052,0.0049525213738282,0.0016341308266526451,3.254715162862946e-06,1.3453752156037484e-06,2.175682330592584e-06,1.3297643703087739e-06,1.0,1.0,0.939098426727221,0.033757238904806273,0.29410766450627995,0.008360533005272735,0.3484068986681817,0.12325306521321988,0.00018235729877823592,7.674651736263946e-05
base,1500,3,0.018601832911372167,0.004169119135409143,1.5546662552878843e-06,1.788314895796536e-07,0.04969750468929603,0.0038546813769852386,0.23900849123795823,0.020747677381392247,0.2432213524977366,0.011947812670098265,0.0186493514726559,0.0017020813877485197,0.005557122562701433,0.003204518876790945,0.0183250742654005,0.0020316473728497963,0.004977301927283367,0.002037636638192321,0.003756515759353767,0.0005291311048871645,-0.0004613314134379,0.0006748149683223647,0.010461602360010066,0.0019063880934901169,0.008525378225992067,0.002065081113759418,6.206472941509371e-06,2.0405299575260336e-06,3.3978084654033105e-06,1.2566281228471432e-06,1.0,1.0,0.9834535614067113,0.08518536706377379,0.20111965128906942,0.01672621311941879,0.5584858564590798,0.05753072854440838,0.00033249934435657704,0.00010834826434427497
base,3000,1,0.005351749015972,0.0014453470155571455,1.1327682993093429e-06,6.616245160795189e-08,0.0259621298561493,0.0022057411152129574,0.13633883992830909,0.0021964836591660836,0.1891511231660842,0.015079237408729953,0.006733758375048567,0.000533930838770511,0.0049668032055098996,0.0006852956561416081,0.004855371546000167,0.00016635638657535202,0.0008609567497235333,0.00027519266111260406,0.0025588471908122,0.00023130908993387913,-0.0004759975126944333,0.001356861600412636,0.0,0.0,0.0,0.0,0.0,0.0,0.0,0.0,1.0,1.0,0.7234515499845106,0.0513619397685866,0.38325329599997543,0.06171810654909674,0.0,0.0,0.0,0.0
base,3000,2,0.015575555153191034,0.005523442303957274,1.6028625016891358e-06,1.446812003821787e-07,0.0259621298561493,0.0022057411152129574,0.11622052888075507,0.004490770815667872,0.13731920222441354,0.011635169831903793,0.010214818331102467,0.001958519926348442,0.006538321108867667,0.0020384330021307683,0.008596359131236833,0.0009882223325165646,0.0030463557535160995,0.0011610776380021914,0.002148098234708033,4.1441205378126796e-05,-0.00044905022756816667,0.0010332651151089265,0.006930023121337034,0.002590460363537753,0.006439314767097366,0.0025500404949639955,9.532002801885634e-07,2.7954273538666387e-07,5.799871682180916e-07,1.6150169582371616e-07,1.0,1.0,0.8494480228382814,0.06245877668396586,0.21566417540098173,0.042108435824337015,0.6879217823984635,0.2815633838104554,9.456489897709914e-05,3.0355599632017254e-05
base,3000,3,0.022357686733206067,0.007820326061250348,1.6172727631177015e-06,1.7019024723020946e-07,0.0259621298561493,0.0022057411152129574,0.10722989092270525,0.01047106301060533,0.1169405505061149,0.011407814050227292,0.009296487085521167,0.0012469318987974693,0.004953379121919434,0.0010652776517273432,0.0085610972406963,0.0015326611105136209,0.0034779061873753334,0.0010766384017983938,0.001498327706940433,0.0006156294409740278,0.00023693746576703337,0.0006901630093423085,0.014298571273684467,0.005651779541854631,0.013688279936710965,0.005608067686392327,2.530172423576005e-06,1.3008408433830649e-06,1.1479377045967947e-06,9.88122442206294e-07,1.0,1.0,0.9174631049264405,0.04270973410422749,0.15728239977501166,0.043807276402887826,1.5279475603644546,0.5697111629238512,0.0002709631059126787,0.0001380776742818953
cifar_mlp,0,1,11.71935240427653,1.6941306402182774,1.8911172219304717e-06,4.0465957346177347e-07,1.2631397644678752,0.11539125653789345,0.2784376343091329,0.023684800066241154,16.928311983744305,2.3355845413928855,11.898846626281738,1.7064171191994597,11.891577084859213,1.706671511658409,0.1957336862881978,0.018955953089514872,-0.008443253114819466,0.007465363281885463,0.4466785093148549,0.012278026768449567,-0.1637811015049616,0.008456126140236074,0.0,0.0,0.0,0.0,0.0,0.0,0.0,0.0,1.0,1.0,0.016685499447771715,0.0028593310731898115,0.03797098965721788,0.0046183449228794585,0.0,0.0,0.0,0.0
cifar_mlp,0,2,7.569504102071126,0.8470996912453992,1.080725572440618e-06,1.1869488982698082e-07,1.2631397644678752,0.11539125653789345,0.20182520647843671,0.0074314575943868425,18.09344546000163,1.060891779683452,1.1702829996744792,0.016351850692161548,0.17109589278697965,0.039267590885089985,0.013089525823791767,0.0010312427437639703,-0.00017116128098373335,0.0006672280172219147,0.021726936101913435,0.002777051485321478,-5.2753273242466666e-05,0.0006324692037841976,7.487617492675781,0.8075482188424031,7.413097381591797,0.8107449375769008,0.10209701706965761,0.02138081240812986,-0.014465360591808899,0.0007202812960424877,1.0,1.0,0.011193961601539055,0.0010216198724190986,0.01858938013429395,0.0026086662413770945,6.392823800362134,0.6011277949178246,0.08739063566769019,0.019230929304669454
cifar_mlp,0,3,5.799551645914714,0.6312976324930727,8.718914727978699e-07,9.473632307251543e-08,1.2631397644678752,0.11539125653789345,0.14631075163682297,0.01060313891952103,18.910401662190754,1.7403620069290382,0.8462147116661072,0.023796299020203422,0.0964545036355654,0.02127034612128866,0.006561093187580466,0.00043286135902030425,-0.0005057716528729666,0.0006506824941509853,0.011544300864140168,0.0011784852525372075,0.0009972848153362334,0.00033763795148018225,5.761437892913818,0.6285323464550124,5.718034744262695,0.6365157985327639,0.1403832783301671,0.054143498124529864,-0.015428837699194732,0.004115756117343228,1.0,1.0,0.007763449118454197,0.0006762242648404331,0.013670129939337574,0.0016906339644697564,6.802328595927709,0.6141545765553872,0.1648189537649579,0.05877587129161893
cifar_mlp,10,1,1.6523211399714153,0.12532888197523398,2.4452976200943035e-06,1.5806659007976486e-07,1.246215025583903,0.05332686658018722,0.20280308524767557,0.023836029537130893,2.6670711835225425,0.13805262561652376,1.873276909192403,0.08670771771230296,1.8588693141937256,0.08443619832826071,0.14236604173978165,0.015264621059592486,0.009263054495628848,0.01623243433279576,0.31252313653628033,0.02813239916456269,-0.21581123272577918,0.06422800330945701,0.0,0.0,0.0,0.0,0.0,0.0,0.0,0.0,1.0,1.0,0.07587663170025606,0.005159165367243047,0.1674184802599755,0.02168412841075207,0.0,0.0,0.0,0.0
cifar_mlp,10,2,1.8168824513753254,0.07495701189212337,1.6921534324865206e-06,1.2730910563184047e-07,1.246215025583903,0.05332686658018722,0.08665352314710613,0.005950282810125642,7.2270614306132,0.7652093881448976,1.675528645515442,0.13867075023112915,1.4540067116419475,0.1662832161891546,0.020108642677466034,0.0011752311635749835,0.0019762817343386336,0.0020973688632808466,0.022283078481753635,0.00350659323996538,-0.011135263523707735,0.004457556831794197,0.9053723017374674,0.09337574912641891,0.3600337902704875,0.09728599253142606,0.0138194868341088,0.003292949068473834,0.012000809734066267,0.003092761163104766,1.0,1.0,0.012042074022212608,0.0010167682132261652,0.013266816942667362,0.0013862807795303172,0.5437061589777231,0.08189769138450069,0.008187433053490557,0.0013426039986620024
cifar_mlp,10,3,1.7451496124267578,0.12595955503083597,1.4386551280646624e-06,6.430230759755267e-08,1.246215025583903,0.05332686658018722,0.05084989344080287,0.0007689461708553982,9.820232709248861,0.7882626209830548,1.6413960059483845,0.10346236998409493,1.2962410847345989,0.12928704653732623,0.008507869516809733,0.00024578751785318045,-0.000269472632984,0.0005586114881515172,0.0056915877697368,0.0008990182316649558,-0.0017538851243443334,0.0007390409436586971,1.1070010264714558,0.053811703236034514,0.4282331168651581,0.02034273440266071,0.0285573614140351,0.012238558573929099,0.022698629337052467,0.010238474893587849,1.0,1.0,0.005202538690261462,0.0004648308421677009,0.0034538881550692535,0.0003246049351020478,0.6758806523511192,0.048045400422997264,0.017135526053952622,0.006256424242481313
cifar_mlp,25,1,0.7293747464815775,0.01829556584907153,2.9648926253382038e-06,7.457812436855259e-08,0.8593128124872843,0.17316822108691185,0.1527339145541191,0.038917256006368695,1.173454483350118,0.0607227884350566,0.8242921829223633,0.041291006806719335,0.8136943181355795,0.04333923015293878,0.1071351716915766,0.02619550538935285,-0.003405624379714333,0.020862961969763297,0.14689162621895466,0.03486932459144562,-0.08091401991744833,0.055214820927092526,0.0,0.0,0.0,0.0,0.0,0.0,0.0,0.0,1.0,1.0,0.13101747179460763,0.036521109850003904,0.17716341419253537,0.03335660268601645,0.0,0.0,0.0,0.0
cifar_mlp,25,2,0.669720192750295,0.07108155895251823,2.179379180233809e-06,5.2862353654116036e-08,0.8593128124872843,0.17316822108691185,0.0485273810724417,0.010394684752254225,2.283895969390869,0.10018292387385828,0.5983330806096395,0.03388848958266192,0.41150133808453876,0.0414970345134592,0.012685477423171167,0.002542715415251181,0.0004963054864977667,0.0012977009702116638,0.008785241904358034,0.0010117170965837348,-0.0022820569914377667,0.0022006716039329895,0.5049088299274445,0.04568518075908642,0.25977106392383575,0.05723804813523568,0.00036110076083173333,0.00026997307605176527,0.00023348735703615378,0.0001791816523576835,1.0,1.0,0.021384556678041917,0.005429645274963771,0.014717817246327168,0.0019635452427021476,0.8443356837689886,0.070103272546742,0.0006095016488486356,0.00045561690571003344
cifar_mlp,25,3,0.6274102727572123,0.028315571051556136,1.8745177309635135e-06,1.0978135344955657e-07,0.8593128124872843,0.17316822108691185,0.017889900753895367,0.0017129150061916186,2.828328768412272,0.14455534839283302,0.6358591318130493,0.0465691120358979,0.5214792887369791,0.08171073809566642,0.0040216456788280995,0.00044088255962018377,0.00014444421200699998,0.00036663634384288276,0.0018434523371979334,0.0003383222825910928,-0.00015704640342539998,0.0004035809371271476,0.3712877531846364,0.08492396402543494,0.10466774925589555,0.053580434531634566,0.0015538845521707667,9.654613645245424e-05,0.0012757919030263333,0.00021249637095472406,1.0,1.0,0.006342462514134555,0.0007541137020856537,0.0029045621097887435,0.0005223549694080945,0.5882804935149775,0.15624206697106197,0.0024522512895385766,0.00022484667022731878
cifar_mlp,50,1,0.21951581289370847,0.09165879347814058,3.006235071249345e-06,7.808595348312174e-08,0.2936736146608988,0.029538325578605085,0.1400571192304293,0.01631446590453069,0.34711579978466034,0.11593036394794842,0.24390910069147742,0.08205674885888764,0.22562249998251593,0.08321560958651035,0.09835767745971676,0.011023202999971077,0.0249024617175261,0.007836651751882633,0.08029759426911666,0.013605727003612027,-0.031009112329532632,0.024992058823767996,0.0,0.0,0.0,0.0,0.0,0.0,0.0,0.0,1.0,1.0,0.4302450231270558,0.12033762240697994,0.35525516445146926,0.12098854030597939,0.0,0.0,0.0,0.0
cifar_mlp,50,2,0.2107939918835958,0.06001250674560843,2.439419555836745e-06,1.665057470753804e-07,0.2936736146608988,0.029538325578605085,0.0411142551650603,0.010018485956196409,0.6854022939999899,0.1521766365698453,0.18402814368406925,0.03968655471939096,0.13620872050523755,0.017305289678529304,0.011038214589158634,0.0026240695638126425,0.00023920715708906668,0.0011001375110748994,0.005414500987778067,0.0009814959950583694,-0.00010515301255506665,0.000559885942118237,0.13975289960702256,0.08030028587267174,0.0744803262253602,0.05852941891792009,6.490717472235878e-05,4.7023687289819065e-05,-2.914254946517758e-05,4.320187558540553e-05,1.0,1.0,0.059768505933372885,0.001539153184704946,0.029868746053514954,0.004699646433549644,0.7177035109251176,0.30216381319716235,0.0003276247765492454,0.00019339053550129334
cifar_mlp,50,3,0.17531245946884152,0.03224378239161792,2.188362032029545e-06,4.181481022131492e-08,0.2936736146608988,0.029538325578605085,0.012769554741680567,0.0021976363165532023,0.6615739862124125,0.08525358660387473,0.15839263796806333,0.018112827065129483,0.11474471290906267,0.013069138243469672,0.0030604201989868664,0.000528408604104161,0.00032861799142359926,0.00031518788119943425,0.0010337492955538,0.00025123831547511054,4.58823815279102e-05,0.00013209948779750638,0.12546395758787787,0.035355267208033926,0.06014674964050446,0.036528413519782706,6.30864475776131e-05,3.9398330333837796e-05,4.651629478757968e-05,3.235695904104496e-05,1.0,1.0,0.019385130390276267,0.003232225968124412,0.006545705809793132,0.0015670993010898967,0.7871323287552451,0.18844278229207423,0.0004203366538814978,0.00028944597655583196
cifar_mlp,100,1,0.13770325481891627,0.04699451657734006,2.9750394029785334e-06,1.511616252040516e-07,0.08229594429334,0.007443651169704866,0.18421737849712363,0.028828707127917047,0.19520092010498039,0.08414729855953192,0.1369551643729209,0.058384588803201964,0.09796500702699024,0.0648555109497043,0.1293138240774472,0.019179895487204886,0.04885862333079174,0.0369471062805876,0.07936708877484,0.013425352128133457,-0.009120327886193968,0.02930996481251494,0.0,0.0,0.0,0.0,0.0,0.0,0.0,0.0,1.0,1.0,1.0611887104137185,0.41648394180848053,0.6540482095324051,0.27153520796022196,0.0,0.0,0.0,0.0
cifar_mlp,100,2,0.11384973178307213,0.04015089565501257,2.7121315421633576e-06,2.365938231769983e-08,0.08229594429334,0.007443651169704866,0.061895211537679,0.0195083488803673,0.26019821067651105,0.0907290859201132,0.0688332008818785,0.023711445323677572,0.03978974620501197,0.018439958052094137,0.016397126019000965,0.0051539341705487355,0.0022886685328557667,0.0007765358539149022,0.0048444059211760334,0.0011668097134892475,0.00040591370877030583,0.00043910200254633925,0.09128627305229502,0.0374350108161476,0.07136656902730461,0.03603418078624569,2.9114671330413937e-05,1.5525565369349066e-05,-1.1467829305426374e-06,1.0404946115204843e-05,1.0,1.0,0.24186865988292391,0.03927280510750218,0.07395019998888518,0.022883128116009965,1.33767502561194,0.49621488673095093,0.0004247875516640062,0.00023339985703297404
cifar_mlp,100,3,0.08393713211019826,0.02635770380340499,2.4304099497385323e-06,1.465219309149033e-07,0.08229594429334,0.007443651169704866,0.020502141366402268,0.010054190266967696,0.28035130103429157,0.09028320576900667,0.06842185556888576,0.021313127124965477,0.05236695210138953,0.018427947733259217,0.004969966597855033,0.0022677223868541097,0.0006512347705817,0.0003638415684817191,0.0009610945708117999,0.00028911097824451114,-0.00015511297290987208,0.00021613046976830735,0.0535176681975523,0.020278518566436133,0.0310736360649267,0.014827821493055815,3.3811910877072173e-06,1.4963781199467674e-06,3.196132306963288e-07,1.0191190264667167e-06,1.0,1.0,0.07332983472265679,0.022609592257217176,0.014577547504873839,0.003883161298969603,0.7894038016399377,0.17462578503294066,4.878016195781885e-05,1.1338479205017578e-05
cifar_mlp,120,1,0.138182779153188,0.011993602470076655,3.045931862288853e-06,2.1827274999230606e-07,0.06224041804671284,0.011847857968818138,0.19809312621752417,0.03354863578496152,0.16663156449794764,0.062235805533588144,0.11700524141391115,0.04354900632636026,0.06579193162421383,0.04176184209033947,0.13901450733343754,0.022075663485545547,0.06722040070841703,0.05045478009585148,0.08637818197409307,0.013386276209370352,0.0051705216368039325,0.04740081081136845,0.0,0.0,0.0,0.0,0.0,0.0,0.0,0.0,1.0,1.0,1.2893707815760378,0.4159540360030649,0.8217063692259199,0.3468798215509602,0.0,0.0,0.0,0.0
cifar_mlp,120,2,0.11892662445704137,0.011031643168428923,2.516083820106966e-06,5.305328210058207e-08,0.06224041804671284,0.011847857968818138,0.07193960125247634,0.01693387630943598,0.24127338826656342,0.0953388915787019,0.06330722446242963,0.025042541277801925,0.037730130677421835,0.023735534929842268,0.018927974315981002,0.004635650965670325,0.0032371815371637,0.0015971469540697312,0.004792000477512634,0.0012996595498589857,0.0005207074379237666,0.0009131472248837795,0.09425272295872363,0.00512473356609488,0.0774381061395009,0.014509293711407342,4.5915791512622185e-05,5.306974240427327e-06,4.024517844906465e-07,1.6191203018861984e-05,1.0,1.0,0.32092234928111535,0.11648052881260976,0.0805620768123622,0.025772892346884523,1.6671636526446951,0.7030258169262145,0.0007825226590748502,0.00023119863967788985
cifar_mlp,120,3,0.08235167215267813,0.02200474994522451,2.380901605647523e-06,2.0860513992861676e-07,0.06224041804671284,0.011847857968818138,0.02490287708739433,0.008492029197113279,0.23668145140012106,0.09854103598542062,0.057595180968443536,0.023047058595822973,0.038779005408287034,0.019028708123623367,0.006056100595742434,0.0019041072212567386,0.0007810535801884333,0.0001289932202325177,0.0010207156883552,0.0002928580622112673,-9.635882815927917e-05,0.000231578940448417,0.060578087965647336,0.016342192155414534,0.04289108638962107,0.009487248333131183,9.936954787311455e-06,1.9017813439296842e-06,-3.2129852722088494e-06,4.036332020063971e-06,1.0,1.0,0.1106578497669709,0.02595415317132151,0.019401639309885442,0.007036235635537282,1.1368756020618336,0.3763591817808775,0.0001860193670619607,5.056301185706266e-05
cifar_mlp,200,1,0.142738622923692,0.0357866988916783,3.0039486015690877e-06,1.5475706583246058e-07,0.033061265945434494,0.009398651822568944,0.24652264018853506,0.044979975805747,0.15446984022855753,0.05720220820572598,0.10864711056152974,0.0410127594806609,0.05195157602429384,0.03636591168590155,0.1730806976556777,0.03068150663265448,0.09860710054635997,0.037738365454497574,0.10220299164454137,0.02477059037271354,-0.007820043247193065,0.01562593349876268,0.0,0.0,0.0,0.0,0.0,0.0,0.0,0.0,1.0,1.0,1.6962528909923742,0.4181750441992574,0.9982843473676192,0.26728044271903356,0.0,0.0,0.0,0.0
cifar_mlp,200,2,0.11065889894962307,0.03525764526321553,2.5321893796596364e-06,1.2773941843627209e-07,0.033061265945434494,0.009398651822568944,0.1083122516671816,0.012812945204401087,0.17622602482636765,0.05036868010703842,0.043834984302520696,0.012200810825040131,0.015398746977249736,0.003994408838923981,0.027061329533656402,0.003800395559153336,0.005396735932057067,0.0031545347693731937,0.004801053165768533,0.0009186280895552448,0.00022316455821656507,0.00037348701397868213,0.09951366980870556,0.03510355228427768,0.08964571108420687,0.0333507078183106,3.236338367666273e-05,9.746251704051988e-06,-5.465134525669176e-06,7.570138120999239e-06,1.0,1.0,0.6470290089528029,0.19663443505130665,0.11286294023969994,0.02495895770232291,2.2446703562232706,0.18365862970175717,0.0007348163733781501,6.115472833529024e-05
cifar_mlp,200,3,0.061791526774565335,0.022401833382393106,2.4355445778686167e-06,1.3690055663393803e-07,0.033061265945434494,0.009398651822568944,0.0459821298718452,0.004184705440402169,0.1689758549133936,0.0640852902197937,0.040642481297254535,0.014933663249792303,0.0259941450009743,0.01276111378490581,0.011084900237619833,0.000952825258380185,0.0016387572977691665,0.00024187666367434348,0.0013102379161863999,0.0002908512393377098,5.307053409823334e-05,0.00037444439919809156,0.04600948716203366,0.013543065692187389,0.0341102288415034,0.00992896799948236,1.0204624686593888e-05,8.755512693820761e-06,-4.712539606543942e-06,7.212245295403002e-06,1.0,1.0,0.2931146697557662,0.08328642328121857,0.036366760796661825,0.016955566654298353,1.1585581473234023,0.13926391177754832,0.00022028256702183815,0.00012580563886763064
cifar_mlp,300,1,0.16776436815659201,0.06772508747658074,2.772774375140822e-06,1.0743152160832873e-08,0.028961490218838,0.0063924430834875826,0.26493814587593073,0.014635087305713364,0.16581815729538596,0.05962396266172917,0.1165923525889714,0.04259808673827749,0.0595118136455615,0.046153324171808494,0.18617044389247892,0.011712690258166446,0.11625373363494866,0.01564168390767086,0.11159847428401304,0.029425267647639173,-0.008001192162434232,0.05166151493880395,0.0,0.0,0.0,0.0,0.0,0.0,0.0,0.0,1.0,1.0,1.7474394988805504,0.6352529775675424,0.9969462413812843,0.2065032286695265,0.0,0.0,0.0,0.0
cifar_mlp,300,2,0.1327796752254168,0.05043762851408678,2.4081288453695984e-06,1.8458768268254304e-07,0.028961490218838,0.0063924430834875826,0.17399797340234122,0.019255899409151376,0.1643944233655929,0.036003067698602786,0.03815850118796027,0.007220962230199777,0.011290542936573401,0.003390757313570562,0.040468618273735,0.002812797096045762,0.014933716505765866,0.003942507045797318,0.004970397955427533,0.0006565222503291936,6.392031597594114e-05,0.00025468278851821773,0.1174137964844703,0.05022581655621636,0.10648422191540396,0.05124653352008573,9.716874531779715e-05,5.959814286217788e-05,7.285164125884573e-06,1.1480919637607923e-05,1.0,1.0,1.0851008691782653,0.20414729265890522,0.13451098794338193,0.035382328463136284,2.9894501236199384,0.6953630080787169,0.0024499013652468835,0.0010931374803964632
cifar_mlp,300,3,0.08021968603134151,0.02397524208103024,2.3723212052573217e-06,2.3061779669097222e-07,0.028961490218838,0.0063924430834875826,0.08524726082881286,0.011352210024154775,0.14819485942522678,0.04176083721930858,0.0338940819104512,0.009348255680444536,0.014981558235983001,0.005474461747869339,0.01951848094662027,0.0026173468100806085,0.0046275271258006,0.0026334864389457443,0.0018690928118303002,0.0006038324688072661,-0.00014372080537819896,0.00029198605862245194,0.06995564699172967,0.02195103472182885,0.060758038113514524,0.021230720184070052,3.4917623755366854e-05,3.057720873766197e-05,-3.5995757722654767e-06,9.354097669071813e-07,1.0,1.0,0.6207278479437405,0.26102481079148215,0.0602263465286472,0.02899821853481533,2.0526017308313915,0.10630709973572122,0.0009651914546105672,0.000621446942234627
relu,0,1,0.4751139481862386,0.04236672172972073,3.234677118750066e-07,2.682696165145611e-08,1.306990663210551,0.028046537999725493,0.8737903436024984,0.018721313297840783,13.147245407104492,0.9673007947253622,0.46849263707796734,0.04266178590627891,0.4671328663825989,0.04266765425755803,0.031106837093830067,0.0005588215174353886,0.0022035770392297128,0.0021653104452828823,0.02105575862030183,0.0008529941222219922,0.005777456176777634,0.002219828175091297,0.0,0.0,0.0,0.0,0.0,0.0,0.0,0.0,1.0,1.0,0.06669035929276353,0.0048740676355870744,0.045108720441907425,0.0030645203427702877,0.0,0.0,0.0,0.0
relu,0,2,0.4027901788552602,0.04078567911845688,3.521779490256449e-07,3.730785851300435e-08,1.306990663210551,0.028046537999725493,0.7695916692415873,0.07543901200932202,12.874021530151367,0.5712147634112698,0.18319377799828843,0.027792733125290604,0.08988688637812926,0.013331389194878434,0.0108481049537658,0.0004625569875162138,-1.1823528135799993e-05,0.00040756165327711613,0.0061321215083200995,0.0005619305867503585,0.0005928153404965333,6.990350979963168e-05,0.35104626417160034,0.03818968451373137,0.31223724285761517,0.030954028963295358,0.0028675806242972,0.0018358799787426042,8.506192049630005e-05,0.0019525973204423462,1.0,1.0,0.059957882206989825,0.007746122184327918,0.03368589336525399,0.0023059562884767586,1.9247391260539548,0.08785095314950382,0.014933355902330919,0.00849530424389463
relu,0,3,0.2675827791293462,0.019427007487128563,2.4044739651192987e-07,1.103457872109844e-08,1.306990663210551,0.028046537999725493,0.7122604250907898,0.028174013418721597,13.120293617248535,0.7455579812922896,0.0996157377958297,0.009655224912712784,0.039495389908552135,0.00603141101437862,0.0054074774185816,0.0004682915896352399,-9.95470181806e-05,0.0006150282258610777,0.0028793656577666,0.0001861256703088126,0.00012047904723049174,0.00016164218420361044,0.2461092273394266,0.021318712838335203,0.22795560956001273,0.02305341685634175,0.0010948851316545667,0.000596112202507481,0.00011086231582643335,0.0005836371711872292,1.0,1.0,0.0543362927988218,0.0017380096789112044,0.029091895851737447,0.0035550756007328224,2.486779145936922,0.34210949201119145,0.010880934372787596,0.005931404044463304
relu,10,1,0.5174189507961273,0.03588446545709651,4.887390806137167e-07,4.5866935843617114e-08,1.2983713547388713,0.03830532167599467,0.8298741181691488,0.02621780138016357,14.42263412475586,0.8252595524945957,0.5136711895465851,0.03411643210362253,0.5124757786591848,0.03420062397100573,0.029557547221581066,0.001425248270501717,0.0005577055465740332,0.001963650039742972,0.0205959839125474,7.409600962253598e-05,0.0043854853138327,0.0023805695562622016,0.0,0.0,0.0,0.0,0.0,0.0,0.0,0.0,1.0,1.0,0.057697356970281805,0.004397520189487541,0.040217775627439376,0.0027666841547284897,0.0,0.0,0.0,0.0
relu,10,2,0.8474141558011373,0.04945516079860797,6.637879816177398e-07,4.385859964620649e-08,1.2983713547388713,0.03830532167599467,0.6195552945137024,0.05823394532185662,13.4165891011556,1.1674882727639582,0.490690012772878,0.014623639771091407,0.4115619659423828,0.005087413425067907,0.022738161186377167,0.0024883343285044923,0.0008591845010717334,0.0004080312624283386,0.0175813088814417,0.0016574561638381892,0.00043474298824246665,0.0018737018529508748,0.497013121843338,0.04466078622694129,0.40752772490183514,0.04028761060275382,0.03222562124331787,0.003854723847087858,0.027030387272437367,0.002799544045542689,1.0,1.0,0.046293960333847556,0.004154846949975728,0.03581049348167468,0.0028640971142278497,1.0117017151884642,0.060041382369678105,0.06556400481199508,0.005974983080819708
relu,10,3,1.0558851758639018,0.05948864351770034,5.869160872862267e-07,4.838538692364276e-08,1.2983713547388713,0.03830532167599467,0.567788819471995,0.023809626841124806,14.370463053385416,0.8548277529460726,0.41362484296162916,0.0390276490532445,0.29824537038803095,0.027015934433653885,0.0163378032545248,0.0012524096545887258,0.00019992397331710307,0.000680513614725916,0.013742670727272767,0.0029004497665013553,0.0006614306378954,0.0003034804958650131,0.7905414700508118,0.03767210023380788,0.7205508351325989,0.042124030878621044,0.05035562440752977,0.005768083200297123,0.0362277117868264,0.004205261703421028,1.0,1.0,0.03957730877459747,0.00229680716518471,0.032992486857960905,0.003723192324064256,1.9202470817986959,0.16996093268180312,0.12161682963639504,0.0037626364032943634
relu,25,1,0.08157414322098093,0.035776548381408146,7.408965529975831e-07,5.3036107324328965e-08,0.23299787938594818,0.08228649169876388,0.744481106599172,0.04584866576548198,2.3992984294891357,1.2066582131107755,0.08490810419122376,0.04089623296167639,0.07695244501034414,0.043721474443113036,0.026505776370565032,0.0016684295367175672,0.007804957218468134,0.004353858943380318,0.022842900827527,0.0021212854648042334,-0.0031832976965233337,0.004343463956375826,0.0,0.0,0.0,0.0,0.0,0.0,0.0,0.0,1.0,1.0,0.35416324415769357,0.13087320925683077,0.30288372810015235,0.1062276583879181,0.0,0.0,0.0,0.0
relu,25,2,0.29772514104843134,0.11260329408195964,1.5587737607347663e-06,1.8264449383915087e-07,0.23299787938594818,0.08228649169876388,0.3917791545391083,0.043967042920429536,2.367451548576355,0.8890790345075331,0.2740304619073867,0.09023579530821414,0.25448695321877796,0.09065551140264155,0.04583387201031044,0.005778211668663566,0.008365326793864333,0.005573498276700454,0.07548040896654123,0.004392525886565796,-0.0101526988049348,0.022599051184569244,0.08244092389941214,0.04423305668332824,0.04420340464760857,0.036128456587075766,0.0009161563915161156,0.00108670140648607,0.0008223969974399543,0.0011039169597934087,1.0,1.0,0.18253630860323353,0.06975991091983205,0.29672719521041335,0.09866154411601903,0.291534563960778,0.07726769245293419,0.002842686325931013,0.002685250180689469
relu,25,3,1.102358917395274,0.20400367675875397,3.4472448078304296e-06,1.0909637985690486e-06,0.23299787938594818,0.08228649169876388,0.26251982649167377,0.010865299253553107,2.514792521794637,0.7651515476021941,0.9310468435287476,0.07444758843684637,0.8691283265749613,0.06201395627128066,0.10132291913032526,0.021426320449704123,0.0071378756935397,0.0038105021533135024,0.2523868530988693,0.07524616365968423,-0.045261650035778665,0.0900336923360721,0.3822568307320277,0.15745203635466468,0.2641284763813018,0.1778961662336075,0.007670945061060234,0.0073374667488062045,0.007225806708447566,0.006807121824551945,1.0,1.0,0.10969106303874608,0.02614074553745288,0.2739187013396213,0.08805908405148244,0.4084667241148335,0.15062136168531312,0.00804328484168833,0.007209849314358568
relu,50,1,0.033864444742600065,0.002775009475927417,7.860897805282244e-07,1.0198113258662486e-07,0.08256407330433523,0.010675128661016345,0.8004061182339987,0.06418381561163645,0.8603622913360596,0.10203924116719039,0.030589082588752033,0.0030259427292983346,0.010941742298503665,0.003156408787556214,0.028514511262377067,0.002641915663426489,0.022791979213555635,0.00225944443214021,0.02405671402812,0.0011974445430838951,0.0001307747637232,0.0036771261790498255,0.0,0.0,0.0,0.0,0.0,0.0,0.0,0.0,1.0,1.0,0.9385218678612436,0.1301917686297455,0.7896187597665735,0.05601728811793718,0.0,0.0,0.0,0.0
relu,50,2,0.08960051337877904,0.011353620178150071,1.7793471063972295e-06,2.2952742367864612e-07,0.08256407330433523,0.010675128661016345,0.38699644804000854,0.024225095516168176,0.92841108640035,0.105931052344038,0.10974598924318944,0.010702913141152294,0.065955176949501,0.020359696943387958,0.04575368141134576,0.001581878798387707,0.020339757204055734,0.003898254114744744,0.0810220912098884,0.004438195239696735,-0.007247981304923701,0.027468506234996113,0.0260593686252832,0.0005106224853357761,0.0105070954499145,0.0047284469919533275,5.314735244610347e-05,3.025682723589963e-05,4.629963283756903e-05,3.39705735629159e-05,1.0,1.0,0.4201574376210511,0.051514197058734106,0.7453561794215758,0.1092450763833267,0.23917763346855606,0.026751535875089917,0.00047591689523397945,0.00026405303696138386
relu,50,3,0.30454234282175696,0.09017233195136215,3.0057460662646918e-06,3.8402767468994207e-07,0.08256407330433523,0.010675128661016345,0.18188015619913733,0.07465511888373497,0.9362355271975199,0.0838972014567292,0.3815264900525411,0.047486323239960646,0.24994454781214392,0.029239933144507492,0.0738326124846935,0.029632731770819588,0.0156219221341113,0.009728459812861301,0.286013717452685,0.07832010603606207,-0.027297070249915133,0.07687740176389106,0.11181640376647306,0.03546834607199067,0.06586495041847226,0.04425189400081461,0.0004725449471152209,0.00043717172073593554,0.0004078530097709962,0.0004621455093410253,1.0,1.0,0.1917948060594907,0.06863448595343344,0.7416722551323959,0.1227709678319011,0.2890057311515774,0.056309389462397295,0.0011750302042077502,0.00098644438018554
relu,100,1,0.036585559447606365,0.0029941241752420716,7.93793124861016e-07,1.387200733259725e-07,0.07134580363829927,0.0027266536449807566,0.8888638416926066,0.07312559079428893,0.8057266473770142,0.042632167308747734,0.028701581681768066,0.0019130629031939858,0.008190055533001768,0.004713058175585725,0.03166149991254007,0.002920672860428811,0.026716745148102402,0.0035634019209187092,0.024465429286162004,0.0005224236966587904,0.0016787830196942,0.0023938321006864533,0.0,0.0,0.0,0.0,0.0,0.0,0.0,0.0,1.0,1.0,1.1070460922323566,0.13011944697315786,0.8555033249096943,0.07067714348337492,0.0,0.0,0.0,0.0
relu,100,2,0.07533977304895713,0.014251877217413016,1.6943826797917911e-06,2.979387770191764e-07,0.07134580363829927,0.0027266536449807566,0.326393316189448,0.030196132756890162,0.7906785806020101,0.09724176865325207,0.09578011929988857,0.010273187994170862,0.04282063494125996,0.010943352998183371,0.039556858440240164,0.0031805063136819242,0.01916741393506523,0.0012466242128504508,0.0850242252151171,0.005427125970508779,0.00039824238047006635,0.015042838442289009,0.0320421090970436,0.0032790436433106094,0.012907131264607066,0.0025978692155717528,5.8178395192953765e-05,3.352286052590052e-05,4.6498941628669854e-05,3.526934717875364e-05,1.0,1.0,0.4137763446294007,0.01198407155306101,0.8913780255210634,0.06466155865420219,0.33519537675524963,0.025369939183292105,0.0005932650583879118,0.00028910546196289817
relu,100,3,0.22506891687711075,0.08101699484549159,3.959194752193677e-06,1.0151645456352248e-06,0.07134580363829927,0.0027266536449807566,0.10356620450814562,0.026399640633470715,0.7867095271746317,0.08604929432964284,0.3386566638946533,0.08424302109685164,0.17886232833067572,0.06443871369117038,0.04371367270747817,0.010553820811418604,0.0134670622646808,0.006810876055914854,0.29550065596898395,0.09272627278189356,0.0034970430036386003,0.08867717479551103,0.07581624016165726,0.014926146809566119,0.029078056414922032,0.01309325444565195,0.0001847962994361,8.681178983003222e-05,0.0001641147900954559,7.930825631284261e-05,1.0,1.0,0.13517459923910136,0.048751433779914435,0.8686810522879967,0.10522102253462719,0.22811616470172602,0.036805693668715486,0.0005715591490372343,0.00026809894066937896
relu,120,1,0.038876889894405936,0.0006978937268123021,7.957054511583314e-07,1.3144759881551726e-07,0.07008970156311987,0.009248146704543164,0.9109137654304504,0.062440151602382,0.8143792549769083,0.07478724835184998,0.028961401432752568,0.0020538330726948594,0.009787151279548734,0.0034695718274777724,0.0324373164524634,0.00239964732963128,0.026986559852957698,0.0019273652904629895,0.02452310609320797,0.0003220093089757251,0.0021031498908996,0.00414397908861212,0.0,0.0,0.0,0.0,0.0,0.0,0.0,0.0,1.0,1.0,1.123797267640399,0.11803154142876383,0.8495849298700427,0.061088822820503666,0.0,0.0,0.0,0.0
relu,120,2,0.08846521129210787,0.0034738827964258226,1.5940043264587682e-06,1.808356883854832e-07,0.07008970156311987,0.009248146704543164,0.3500369389851888,0.04776807721277448,0.802584171295166,0.06877984542270636,0.09904719144105907,0.005703487534338667,0.04826711242397624,0.015951031159628377,0.04320676873127613,0.005275106836442352,0.020003613084554634,0.0034460439200657634,0.08626511941353476,0.0056498210366584456,0.003698891028761866,0.02166784669104651,0.03567353636026377,0.0014401379052137544,0.016424463130533667,0.006367224222249345,8.666319748344632e-05,3.868490376514352e-05,7.116636819165204e-05,3.391416587037145e-05,1.0,1.0,0.4381658356375078,0.06860421574997988,0.8749327537976007,0.10391625528009425,0.36040813438588426,0.006833306116455262,0.0008622831226148858,0.0003306053373350705
relu,120,3,0.27099534869194025,0.041251929867851346,3.618707902811972e-06,8.83721972115254e-07,0.07008970156311987,0.009248146704543164,0.14633339643478394,0.0106399844665102,0.8019494016965231,0.07442152585470228,0.34762367606163025,0.05376393719313529,0.18388999998569486,0.03903988440151267,0.06376689548293747,0.01160696681965103,0.020676693568627,0.005916036875760421,0.29989766577879584,0.09768883631436957,0.02897304544846217,0.09658425258727604,0.09386512388785677,0.015218421484173687,0.0371992948154608,0.026841913095174124,0.00030002033357348553,0.0002299090403028842,0.0002561633991717521,0.00020248948862187162,1.0,1.0,0.18390147624496558,0.026348012212737765,0.8497066316794543,0.15440640451331203,0.2757396187601309,0.07065030559158238,0.0008797673884804786,0.0007422463909380502
relu,200,1,0.0382352856298287,0.0013812790660065527,8.717021842130634e-07,7.792728134970232e-08,0.0697230162719885,0.009079907486094295,0.9467201431592306,0.08841180859638545,0.8046789367993673,0.10944708290285668,0.028601112465063697,0.003364207053253155,0.008001602565248766,0.0034645015806364235,0.0336687217156092,0.0024685332149013734,0.02897594434519603,0.0043335338859708085,0.025062063708901367,0.00024012915075553458,0.0012577140393356335,0.006870848691982922,0.0,0.0,0.0,0.0,0.0,0.0,0.0,0.0,1.0,1.0,1.1848143257681427,0.11973786789920983,0.8847784574006533,0.1086840908289989,0.0,0.0,0.0,0.0
relu,200,2,0.1034779126445452,0.0009169254426505657,1.6871012273137846e-06,9.512076712434547e-08,0.0697230162719885,0.009079907486094295,0.44865965843200684,0.062255999669885195,0.7994653979937235,0.08499986470013858,0.111137015124162,0.011798204010424059,0.051682782669862065,0.023045138026712254,0.06224333991607026,0.007339450124013554,0.037216760839025136,0.010889807129798187,0.09649784614642458,0.0016904668943804454,-0.0076528044107059675,0.03372384468155,0.039805325369040134,0.0011940185109336956,0.022102727244297637,0.0043914742534090015,0.00014839566574656666,3.300582206376847e-05,0.00012846901760586667,2.8137343584892713e-05,1.0,1.0,0.5628154787126646,0.07623631015275367,0.8755954485979435,0.10340895802236595,0.36080749641080195,0.03958844009363454,0.0013314858662596182,0.00022101410752216265
relu,200,3,0.32371710737546283,0.06442972070950946,3.844174140491911e-06,5.202544186443833e-07,0.0697230162719885,0.009079907486094295,0.22083894908428184,0.05837703330017522,0.8221757809321085,0.07963170699247893,0.4072844286759694,0.10064272713022808,0.23854845762252808,0.036774142389101,0.1060141623020172,0.014656384319525782,0.041157616302371004,0.018852072867111026,0.33535166581471754,0.10983637207963137,-0.029057390366991398,0.10018692034479279,0.12154766917228693,0.010997110310792335,0.07249525934457773,0.018657737411669446,0.0006715182680636333,3.346854177465482e-05,0.0005730655975639333,9.05524195771965e-05,1.0,1.0,0.26919218941858286,0.06610737699470139,0.8144529328280917,0.07523839000542065,0.30704036259814427,0.056832796331149016,0.0016979375488805363,0.0002987829564136657
relu,300,1,0.03363489111264543,0.002822112775603951,9.080810248936663e-07,1.262772949169681e-07,0.0590647533535957,0.027935613261437026,0.7645459969838461,0.07294354596946702,0.7628772556781769,0.3511827574411858,0.026988282178839,0.01185823972850499,0.010611219471077958,0.01394755615073878,0.027209811533490797,0.0024731558718821657,0.020411621158321666,0.001084124737820428,0.022622759143511435,0.0014971464699286897,0.002612059470266066,0.011420250702061744,0.0,0.0,0.0,0.0,0.0,0.0,0.0,0.0,1.0,1.0,1.134576127342939,0.43140341801946896,0.94866581669818,0.37810052440192893,0.0,0.0,0.0,0.0
relu,300,2,0.1418048118551572,0.03021633670364702,1.9239649494314412e-06,2.723041015148897e-07,0.0590647533535957,0.027935613261437026,0.47152015566825867,0.028124459125633487,0.7229559024175009,0.32635853540176185,0.12372355659802749,0.05893876518574439,0.0664055968324343,0.07252473797984364,0.0800879448652267,0.0072049054456863534,0.0493325342734654,0.007932815741433103,0.1019302606582641,0.004836121688917239,0.004354430362582168,0.057706286690041804,0.03713439529140783,0.008741247729434866,0.021549679649372867,0.010574368822286502,0.00017571431332416665,9.246023255715265e-05,0.00016251613851633333,8.892129382369341e-05,1.0,1.0,0.7377975335946556,0.28526693356006305,0.9435876189913354,0.3835968187375753,0.32796293529655957,0.10163184293574486,0.001433773461398084,0.0003125555403568013
relu,300,3,0.48987922072410583,0.12846954900579136,4.3233161098517785e-06,4.978344294061106e-07,0.0590647533535957,0.027935613261437026,0.3565224806467692,0.0407367500189039,0.6949401696523031,0.31352497976996585,0.44089611371358234,0.1865820859242776,0.21295371651649467,0.2295654385008623,0.2253039181232452,0.018204235078629227,0.09546087185541786,0.02009068563602607,0.3679406742254893,0.11724015364944299,0.05937132736047107,0.20598506954774015,0.17833673954010007,0.06494282020719411,0.12107179065545393,0.06258704433300392,0.0011814151075668334,0.0009670467518837636,0.0010216043059093,0.0008952272012015467,1.0,1.0,0.5730479826726842,0.22240188821213708,0.9220105413889056,0.35957848351816857,0.4257239952894314,0.11599041308412153,0.0025074755898884314,0.0011271859008263004
