step,layer,selection,n_selected,step_norm,predicted_decrease,actual_decrease,cosine,raw_direction_norm,probe_loss,config,seed
120.0,1.0,full,300.0,0.001,-1.1921563327632612e-06,-1.1920928955078125e-06,-0.006880983244627714,11.5986328125,3.265596389770508,base,0
120.0,1.0,current,60.0,0.001,-1.517519194749184e-06,-1.430511474609375e-06,-0.008758938871324062,7.415459632873535,3.265596389770508,base,0
120.0,1.0,fixed120,60.0,0.001,-1.517519194749184e-06,-1.430511474609375e-06,-0.008758938871324062,7.415459632873535,3.265596389770508,base,0
120.0,1.0,random,60.0,0.001,4.443609668669524e-06,4.291534423828125e-06,0.025647982954978943,5.042357444763184,3.265596389770508,base,0
120.0,1.0,complement120,240.0,0.001,-2.8864550927210075e-07,-2.384185791015625e-07,-0.0016660273540765047,8.918477058410645,3.265596389770508,base,0
120.0,2.0,full,300.0,0.001,-5.134914317750372e-06,-5.245208740234375e-06,-0.020870422944426537,6.998571395874023,3.265596389770508,base,0
120.0,2.0,current,60.0,0.001,-1.1172438462381251e-05,-1.1205673217773438e-05,-0.0454094260931015,5.608734130859375,3.265596389770508,base,0
120.0,2.0,fixed120,60.0,0.001,-1.1172438462381251e-05,-1.1205673217773438e-05,-0.0454094260931015,5.608734130859375,3.265596389770508,base,0
120.0,2.0,random,60.0,0.001,-6.637697538280918e-07,-7.152557373046875e-07,-0.0026978356763720512,2.9213738441467285,3.265596389770508,base,0
120.0,2.0,complement120,240.0,0.001,6.384747393894941e-06,6.198883056640625e-06,0.02595026232302189,4.185941696166992,3.265596389770508,base,0
120.0,3.0,full,300.0,0.001,-0.00011381306103430688,-0.00011444091796875,-0.21748024225234985,4.8068413734436035,3.265596389770508,base,0
120.0,3.0,current,60.0,0.001,-0.00013179077359382063,-0.0001323223114013672,-0.2518330514431,4.361881732940674,3.265596389770508,base,0
120.0,3.0,fixed120,60.0,0.001,-0.00013179077359382063,-0.0001323223114013672,-0.2518330514431,4.361881732940674,3.265596389770508,base,0
120.0,3.0,random,60.0,0.001,-6.119380032032495e-06,-6.198883056640625e-06,-0.01169324666261673,2.019923210144043,3.265596389770508,base,0
120.0,3.0,complement120,240.0,0.001,1.3750866855843924e-05,1.3589859008789062e-05,0.026275908574461937,2.019829750061035,3.265596389770508,base,0
200.0,1.0,full,300.0,0.001,-1.4915399049186817e-07,-2.384185791015625e-07,-0.0007133250473998487,11.874879837036133,3.2550363540649414,base,0
200.0,1.0,current,60.0,0.001,-7.669825663469965e-08,-2.384185791015625e-07,-0.0003668073914013803,6.845823287963867,3.2550363540649414,base,0
200.0,1.0,fixed120,60.0,0.001,-2.974744120365358e-06,-3.0994415283203125e-06,-0.014226634986698627,6.621516227722168,3.2550363540649414,base,0
200.0,1.0,random,60.0,0.001,4.1269936446042266e-06,3.814697265625e-06,0.019737238064408302,5.159892559051514,3.2550363540649414,base,0
200.0,1.0,complement120,240.0,0.001,1.81854613856558e-06,1.6689300537109375e-06,0.008697149343788624,9.85739803314209,3.2550363540649414,base,0
200.0,2.0,full,300.0,0.001,1.529049768578261e-05,1.52587890625e-05,0.04428098723292351,9.66783618927002,3.2550363540649414,base,0
200.0,2.0,current,60.0,0.001,1.484403128415579e-05,1.4781951904296875e-05,0.04298802465200424,7.266150951385498,3.2550363540649414,base,0
200.0,2.0,fixed120,60.0,0.001,-1.2676469850703143e-05,-1.2874603271484375e-05,-0.03671080991625786,6.066313743591309,3.2550363540649414,base,0
200.0,2.0,random,60.0,0.001,4.9949103413382545e-06,4.76837158203125e-06,0.01446516439318657,4.4768853187561035,3.2550363540649414,base,0
200.0,2.0,complement120,240.0,0.001,2.9852975785615854e-05,2.9802322387695312e-05,0.0864536389708519,7.527740955352783,3.2550363540649414,base,0
200.0,3.0,full,300.0,0.001,-3.413300873944536e-05,-3.4332275390625e-05,-0.056541912257671356,6.400078296661377,3.2550363540649414,base,0
200.0,3.0,current,60.0,0.001,-4.849233300774358e-05,-4.887580871582031e-05,-0.08032838255167007,5.482743263244629,3.2550363540649414,base,0
200.0,3.0,fixed120,60.0,0.001,-4.807767618331127e-05,-4.839897155761719e-05,-0.07964149117469788,5.2471747398376465,3.2550363540649414,base,0
200.0,3.0,random,60.0,0.001,-1.3482804206432775e-05,-1.3828277587890625e-05,-0.022334495559334755,2.91903018951416,3.2550363540649414,base,0
200.0,3.0,complement120,240.0,0.001,9.228688213624991e-06,9.059906005859375e-06,0.015287479385733604,3.664445161819458,3.2550363540649414,base,0
300.0,1.0,full,300.0,0.001,6.1740561250189785e-06,6.198883056640625e-06,0.018848001956939697,11.78239917755127,3.216761589050293,base,0
300.0,1.0,current,60.0,0.001,-5.262002559902612e-06,-5.245208740234375e-06,-0.016063706949353218,5.856044292449951,3.216761589050293,base,0
300.0,1.0,fixed120,60.0,0.001,3.449453629400523e-07,4.76837158203125e-07,0.0010530403815209866,5.81512975692749,3.216761589050293,base,0
300.0,1.0,random,60.0,0.001,2.0987679363315692e-06,2.1457672119140625e-06,0.006407064851373434,5.203365325927734,3.216761589050293,base,0
300.0,1.0,complement120,240.0,0.001,6.903147550474387e-06,6.9141387939453125e-06,0.021073753014206886,10.24739933013916,3.216761589050293,base,0
300.0,2.0,full,300.0,0.001,-8.599774901085766e-07,-9.5367431640625e-07,-0.0014366678660735488,12.19365119934082,3.216761589050293,base,0
300.0,2.0,current,60.0,0.001,2.8427000870578922e-05,2.8371810913085938e-05,0.047489799559116364,7.557021141052246,3.216761589050293,base,0
300.0,2.0,fixed120,60.0,0.001,-2.033850978477858e-05,-2.0503997802734375e-05,-0.033977266401052475,6.370347499847412,3.216761589050293,base,0
300.0,2.0,random,60.0,0.001,-1.3633244861921412e-06,-1.430511474609375e-06,-0.002277553314343095,5.519998550415039,3.216761589050293,base,0
300.0,2.0,complement120,240.0,0.001,1.1452699254732579e-05,1.1444091796875e-05,0.019132740795612335,10.397296905517578,3.216761589050293,base,0
300.0,3.0,full,300.0,0.001,-4.531742160907015e-05,-4.5299530029296875e-05,-0.04444190487265587,11.745875358581543,3.216761589050293,base,0
300.0,3.0,current,60.0,0.001,-6.077287980588153e-05,-6.079673767089844e-05,-0.05959876999258995,8.207576751708984,3.216761589050293,base,0
300.0,3.0,fixed120,60.0,0.001,-3.183754233759828e-05,-3.1948089599609375e-05,-0.031222453340888023,7.064692974090576,3.216761589050293,base,0
300.0,3.0,random,60.0,0.001,-3.6488785553956404e-05,-3.6716461181640625e-05,-0.035783834755420685,5.6234354972839355,3.216761589050293,base,0
300.0,3.0,complement120,240.0,0.001,-3.2755422580521554e-05,-3.2901763916015625e-05,-0.03212260082364082,9.38379955291748,3.216761589050293,base,0
500.0,1.0,full,300.0,0.001,-4.951366463501472e-06,-5.0067901611328125e-06,-0.013866947032511234,8.891804695129395,2.9617342948913574,base,0
500.0,1.0,current,60.0,0.001,-6.156844392535277e-06,-6.198883056640625e-06,-0.017243044450879097,4.588225841522217,2.9617342948913574,base,0
500.0,1.0,fixed120,60.0,0.001,6.941780839042622e-07,7.152557373046875e-07,0.0019441362237557769,4.26510763168335,2.9617342948913574,base,0
500.0,1.0,random,60.0,0.001,-8.492414167449169e-07,-9.5367431640625e-07,-0.0023784113582223654,3.924427032470703,2.9617342948913574,base,0
500.0,1.0,complement120,240.0,0.001,-6.022380148351658e-06,-5.9604644775390625e-06,-0.01686646044254303,7.80211877822876,2.9617342948913574,base,0
500.0,2.0,full,300.0,0.001,-1.2483977116062306e-05,-1.239776611328125e-05,-0.017065487802028656,10.798945426940918,2.9617342948913574,base,0
500.0,2.0,current,60.0,0.001,-5.400182999437675e-05,-5.412101745605469e-05,-0.07382003217935562,6.597808837890625,2.9617342948913574,base,0
500.0,2.0,fixed120,60.0,0.001,-1.7198650539285154e-06,-1.6689300537109375e-06,-0.0023510404862463474,4.671168804168701,2.9617342948913574,base,0
500.0,2.0,random,60.0,0.001,1.8574012301542098e-06,1.6689300537109375e-06,0.002539051230996847,4.462054252624512,2.9617342948913574,base,0
500.0,2.0,complement120,240.0,0.001,-1.3021248378208838e-05,-1.2874603271484375e-05,-0.01779993250966072,9.736394882202148,2.9617342948913574,base,0
500.0,3.0,full,300.0,0.001,-5.108152618049644e-05,-5.1021575927734375e-05,-0.03577815368771553,12.344386100769043,2.9617342948913574,base,0
500.0,3.0,current,60.0,0.001,-1.1406847988837399e-05,-1.1444091796875e-05,-0.00798950158059597,6.560102939605713,2.9617342948913574,base,0
500.0,3.0,fixed120,60.0,0.001,-1.1799068488471676e-05,-1.1920928955078125e-05,-0.008264218457043171,5.643998622894287,2.9617342948913574,base,0
500.0,3.0,random,60.0,0.001,-4.621742118615657e-05,-4.6253204345703125e-05,-0.03237127140164375,5.300414562225342,2.9617342948913574,base,0
500.0,3.0,complement120,240.0,0.001,-5.137061089044437e-05,-5.14984130859375e-05,-0.03598063066601753,10.978575706481934,2.9617342948913574,base,0
1000.0,1.0,full,300.0,0.001,3.492338873911649e-05,3.4809112548828125e-05,0.19342447817325592,3.9625673294067383,1.7180290222167969,base,0
1000.0,1.0,current,60.0,0.001,1.427965526090702e-05,1.430511474609375e-05,0.07908839732408524,2.086153268814087,1.7180290222167969,base,0
1000.0,1.0,fixed120,60.0,0.001,1.9072112991125323e-05,1.9073486328125e-05,0.10563160479068756,1.880606770515442,1.7180290222167969,base,0
1000.0,1.0,random,60.0,0.001,1.294831236009486e-05,1.2874603271484375e-05,0.07171471416950226,1.7558234930038452,1.7180290222167969,base,0
1000.0,1.0,complement120,240.0,0.001,2.9393020668067038e-05,2.944469451904297e-05,0.1627943366765976,3.487873077392578,1.7180290222167969,base,0
1000.0,2.0,full,300.0,0.001,2.2867563529871404e-05,2.288818359375e-05,0.06813200563192368,4.866788387298584,1.7180290222167969,base,0
1000.0,2.0,current,60.0,0.001,6.141872745502042e-06,6.079673767089844e-06,0.018299201503396034,2.612215042114258,1.7180290222167969,base,0
1000.0,2.0,fixed120,60.0,0.001,2.776963810902089e-06,2.6226043701171875e-06,0.008273732848465443,2.226275682449341,1.7180290222167969,base,0
1000.0,2.0,random,60.0,0.001,1.460671683162218e-05,1.4543533325195312e-05,0.04351950064301491,2.0211546421051025,1.7180290222167969,base,0
1000.0,2.0,complement120,240.0,0.001,2.428734842396807e-05,2.4318695068359375e-05,0.07236213982105255,4.327739238739014,1.7180290222167969,base,0
1000.0,3.0,full,300.0,0.001,3.849802305921912e-05,3.838539123535156e-05,0.053997114300727844,5.337399959564209,1.7180290222167969,base,0
1000.0,3.0,current,60.0,0.001,-3.1018239496916067e-06,-3.0994415283203125e-06,-0.004350601229816675,2.9789435863494873,1.7180290222167969,base,0
1000.0,3.0,fixed120,60.0,0.001,4.739243013318628e-05,4.7326087951660156e-05,0.0664723590016365,2.323430299758911,1.7180290222167969,base,0
1000.0,3.0,random,60.0,0.001,9.935704838426318e-06,9.894371032714844e-06,0.013935764320194721,2.254526138305664,1.7180290222167969,base,0
1000.0,3.0,complement120,240.0,0.001,1.9846673239953816e-05,1.9788742065429688e-05,0.027836835011839867,4.805155277252197,1.7180290222167969,base,0
1500.0,1.0,full,300.0,0.001,4.3986448872601613e-05,4.38690185546875e-05,0.31523874402046204,2.6034328937530518,1.2582671642303467,base,0
1500.0,1.0,current,60.0,0.001,2.1188368918956257e-05,2.110004425048828e-05,0.15185119211673737,1.371637225151062,1.2582671642303467,base,0
1500.0,1.0,fixed120,60.0,0.001,2.4729324650252238e-05,2.4557113647460938e-05,0.17722824215888977,1.2596826553344727,1.2582671642303467,base,0
1500.0,1.0,random,60.0,0.001,1.7844760805019177e-05,1.7881393432617188e-05,0.127888485789299,1.123408317565918,1.2582671642303467,base,0
1500.0,1.0,complement120,240.0,0.001,3.658928835648112e-05,3.647804260253906e-05,0.26222532987594604,2.2783901691436768,1.2582671642303467,base,0
1500.0,2.0,full,300.0,0.001,3.3343192626489326e-05,3.325939178466797e-05,0.15462172031402588,3.090538501739502,1.2582671642303467,base,0
1500.0,2.0,current,60.0,0.001,3.0738181521883234e-05,3.063678741455078e-05,0.1425415426492691,1.6401722431182861,1.2582671642303467,base,0
1500.0,2.0,fixed120,60.0,0.001,7.872876267356332e-06,7.867813110351562e-06,0.03650873154401779,1.4107166528701782,1.2582671642303467,base,0
1500.0,2.0,random,60.0,0.001,2.747275539149996e-05,2.7418136596679688e-05,0.12739886343479156,1.300628662109375,1.2582671642303467,base,0
1500.0,2.0,complement120,240.0,0.001,3.343610660522245e-05,3.337860107421875e-05,0.15505258738994598,2.7497830390930176,1.2582671642303467,base,0
1500.0,3.0,full,300.0,0.001,3.322619522805326e-05,3.314018249511719e-05,0.07674504816532135,3.3763325214385986,1.2582671642303467,base,0
1500.0,3.0,current,60.0,0.001,2.0229219444445334e-05,2.002716064453125e-05,0.04672495648264885,1.85539972782135,1.2582671642303467,base,0
1500.0,3.0,fixed120,60.0,0.001,3.6529512726701796e-05,3.635883331298828e-05,0.08437497913837433,1.482602834701538,1.2582671642303467,base,0
1500.0,3.0,random,60.0,0.001,2.2776801415602677e-05,2.2649765014648438e-05,0.05260930210351944,1.480815052986145,1.2582671642303467,base,0
1500.0,3.0,complement120,240.0,0.001,1.912835068651475e-05,1.9073486328125e-05,0.044182199984788895,3.0333991050720215,1.2582671642303467,base,0
3000.0,1.0,full,300.0,0.001,9.797138773137704e-05,9.775161743164062e-05,0.6620033383369446,1.577918529510498,0.7642165422439575,base,0
3000.0,1.0,current,60.0,0.001,5.646016506943852e-05,5.638599395751953e-05,0.3815075159072876,0.8572375178337097,0.7642165422439575,base,0
3000.0,1.0,fixed120,60.0,0.001,5.8070025261258706e-05,5.799531936645508e-05,0.3923855125904083,0.7890952825546265,0.7642165422439575,base,0
3000.0,1.0,random,60.0,0.001,4.6104596549412236e-05,4.601478576660156e-05,0.3115338087081909,0.6826854348182678,0.7642165422439575,base,0
3000.0,1.0,complement120,240.0,0.001,7.959966023918241e-05,7.94529914855957e-05,0.5378636121749878,1.3664391040802002,0.7642165422439575,base,0
3000.0,2.0,full,300.0,0.001,7.831949187675491e-05,7.814168930053711e-05,0.5530641078948975,1.9250386953353882,0.7642165422439575,base,0
3000.0,2.0,current,60.0,0.001,4.679397534346208e-05,4.667043685913086e-05,0.33044224977493286,1.0591710805892944,0.7642165422439575,base,0
3000.0,2.0,fixed120,60.0,0.001,3.44165091519244e-05,3.4332275390625e-05,0.24303701519966125,0.8910558819770813,0.7642165422439575,base,0
3000.0,2.0,random,60.0,0.001,4.634581637219526e-05,4.6253204345703125e-05,0.3272775113582611,0.8010655045509338,0.7642165422439575,base,0
3000.0,2.0,complement120,240.0,0.001,7.038276817183942e-05,7.021427154541016e-05,0.49701783061027527,1.7063977718353271,0.7642165422439575,base,0
3000.0,3.0,full,300.0,0.001,5.628428698400967e-05,5.620718002319336e-05,0.26365819573402405,1.9825496673583984,0.7642165422439575,base,0
3000.0,3.0,current,60.0,0.001,3.763652057386935e-05,3.7550926208496094e-05,0.17630456387996674,1.1722813844680786,0.7642165422439575,base,0
3000.0,3.0,fixed120,60.0,0.001,3.2931020541582257e-05,3.2782554626464844e-05,0.15426211059093475,0.876164436340332,0.7642165422439575,base,0
3000.0,3.0,random,60.0,0.001,2.8687058147625066e-05,2.86102294921875e-05,0.13438169658184052,0.9291138052940369,0.7642165422439575,base,0
3000.0,3.0,complement120,240.0,0.001,4.652028655982576e-05,4.64320182800293e-05,0.21791969239711761,1.7784372568130493,0.7642165422439575,base,0
120.0,1.0,full,300.0,0.001,-5.03797355122515e-06,-5.0067901611328125e-06,-0.03410472348332405,11.894346237182617,3.28195858001709,base,1
120.0,1.0,current,60.0,0.001,-1.823946945478383e-06,-1.6689300537109375e-06,-0.012347267009317875,7.549530982971191,3.28195858001709,base,1
120.0,1.0,fixed120,60.0,0.001,-1.823946945478383e-06,-1.6689300537109375e-06,-0.012347267009317875,7.549530982971191,3.28195858001709,base,1
120.0,1.0,random,60.0,0.001,-3.081723207287723e-06,-3.0994415283203125e-06,-0.020861823111772537,5.178929805755615,3.28195858001709,base,1
120.0,1.0,complement120,240.0,0.001,-5.021428023610497e-06,-5.0067901611328125e-06,-0.0339927151799202,9.191302299499512,3.28195858001709,base,1
120.0,2.0,full,300.0,0.001,-2.4516832127119415e-05,-2.4318695068359375e-05,-0.10201570391654968,7.108904838562012,3.28195858001709,base,1
120.0,2.0,current,60.0,0.001,-3.129545439151116e-05,-3.123283386230469e-05,-0.1302218735218048,5.887699604034424,3.28195858001709,base,1
120.0,2.0,fixed120,60.0,0.001,-3.129545439151116e-05,-3.123283386230469e-05,-0.1302218735218048,5.887699604034424,3.28195858001709,base,1
120.0,2.0,random,60.0,0.001,-4.0666604036232457e-05,-4.0531158447265625e-05,-0.16921567916870117,3.6327881813049316,3.28195858001709,base,1
120.0,2.0,complement120,240.0,0.001,2.502667939552339e-06,2.86102294921875e-06,0.010413720272481441,3.983907699584961,3.28195858001709,base,1
120.0,3.0,full,300.0,0.001,7.422860107908491e-06,7.3909759521484375e-06,0.013283518142998219,5.975926399230957,3.28195858001709,base,1
120.0,3.0,current,60.0,0.001,-7.991396273610007e-07,-9.5367431640625e-07,-0.00143009377643466,5.584460258483887,3.28195858001709,base,1
120.0,3.0,fixed120,60.0,0.001,-7.991396273610007e-07,-9.5367431640625e-07,-0.00143009377643466,5.584460258483887,3.28195858001709,base,1
120.0,3.0,random,60.0,0.001,-5.626758502330631e-05,-5.626678466796875e-05,-0.10069318860769272,3.205700159072876,3.28195858001709,base,1
120.0,3.0,complement120,240.0,0.001,2.2949599951971322e-05,2.288818359375e-05,0.04106926545500755,2.127323865890503,3.28195858001709,base,1
200.0,1.0,full,300.0,0.001,-4.014374553662492e-06,-4.291534423828125e-06,-0.020952638238668442,11.757735252380371,3.2718863487243652,base,1
200.0,1.0,current,60.0,0.001,-1.9839052356473985e-07,-4.76837158203125e-07,-0.001035480061545968,6.502674579620361,3.2718863487243652,base,1
200.0,1.0,fixed120,60.0,0.001,2.987580387525668e-07,0.0,0.0015593386488035321,6.510952472686768,3.2718863487243652,base,1
200.0,1.0,random,60.0,0.001,2.4215676148742205e-06,2.384185791015625e-06,0.012639136984944344,5.360841274261475,3.2718863487243652,base,1
200.0,1.0,complement120,240.0,0.001,-5.019730906496989e-06,-5.245208740234375e-06,-0.026200000196695328,9.79039478302002,3.2718863487243652,base,1
200.0,2.0,full,300.0,0.001,-1.4687576367578004e-05,-1.4781951904296875e-05,-0.045482415705919266,9.401238441467285,3.2718863487243652,base,1
200.0,2.0,current,60.0,0.001,-1.1390049621695653e-05,-1.1444091796875e-05,-0.03527110069990158,7.384989261627197,3.2718863487243652,base,1
200.0,2.0,fixed120,60.0,0.001,-1.9102692021988332e-05,-1.9550323486328125e-05,-0.05915452167391777,6.724407196044922,3.2718863487243652,base,1
200.0,2.0,random,60.0,0.001,-4.283179441699758e-05,-4.291534423828125e-05,-0.1326354593038559,4.168465614318848,3.2718863487243652,base,1
200.0,2.0,complement120,240.0,0.001,-1.4653051039204001e-06,-1.9073486328125e-06,-0.004537550266832113,6.5700554847717285,3.2718863487243652,base,1
200.0,3.0,full,300.0,0.001,-4.6385048335650936e-05,-4.696846008300781e-05,-0.07805673778057098,6.374338626861572,3.2718863487243652,base,1
200.0,3.0,current,60.0,0.001,-5.9167603467358276e-05,-5.984306335449219e-05,-0.0995672196149826,5.766708850860596,3.2718863487243652,base,1
200.0,3.0,fixed120,60.0,0.001,-5.066102312412113e-05,-5.125999450683594e-05,-0.08525234460830688,5.440672397613525,3.2718863487243652,base,1
200.0,3.0,random,60.0,0.001,-9.688283171271905e-06,-1.0013580322265625e-05,-0.01630343869328499,2.470057249069214,3.2718863487243652,base,1
200.0,3.0,complement120,240.0,0.001,-6.03490843786858e-06,-6.198883056640625e-06,-0.010155541822314262,3.321336269378662,3.2718863487243652,base,1
300.0,1.0,full,300.0,0.001,-2.2627161797572626e-06,-2.1457672119140625e-06,-0.00745165441185236,11.99238109588623,3.298588514328003,base,1
300.0,1.0,current,60.0,0.001,5.586875886365306e-06,5.4836273193359375e-06,0.018398890271782875,6.158010959625244,3.298588514328003,base,1
300.0,1.0,fixed120,60.0,0.001,4.312094006309053e-06,4.291534423828125e-06,0.014200735837221146,5.7839179039001465,3.298588514328003,base,1
300.0,1.0,random,60.0,0.001,7.2789198384271e-06,7.3909759521484375e-06,0.023971188813447952,5.748980522155762,3.298588514328003,base,1
300.0,1.0,complement120,240.0,0.001,-4.9570840019441675e-06,-5.0067901611328125e-06,-0.016324838623404503,10.505401611328125,3.298588514328003,base,1
300.0,2.0,full,300.0,0.001,-2.0519335521385074e-05,-2.0742416381835938e-05,-0.03472436964511871,11.67995834350586,3.298588514328003,base,1
300.0,2.0,current,60.0,0.001,-9.254338692699093e-06,-9.298324584960938e-06,-0.01566089130938053,7.876135349273682,3.298588514328003,base,1
300.0,2.0,fixed120,60.0,0.001,-1.8193394453192013e-06,-1.9073486328125e-06,-0.0030788236763328314,6.608797073364258,3.298588514328003,base,1
300.0,2.0,random,60.0,0.001,-9.86245595413493e-06,-9.775161743164062e-06,-0.01668999344110489,5.3219475746154785,3.298588514328003,base,1
300.0,2.0,complement120,240.0,0.001,-2.363770909141749e-05,-2.3603439331054688e-05,-0.0400015190243721,9.63043212890625,3.298588514328003,base,1
300.0,3.0,full,300.0,0.001,-0.0001639073307160288,-0.00016427040100097656,-0.12445835024118423,12.248505592346191,3.298588514328003,base,1
300.0,3.0,current,60.0,0.001,-0.00018301392265129834,-0.00018310546875,-0.1389663964509964,9.348578453063965,3.298588514328003,base,1
300.0,3.0,fixed120,60.0,0.001,-3.30648290400859e-05,-3.314018249511719e-05,-0.02510683424770832,6.317147254943848,3.298588514328003,base,1
300.0,3.0,random,60.0,0.001,-0.00011522319982759655,-0.00011563301086425781,-0.08749144524335861,5.68623685836792,3.298588514328003,base,1
300.0,3.0,complement120,240.0,0.001,-0.00017141041462309659,-0.00017189979553222656,-0.13015560805797577,10.493786811828613,3.298588514328003,base,1
500.0,1.0,full,300.0,0.001,-1.0936559192487039e-05,-1.0728836059570312e-05,-0.03333761915564537,8.754639625549316,3.058838367462158,base,1
500.0,1.0,current,60.0,0.001,6.3338761719933245e-06,6.4373016357421875e-06,0.01930738426744938,4.229921340942383,3.058838367462158,base,1
500.0,1.0,fixed120,60.0,0.001,3.5948760341852903e-06,3.814697265625e-06,0.010958163999021053,4.010804653167725,3.058838367462158,base,1
500.0,1.0,random,60.0,0.001,9.621038543627947e-07,9.5367431640625e-07,0.002932755509391427,4.094544410705566,3.058838367462158,base,1
500.0,1.0,complement120,240.0,0.001,-1.4156534234643914e-05,-1.4066696166992188e-05,-0.043152984231710434,7.7818474769592285,3.058838367462158,base,1
500.0,2.0,full,300.0,0.001,-2.6930447347695008e-05,-2.6702880859375e-05,-0.04273822903633118,10.460156440734863,3.058838367462158,base,1
500.0,2.0,current,60.0,0.001,1.1341124945829506e-06,1.1920928955078125e-06,0.001799820107407868,6.481086254119873,3.058838367462158,base,1
500.0,2.0,fixed120,60.0,0.001,-1.2340378816588782e-05,-1.239776611328125e-05,-0.01958400197327137,4.714014530181885,3.058838367462158,base,1
500.0,2.0,random,60.0,0.001,-1.12944526335923e-05,-1.1205673217773438e-05,-0.01792413368821144,4.469675540924072,3.058838367462158,base,1
500.0,2.0,complement120,240.0,0.001,-2.3937755031511188e-05,-2.384185791015625e-05,-0.037988871335983276,9.337715148925781,3.058838367462158,base,1
500.0,3.0,full,300.0,0.001,-0.00010729410132626072,-0.00010728836059570312,-0.08108336478471756,10.649097442626953,3.058838367462158,base,1
500.0,3.0,current,60.0,0.001,-8.867507858667523e-05,-8.869171142578125e-05,-0.06701275706291199,6.795526504516602,3.058838367462158,base,1
500.0,3.0,fixed120,60.0,0.001,-4.497530244407244e-05,-4.482269287109375e-05,-0.0339883416891098,5.285915374755859,3.058838367462158,base,1
500.0,3.0,random,60.0,0.001,-7.943090895423666e-05,-7.939338684082031e-05,-0.06002683565020561,5.046375274658203,3.058838367462158,base,1
500.0,3.0,complement120,240.0,0.001,-9.787887393031269e-05,-9.775161743164062e-05,-0.07396816462278366,9.244586944580078,3.058838367462158,base,1
1000.0,1.0,full,300.0,0.001,1.4942725101718679e-05,1.5020370483398438e-05,0.06391090899705887,4.494042873382568,1.876401424407959,base,1
1000.0,1.0,current,60.0,0.001,6.795210538257379e-06,6.67572021484375e-06,0.02906351536512375,2.2779088020324707,1.876401424407959,base,1
1000.0,1.0,fixed120,60.0,0.001,1.4321122762339655e-05,1.430511474609375e-05,0.06125228479504585,2.0300607681274414,1.876401424407959,base,1
1000.0,1.0,random,60.0,0.001,9.056908311322331e-06,9.059906005859375e-06,0.03873692825436592,2.0687038898468018,1.876401424407959,base,1
1000.0,1.0,complement120,240.0,0.001,9.497808605374303e-06,9.417533874511719e-06,0.040622685104608536,4.009397983551025,1.876401424407959,base,1
1000.0,2.0,full,300.0,0.001,2.7303598471917212e-05,2.7298927307128906e-05,0.07531970739364624,5.130686283111572,1.876401424407959,base,1
1000.0,2.0,current,60.0,0.001,1.7266593204112723e-05,1.728534698486328e-05,0.04763162508606911,2.8673858642578125,1.876401424407959,base,1
1000.0,2.0,fixed120,60.0,0.001,3.6220928450347856e-05,3.62396240234375e-05,0.09991905838251114,2.4067420959472656,1.876401424407959,base,1
1000.0,2.0,random,60.0,0.001,1.9394019545870833e-05,1.9311904907226562e-05,0.05350033938884735,2.3561487197875977,1.876401424407959,base,1
1000.0,2.0,complement120,240.0,0.001,1.1677275324473158e-05,1.1682510375976562e-05,0.03221293166279793,4.5311737060546875,1.876401424407959,base,1
1000.0,3.0,full,300.0,0.001,2.760138886515051e-05,2.765655517578125e-05,0.032245736569166183,6.096303462982178,1.876401424407959,base,1
1000.0,3.0,current,60.0,0.001,2.890719406423159e-05,2.8848648071289062e-05,0.03377126157283783,3.505390167236328,1.876401424407959,base,1
1000.0,3.0,fixed120,60.0,0.001,3.105154610238969e-05,3.0994415283203125e-05,0.0362764373421669,2.7708523273468018,1.876401424407959,base,1
1000.0,3.0,random,60.0,0.001,1.5265677575371228e-06,1.430511474609375e-06,0.0017834356985986233,2.5147411823272705,1.876401424407959,base,1
1000.0,3.0,complement120,240.0,0.001,1.5142513802857138e-05,1.52587890625e-05,0.017690468579530716,5.430220127105713,1.876401424407959,base,1
1500.0,1.0,full,300.0,0.001,3.9784194086678326e-05,3.981590270996094e-05,0.2580641806125641,2.745595932006836,1.286377191543579,base,1
1500.0,1.0,current,60.0,0.001,1.543796679470688e-05,1.5497207641601562e-05,0.10013992339372635,1.3425227403640747,1.286377191543579,base,1
1500.0,1.0,fixed120,60.0,0.001,2.3482736651203595e-05,2.3603439331054688e-05,0.1523231416940689,1.2342751026153564,1.286377191543579,base,1
1500.0,1.0,random,60.0,0.001,2.0547196982079186e-05,2.0742416381835938e-05,0.13328146934509277,1.2705036401748657,1.286377191543579,base,1
1500.0,1.0,complement120,240.0,0.001,3.2720268791308627e-05,3.2901763916015625e-05,0.21224333345890045,2.452521562576294,1.286377191543579,base,1
1500.0,2.0,full,300.0,0.001,3.526664659148082e-05,3.528594970703125e-05,0.16938789188861847,3.0725655555725098,1.286377191543579,base,1
1500.0,2.0,current,60.0,0.001,2.0661795133491978e-05,2.0742416381835938e-05,0.09923987835645676,1.711661696434021,1.286377191543579,base,1
1500.0,2.0,fixed120,60.0,0.001,2.273227073601447e-05,2.288818359375e-05,0.10918449610471725,1.44694185256958,1.286377191543579,base,1
1500.0,2.0,random,60.0,0.001,2.178992872359231e-05,2.193450927734375e-05,0.10465837270021439,1.4096931219100952,1.286377191543579,base,1
1500.0,2.0,complement120,240.0,0.001,2.784200114547275e-05,2.7894973754882812e-05,0.13372685015201569,2.710538148880005,1.286377191543579,base,1
1500.0,3.0,full,300.0,0.001,3.998724423581734e-05,4.00543212890625e-05,0.0791500136256218,3.5866761207580566,1.286377191543579,base,1
1500.0,3.0,current,60.0,0.001,2.8636801289394498e-05,2.872943878173828e-05,0.05668315291404724,2.0791141986846924,1.286377191543579,base,1
1500.0,3.0,fixed120,60.0,0.001,3.579898111638613e-05,3.600120544433594e-05,0.07085983455181122,1.6193552017211914,1.286377191543579,base,1
1500.0,3.0,random,60.0,0.001,1.575975511514116e-05,1.5854835510253906e-05,0.031194567680358887,1.6314258575439453,1.286377191543579,base,1
1500.0,3.0,complement120,240.0,0.001,2.6700610760599375e-05,2.682209014892578e-05,0.052850693464279175,3.2003023624420166,1.286377191543579,base,1
3000.0,1.0,full,300.0,0.001,8.135196549119428e-05,8.124113082885742e-05,0.5688226222991943,1.5279452800750732,0.7381333708763123,base,1
3000.0,1.0,current,60.0,0.001,3.678165376186371e-05,3.6716461181640625e-05,0.25718173384666443,0.7704412341117859,0.7381333708763123,base,1
3000.0,1.0,fixed120,60.0,0.001,4.172084663878195e-05,4.166364669799805e-05,0.29171714186668396,0.7164826989173889,0.7381333708763123,base,1
3000.0,1.0,random,60.0,0.001,4.08651030738838e-05,4.082918167114258e-05,0.285733699798584,0.7186701893806458,0.7381333708763123,base,1
3000.0,1.0,complement120,240.0,0.001,6.995627336436883e-05,6.985664367675781e-05,0.48914265632629395,1.3495441675186157,0.7381333708763123,base,1
3000.0,2.0,full,300.0,0.001,5.2552604756783694e-05,5.251169204711914e-05,0.45607107877731323,1.539014220237732,0.7381333708763123,base,1
3000.0,2.0,current,60.0,0.001,2.1469446437549777e-05,2.1457672119140625e-05,0.18631985783576965,0.8204156160354614,0.7381333708763123,base,1
3000.0,2.0,fixed120,60.0,0.001,3.2520263630431145e-05,3.248453140258789e-05,0.2822229564189911,0.7701737284660339,0.7381333708763123,base,1
3000.0,2.0,random,60.0,0.001,2.8786504117306322e-05,2.872943878173828e-05,0.24982000887393951,0.7163727879524231,0.7381333708763123,base,1
3000.0,2.0,complement120,240.0,0.001,4.1902781958924606e-05,4.184246063232422e-05,0.3636479675769806,1.3324403762817383,0.7381333708763123,base,1
3000.0,3.0,full,300.0,0.001,5.201614476391114e-05,5.1915645599365234e-05,0.24557164311408997,1.8686357736587524,0.7381333708763123,base,1
3000.0,3.0,current,60.0,0.001,1.6223217244260013e-05,1.615285873413086e-05,0.0765908807516098,1.0054025650024414,0.7381333708763123,base,1
3000.0,3.0,fixed120,60.0,0.001,3.4357850381638855e-05,3.4332275390625e-05,0.16220568120479584,0.7946035265922546,0.7381333708763123,base,1
3000.0,3.0,random,60.0,0.001,3.114001447102055e-05,3.1054019927978516e-05,0.1470140665769577,0.8568136096000671,0.7381333708763123,base,1
3000.0,3.0,complement120,240.0,0.001,4.1328843508381397e-05,4.124641418457031e-05,0.19511619210243225,1.6912732124328613,0.7381333708763123,base,1
120.0,1.0,full,300.0,0.001,-7.761416782159358e-06,-7.62939453125e-06,-0.045299381017684937,11.836457252502441,3.2739648818969727,base,2
120.0,1.0,current,60.0,0.001,-5.865153525519418e-06,-5.7220458984375e-06,-0.034231871366500854,6.946094512939453,3.2739648818969727,base,2
120.0,1.0,fixed120,60.0,0.001,-5.865153525519418e-06,-5.7220458984375e-06,-0.034231871366500854,6.946094512939453,3.2739648818969727,base,2
120.0,1.0,random,60.0,0.001,-5.037707524024881e-06,-5.0067901611328125e-06,-0.02940249629318714,5.510308265686035,3.2739648818969727,base,2
120.0,1.0,complement120,240.0,0.001,-5.334687557478901e-06,-5.245208740234375e-06,-0.031135816127061844,9.584022521972656,3.2739648818969727,base,2
120.0,2.0,full,300.0,0.001,3.788035201068851e-06,3.814697265625e-06,0.015159052796661854,6.303656101226807,3.2739648818969727,base,2
120.0,2.0,current,60.0,0.001,2.2853744212625315e-06,2.1457672119140625e-06,0.009145667776465416,4.788258075714111,3.2739648818969727,base,2
120.0,2.0,fixed120,60.0,0.001,2.2853744212625315e-06,2.1457672119140625e-06,0.009145667776465416,4.788258075714111,3.2739648818969727,base,2
120.0,2.0,random,60.0,0.001,-1.544968085909204e-06,-1.430511474609375e-06,-0.00618269108235836,2.8541057109832764,3.2739648818969727,base,2
120.0,2.0,complement120,240.0,0.001,3.1551264783047372e-06,3.337860107421875e-06,0.01262626238167286,4.0998382568359375,3.2739648818969727,base,2
120.0,3.0,full,300.0,0.001,-2.0844587197643705e-05,-2.1219253540039062e-05,-0.04023639112710953,3.8934946060180664,3.2739648818969727,base,2
120.0,3.0,current,60.0,0.001,-3.117730375379324e-05,-3.147125244140625e-05,-0.06018167734146118,3.305893659591675,3.2739648818969727,base,2
120.0,3.0,fixed120,60.0,0.001,-3.117730375379324e-05,-3.147125244140625e-05,-0.06018167734146118,3.305893659591675,3.2739648818969727,base,2
120.0,3.0,random,60.0,0.001,-0.00013018275785725564,-0.0001304149627685547,-0.25129231810569763,1.6863782405853271,3.2739648818969727,base,2
120.0,3.0,complement120,240.0,0.001,1.0652805030986201e-05,1.049041748046875e-05,0.0205631535500288,2.056785821914673,3.2739648818969727,base,2
200.0,1.0,full,300.0,0.001,-5.809089543618029e-06,-5.7220458984375e-06,-0.02642250433564186,12.363361358642578,3.2576117515563965,base,2
200.0,1.0,current,60.0,0.001,-9.053136636794079e-06,-8.821487426757812e-06,-0.04117797315120697,6.488364219665527,3.2576117515563965,base,2
200.0,1.0,fixed120,60.0,0.001,-5.352872904040851e-06,-5.245208740234375e-06,-0.024347413331270218,6.335376262664795,3.2576117515563965,base,2
200.0,1.0,random,60.0,0.001,1.8711613165578456e-06,2.1457672119140625e-06,0.008510932326316833,5.725674629211426,3.2576117515563965,base,2
200.0,1.0,complement120,240.0,0.001,-3.570523176676943e-06,-3.337860107421875e-06,-0.0162404403090477,10.616765975952148,3.2576117515563965,base,2
200.0,2.0,full,300.0,0.001,-7.944789103930816e-06,-7.62939453125e-06,-0.024106524884700775,9.656562805175781,3.2576117515563965,base,2
200.0,2.0,current,60.0,0.001,7.331637789320666e-06,7.3909759521484375e-06,0.022246068343520164,6.916591644287109,3.2576117515563965,base,2
200.0,2.0,fixed120,60.0,0.001,-2.9658326639037114e-06,-2.86102294921875e-06,-0.008999096229672432,6.486876964569092,3.2576117515563965,base,2
200.0,2.0,random,60.0,0.001,8.049624739214778e-06,8.344650268554688e-06,0.02442462183535099,4.169936180114746,3.2576117515563965,base,2
200.0,2.0,complement120,240.0,0.001,-8.035506652959157e-06,-7.867813110351562e-06,-0.024381784722208977,7.153295040130615,3.2576117515563965,base,2
200.0,3.0,full,300.0,0.001,-1.5168184290814679e-05,-1.52587890625e-05,-0.032882679253816605,5.429426670074463,3.2576117515563965,base,2
200.0,3.0,current,60.0,0.001,-1.3161370588932186e-05,-1.3113021850585938e-05,-0.02853216603398323,4.53290319442749,3.2576117515563965,base,2
200.0,3.0,fixed120,60.0,0.001,1.3541536247885233e-07,4.76837158203125e-07,0.00029356314917095006,4.134995937347412,3.2576117515563965,base,2
200.0,3.0,random,60.0,0.001,-3.4926273656310514e-05,-3.4809112548828125e-05,-0.07571569085121155,2.4321584701538086,3.2576117515563965,base,2
200.0,3.0,complement120,240.0,0.001,-2.3564682123833336e-05,-2.3365020751953125e-05,-0.051085215061903,3.5185911655426025,3.2576117515563965,base,2
300.0,1.0,full,300.0,0.001,-1.1737713975890074e-05,-1.1682510375976562e-05,-0.036864545196294785,11.507915496826172,3.2504312992095947,base,2
300.0,1.0,current,60.0,0.001,-1.8275728507433087e-05,-1.8358230590820312e-05,-0.05739843472838402,5.458504676818848,3.2504312992095947,base,2
300.0,1.0,fixed120,60.0,0.001,-1.1862587598443497e-05,-1.2159347534179688e-05,-0.03725673258304596,5.48205041885376,3.2504312992095947,base,2
300.0,1.0,random,60.0,0.001,7.305741860363923e-07,7.152557373046875e-07,0.002294508507475257,5.0634379386901855,3.2504312992095947,base,2
300.0,1.0,complement120,240.0,0.001,-6.92266348778503e-06,-6.9141387939453125e-06,-0.021741952747106552,10.118263244628906,3.2504312992095947,base,2
300.0,2.0,full,300.0,0.001,-3.309086605440825e-05,-3.314018249511719e-05,-0.05567464977502823,12.251337051391602,3.2504312992095947,base,2
300.0,2.0,current,60.0,0.001,-7.386056950053899e-06,-7.62939453125e-06,-0.01242687739431858,7.178704738616943,3.2504312992095947,base,2
300.0,2.0,fixed120,60.0,0.001,-3.0369126761797816e-05,-3.0517578125e-05,-0.0510953851044178,6.585435390472412,3.2504312992095947,base,2
300.0,2.0,random,60.0,0.001,9.624015547160525e-06,9.298324584960938e-06,0.01619219407439232,5.509943962097168,3.2504312992095947,base,2
300.0,2.0,complement120,240.0,0.001,-1.9883416825905442e-05,-2.002716064453125e-05,-0.033453408628702164,10.330890655517578,3.2504312992095947,base,2
300.0,3.0,full,300.0,0.001,-2.3183198209153488e-05,-2.3603439331054688e-05,-0.024685857817530632,10.755230903625488,3.2504312992095947,base,2
300.0,3.0,current,60.0,0.001,-1.0863164789043367e-05,-1.1205673217773438e-05,-0.011567279696464539,7.532059192657471,3.2504312992095947,base,2
300.0,3.0,fixed120,60.0,0.001,2.7041056455345824e-05,2.6941299438476562e-05,0.02879376895725727,6.2294440269470215,3.2504312992095947,base,2
300.0,3.0,random,60.0,0.001,7.005979085761282e-08,-2.384185791015625e-07,7.460083725163713e-05,5.498713493347168,3.2504312992095947,base,2
300.0,3.0,complement120,240.0,0.001,-4.7652298235334456e-05,-4.792213439941406e-05,-0.05074096471071243,8.767497062683105,3.2504312992095947,base,2
500.0,1.0,full,300.0,0.001,-1.872522807389032e-05,-1.8596649169921875e-05,-0.050811268389225006,8.817338943481445,2.9073638916015625,base,2
500.0,1.0,current,60.0,0.001,-1.3201650290284306e-05,-1.2874603271484375e-05,-0.03582293167710304,4.341458797454834,2.9073638916015625,base,2
500.0,1.0,fixed120,60.0,0.001,-3.6059602734894725e-06,-3.337860107421875e-06,-0.00978484284132719,4.195696830749512,2.9073638916015625,base,2
500.0,1.0,random,60.0,0.001,-1.850881744758226e-06,-1.6689300537109375e-06,-0.005022403318434954,3.906296491622925,2.9073638916015625,base,2
500.0,1.0,complement120,240.0,0.001,-1.93391642824281e-05,-1.9073486328125e-05,-0.05247719585895538,7.755101203918457,2.9073638916015625,base,2
500.0,2.0,full,300.0,0.001,-4.8766487452667207e-05,-4.863739013671875e-05,-0.06953956931829453,10.914688110351562,2.9073638916015625,base,2
500.0,2.0,current,60.0,0.001,-3.862080120597966e-05,-3.838539123535156e-05,-0.055072121322155,6.254186630249023,2.9073638916015625,base,2
500.0,2.0,fixed120,60.0,0.001,1.1425107913964894e-05,1.1682510375976562e-05,0.016291866078972816,4.778919696807861,2.9073638916015625,base,2
500.0,2.0,random,60.0,0.001,-1.4920304238330573e-05,-1.4781951904296875e-05,-0.02127591334283352,4.760026454925537,2.9073638916015625,base,2
500.0,2.0,complement120,240.0,0.001,-5.9806250646943226e-05,-5.9604644775390625e-05,-0.08528194576501846,9.8128662109375,2.9073638916015625,base,2
500.0,3.0,full,300.0,0.001,-3.488755100988783e-05,-3.457069396972656e-05,-0.02647523023188114,11.057799339294434,2.9073638916015625,base,2
500.0,3.0,current,60.0,0.001,-3.24610919051338e-05,-3.24249267578125e-05,-0.02463385835289955,6.94705867767334,2.9073638916015625,base,2
500.0,3.0,fixed120,60.0,0.001,2.0623625459847972e-05,2.0742416381835938e-05,0.01565071940422058,5.114096164703369,2.9073638916015625,base,2
500.0,3.0,random,60.0,0.001,-1.990880946323159e-06,-1.9073486328125e-06,-0.0015108264051377773,5.021820545196533,2.9073638916015625,base,2
500.0,3.0,complement120,240.0,0.001,-5.010651148040779e-05,-5.0067901611328125e-05,-0.03802449628710747,9.804129600524902,2.9073638916015625,base,2
1000.0,1.0,full,300.0,0.001,1.4607795492338482e-05,1.4543533325195312e-05,0.06956426799297333,4.350831031799316,1.8415858745574951,base,2
1000.0,1.0,current,60.0,0.001,1.061709554051049e-05,1.049041748046875e-05,0.05056002736091614,2.1205313205718994,1.8415858745574951,base,2
1000.0,1.0,fixed120,60.0,0.001,7.999009540071711e-06,7.867813110351562e-06,0.03809235244989395,2.0590054988861084,1.8415858745574951,base,2
1000.0,1.0,random,60.0,0.001,1.1100099072791636e-05,1.0967254638671875e-05,0.05286015197634697,1.971353530883789,1.8415858745574951,base,2
1000.0,1.0,complement120,240.0,0.001,1.2285080629226286e-05,1.2159347534179688e-05,0.05850319191813469,3.8327832221984863,1.8415858745574951,base,2
1000.0,2.0,full,300.0,0.001,5.847064585395856e-06,5.7220458984375e-06,0.01518640760332346,5.292673587799072,1.8415858745574951,base,2
1000.0,2.0,current,60.0,0.001,6.43716430204222e-06,6.318092346191406e-06,0.01671905629336834,3.0437564849853516,1.8415858745574951,base,2
1000.0,2.0,fixed120,60.0,0.001,2.4642857169965282e-05,2.4557113647460938e-05,0.06400416791439056,2.4429967403411865,1.8415858745574951,base,2
1000.0,2.0,random,60.0,0.001,5.95346591580892e-06,5.841255187988281e-06,0.01546276081353426,2.3986051082611084,1.8415858745574951,base,2
1000.0,2.0,complement120,240.0,0.001,-6.2311119108926505e-06,-6.4373016357421875e-06,-0.01618388295173645,4.695120811462402,1.8415858745574951,base,2
1000.0,3.0,full,300.0,0.001,3.83747419618885e-06,3.6954879760742188e-06,0.004517901223152876,6.134933948516846,1.8415858745574951,base,2
1000.0,3.0,current,60.0,0.001,-3.0083267120062374e-05,-3.0279159545898438e-05,-0.03541736677289009,3.668078660964966,1.8415858745574951,base,2
1000.0,3.0,fixed120,60.0,0.001,2.1665018721250817e-05,2.1457672119140625e-05,0.02550646848976612,2.788792610168457,1.8415858745574951,base,2
1000.0,3.0,random,60.0,0.001,1.907349724206142e-05,1.895427703857422e-05,0.02245544083416462,2.8153369426727295,1.8415858745574951,base,2
1000.0,3.0,complement120,240.0,0.001,-6.74847251502797e-06,-6.9141387939453125e-06,-0.007945052348077297,5.46443510055542,1.8415858745574951,base,2
1500.0,1.0,full,300.0,0.001,3.254354669479653e-05,3.254413604736328e-05,0.20820514857769012,2.5107030868530273,1.2883106470108032,base,2
1500.0,1.0,current,60.0,0.001,1.5073616850713734e-05,1.5139579772949219e-05,0.09643708914518356,1.2606489658355713,1.2883106470108032,base,2
1500.0,1.0,fixed120,60.0,0.001,1.852095920185093e-05,1.8477439880371094e-05,0.11849229037761688,1.2019797563552856,1.2883106470108032,base,2
1500.0,1.0,random,60.0,0.001,1.6425938156316988e-05,1.633167266845703e-05,0.10508888959884644,1.1352726221084595,1.2883106470108032,base,2
1500.0,1.0,complement120,240.0,0.001,2.696808587643318e-05,2.682209014892578e-05,0.17253480851650238,2.2042853832244873,1.2883106470108032,base,2
1500.0,2.0,full,300.0,0.001,1.6423844499513507e-05,1.633167266845703e-05,0.0711185410618782,2.8594751358032227,1.2883106470108032,base,2
1500.0,2.0,current,60.0,0.001,1.3945421528660518e-07,1.1920928955078125e-07,0.0006038646679371595,1.5999040603637695,1.2883106470108032,base,2
1500.0,2.0,fixed120,60.0,0.001,1.546537532703951e-05,1.537799835205078e-05,0.06696817278862,1.326088547706604,1.2883106470108032,base,2
1500.0,2.0,random,60.0,0.001,9.217019396601245e-06,9.179115295410156e-06,0.03991154208779335,1.2946568727493286,1.2883106470108032,base,2
1500.0,2.0,complement120,240.0,0.001,1.0442558959766757e-05,1.0371208190917969e-05,0.04521837458014488,2.5333945751190186,1.2883106470108032,base,2
1500.0,3.0,full,300.0,0.001,1.1223580258956645e-05,1.1205673217773438e-05,0.022258242592215538,3.4282407760620117,1.2883106470108032,base,2
1500.0,3.0,current,60.0,0.001,1.893537410069257e-05,1.8835067749023438e-05,0.03755202516913414,1.9539767503738403,1.2883106470108032,base,2
1500.0,3.0,fixed120,60.0,0.001,9.108300218940713e-06,9.059906005859375e-06,0.018063288182020187,1.4961711168289185,1.2883106470108032,base,2
1500.0,3.0,random,60.0,0.001,1.9904573491658084e-06,2.0265579223632812e-06,0.003947411198168993,1.4973808526992798,1.2883106470108032,base,2
1500.0,3.0,complement120,240.0,0.001,8.056197657424491e-06,7.987022399902344e-06,0.015976792201399803,3.0845272541046143,1.2883106470108032,base,2
3000.0,1.0,full,300.0,0.001,4.928196722175926e-05,4.9233436584472656e-05,0.49035269021987915,1.2131874561309814,0.7375267744064331,base,2
3000.0,1.0,current,60.0,0.001,2.312859214725904e-05,2.3126602172851562e-05,0.23012813925743103,0.6210249066352844,0.7375267744064331,base,2
3000.0,1.0,fixed120,60.0,0.001,3.182001455570571e-05,3.1828880310058594e-05,0.3166072964668274,0.5914400815963745,0.7375267744064331,base,2
3000.0,1.0,random,60.0,0.001,2.409984517726116e-05,2.4080276489257812e-05,0.23979203402996063,0.5579515695571899,0.7375267744064331,base,2
3000.0,1.0,complement120,240.0,0.001,3.867681516567245e-05,3.8683414459228516e-05,0.3848320245742798,1.059255599975586,0.7375267744064331,base,2
3000.0,2.0,full,300.0,0.001,2.4119604859151877e-05,2.4080276489257812e-05,0.2423476129770279,1.2868047952651978,0.7375267744064331,base,2
3000.0,2.0,current,60.0,0.001,7.386865945591126e-06,7.3909759521484375e-06,0.07422133535146713,0.6782520413398743,0.7375267744064331,base,2
3000.0,2.0,fixed120,60.0,0.001,1.556427923787851e-05,1.5497207641601562e-05,0.1563858985900879,0.6329711079597473,0.7375267744064331,base,2
3000.0,2.0,random,60.0,0.001,1.582658660481684e-05,1.5795230865478516e-05,0.1590214967727661,0.5995200276374817,0.7375267744064331,base,2
3000.0,2.0,complement120,240.0,0.001,1.8909475329564884e-05,1.8894672393798828e-05,0.1899975687265396,1.120363473892212,0.7375267744064331,base,2
3000.0,3.0,full,300.0,0.001,3.5885776014765725e-05,3.5881996154785156e-05,0.18039540946483612,1.4720088243484497,0.7375267744064331,base,2
3000.0,3.0,current,60.0,0.001,1.344263455393957e-05,1.341104507446289e-05,0.06757523119449615,0.7631479501724243,0.7375267744064331,base,2
3000.0,3.0,fixed120,60.0,0.001,2.092980321322102e-05,2.09808349609375e-05,0.1052127331495285,0.7238239049911499,0.7375267744064331,base,2
3000.0,3.0,random,60.0,0.001,1.2748886547342408e-05,1.2755393981933594e-05,0.06408780813217163,0.6660880446434021,0.7375267744064331,base,2
3000.0,3.0,complement120,240.0,0.001,2.9393107979558408e-05,2.9385089874267578e-05,0.14775720238685608,1.281752347946167,0.7375267744064331,base,2
