config,step,layer,mean,std
base,0,1,0.014671711399495168,0.0015628659729277857
base,0,2,0.013417262110016532,0.0008518926286144534
base,0,3,0.010149041544852367,0.0012540741739643503
base,10,1,0.0258857495089924,0.0015049466536110215
base,10,2,0.021294021157824135,0.003288224339592265
base,10,3,0.018393739599937103,0.0006078822235947009
base,25,1,0.06618358392175559,0.001774948079642853
base,25,2,0.06594180623026559,0.009950239998324355
base,25,3,0.0469322131717311,0.005474021651299254
base,50,1,0.22411392269043096,0.01774802934375432
base,50,2,0.22985974881976642,0.020393777205955328
base,50,3,0.11457169990205451,0.025275763863737626
base,100,1,0.9990188766696934,0.09964425246925589
base,100,2,0.8300769315463742,0.09088840666933419
base,100,3,0.3723621845917398,0.09082566418554174
base,120,1,1.4974650448049605,0.23172967096815594
base,120,2,1.256283867638463,0.23983719903581485
base,120,3,0.5235002811279549,0.14684020261866348
base,200,1,2.5783378472279934,1.2532746392369651
base,200,2,1.830119715015946,0.8233388620431502
base,200,3,1.234849103530357,0.7527030354498796
base,300,1,1.8876586349219409,0.9281364144471982
base,300,2,1.5656428423663311,0.8156259354450525
base,300,3,1.4807762515684502,0.892170148811162
base,500,1,0.990110356245436,0.10653196923658083
base,500,2,1.076918422559446,0.08020821415704943
base,500,3,1.173769813108972,0.08551466871852247
base,1000,1,0.9021040838885851,0.05171278332130839
base,1000,2,0.9578276225134644,0.042388710477407776
base,1000,3,1.0042765467767838,0.08032315633489993
base,1500,1,0.8862946433018376,0.050842905160485
base,1500,2,0.9390984227396623,0.03375729221032607
base,1500,3,0.9834534898252367,0.08518541302535217
base,3000,1,0.7234515538207997,0.05136188614275602
base,3000,2,0.8494480071647349,0.06245882140469195
base,3000,3,0.917463127132585,0.042709701284047316
cifar_mlp,0,1,0.0166854988327603,0.002859330752774568
cifar_mlp,0,2,0.011193961273846734,0.001021619472422073
cifar_mlp,0,3,0.007763448960000634,0.0006762241677791448
cifar_mlp,10,1,0.07587663134570681,0.005159165546028065
cifar_mlp,10,2,0.012042073899285232,0.0010167679686602486
cifar_mlp,10,3,0.005202538942312867,0.00046483088259172383
cifar_mlp,25,1,0.13101747238407158,0.03652111174895703
cifar_mlp,25,2,0.021384557704233465,0.005429645064070723
cifar_mlp,25,3,0.006342462881335167,0.0007541138635839097
cifar_mlp,50,1,0.43024503532455904,0.12033762106501537
cifar_mlp,50,2,0.059768507220324896,0.0015391581522045494
cifar_mlp,50,3,0.0193851298113597,0.0032322261183096498
cifar_mlp,100,1,1.061188689134515,0.4164839633343715
cifar_mlp,100,2,0.24186866909852453,0.039272818274293894
cifar_mlp,100,3,0.07332983358952093,0.022609589181983202
cifar_mlp,120,1,1.2893707985811134,0.41595401520325853
cifar_mlp,120,2,0.32092232981895613,0.11648051472830974
cifar_mlp,120,3,0.11065784853518569,0.02595415500471203
cifar_mlp,200,1,1.6962528274390187,0.4181749993748952
cifar_mlp,200,2,0.647029046976563,0.19663448596497238
cifar_mlp,200,3,0.2931146654519363,0.08328642158698024
cifar_mlp,300,1,1.7474395519701345,0.6352530765319486
cifar_mlp,300,2,1.0851008984298194,0.20414729240880883
cifar_mlp,300,3,0.6207278495332242,0.2610248651826073
relu,0,1,0.06669036325314416,0.004874068772022944
relu,0,2,0.05995788040942534,0.00774612561779589
relu,0,3,0.0543362946436881,0.001738007454358196
relu,10,1,0.057697355873280336,0.004397521506862655
relu,10,2,0.04629396205967957,0.004154847424930133
relu,10,3,0.039577306176963034,0.002296806535496932
relu,25,1,0.35416322813557666,0.13087319500030697
relu,25,2,0.18253631421831662,0.06975991662619087
relu,25,3,0.10969106398447419,0.026140742954654985
relu,50,1,0.9385219108569866,0.1301918323320701
relu,50,2,0.4201574409438327,0.0515141977900491
relu,50,3,0.19179480789070757,0.0686344807387352
relu,100,1,1.107046088591954,0.13011943978423224
relu,100,2,0.4137763522741726,0.011984072558271344
relu,100,3,0.13517459815567848,0.048751428801134006
relu,120,1,1.1237972614261802,0.11803149484791924
relu,120,2,0.4381658643110109,0.06860425470151274
relu,120,3,0.18390148298553557,0.026348012125604874
relu,200,1,1.1848143412377286,0.11973796708563511
relu,200,2,0.5628154718296653,0.076236316331696
relu,200,3,0.2691921723493651,0.0661073703345736
relu,300,1,1.1345761403352956,0.43140344114763846
relu,300,2,0.7377975376713156,0.28526694467876984
relu,300,3,0.573047974454486,0.22240186894564712
