tag,n_runs,maxcos_l1_mean,minp_l1_mean,kappa_l1_mean,maxcos_l2_mean,minp_l2_mean,kappa_l2_mean,maxcos_l3_mean,minp_l3_mean,kappa_l3_mean,steps_cos_gt_0.9_mean,ebar0_mean,ebar_ratio_10_mean,plateau_onset_mean,plateau_band_end_mean,plateau_exit_mean,plateau_duration_mean,plateau_band_acc_mean,n_layers_mean,minp_w300_l1_mean,maxcos_w300_l1_mean,cos0_l1_mean,p0_l1_mean,H0_l1_mean,wa_end_l1_mean,minp_w300_l2_mean,maxcos_w300_l2_mean,cos0_l2_mean,p0_l2_mean,H0_l2_mean,wa_end_l2_mean,minp_w300_l3_mean,maxcos_w300_l3_mean,cos0_l3_mean,p0_l3_mean,H0_l3_mean,wa_end_l3_mean,acc_450_mean,acc_1000_mean,acc_1500_mean,acc_3000_mean,acc_final_mean,step_final_mean,loss_final_mean,loss_min_mean,kappa_cf_l1_mean,kappa_cf_l2_mean,kappa_cf_l3_mean,drive_mean,ebar0_pred_mean,fb_scale_mean,lr_mean,out_lr_mult_mean,hid_lr_mult_mean,batch_mean,width_mean,depth_mean,steps_mean,out_bias_q_mean,freeze_bias_mean,freeze_out_mean,muon_mean,whiten_mean,batchnorm_mean,p0_mean,target_scale_mean,classes_mean,C_mean,prior_loss_mean,xbar2_mean,wall_mean,final_step_mean,maxcos_l1_sd,minp_l1_sd,kappa_l1_sd,maxcos_l2_sd,minp_l2_sd,kappa_l2_sd,maxcos_l3_sd,minp_l3_sd,kappa_l3_sd,steps_cos_gt_0.9_sd,ebar0_sd,ebar_ratio_10_sd,plateau_onset_sd,plateau_band_end_sd,plateau_exit_sd,plateau_duration_sd,plateau_band_acc_sd,n_layers_sd,minp_w300_l1_sd,maxcos_w300_l1_sd,cos0_l1_sd,p0_l1_sd,H0_l1_sd,wa_end_l1_sd,minp_w300_l2_sd,maxcos_w300_l2_sd,cos0_l2_sd,p0_l2_sd,H0_l2_sd,wa_end_l2_sd,minp_w300_l3_sd,maxcos_w300_l3_sd,cos0_l3_sd,p0_l3_sd,H0_l3_sd,wa_end_l3_sd,acc_450_sd,acc_1000_sd,acc_1500_sd,acc_3000_sd,acc_final_sd,step_final_sd,loss_final_sd,loss_min_sd,kappa_cf_l1_sd,kappa_cf_l2_sd,kappa_cf_l3_sd,drive_sd,ebar0_pred_sd,fb_scale_sd,lr_sd,out_lr_mult_sd,hid_lr_mult_sd,batch_sd,width_sd,depth_sd,steps_sd,out_bias_q_sd,freeze_bias_sd,freeze_out_sd,muon_sd,whiten_sd,batchnorm_sd,p0_sd,target_scale_sd,classes_sd,C_sd,prior_loss_sd,xbar2_sd,wall_sd,final_step_sd,maxcos_l1_n,minp_l1_n,kappa_l1_n,maxcos_l2_n,minp_l2_n,kappa_l2_n,maxcos_l3_n,minp_l3_n,kappa_l3_n,steps_cos_gt_0.9_n,ebar0_n,ebar_ratio_10_n,plateau_onset_n,plateau_band_end_n,plateau_exit_n,plateau_duration_n,plateau_band_acc_n,n_layers_n,minp_w300_l1_n,maxcos_w300_l1_n,cos0_l1_n,p0_l1_n,H0_l1_n,wa_end_l1_n,minp_w300_l2_n,maxcos_w300_l2_n,cos0_l2_n,p0_l2_n,H0_l2_n,wa_end_l2_n,minp_w300_l3_n,maxcos_w300_l3_n,cos0_l3_n,p0_l3_n,H0_l3_n,wa_end_l3_n,acc_450_n,acc_1000_n,acc_1500_n,acc_3000_n,acc_final_n,step_final_n,loss_final_n,loss_min_n,kappa_cf_l1_n,kappa_cf_l2_n,kappa_cf_l3_n,drive_n,ebar0_pred_n,fb_scale_n,lr_n,out_lr_mult_n,hid_lr_mult_n,batch_n,width_n,depth_n,steps_n,out_bias_q_n,freeze_bias_n,freeze_out_n,muon_n,whiten_n,batchnorm_n,p0_n,target_scale_n,classes_n,C_n,prior_loss_n,xbar2_n,wall_n,final_step_n,rule,dataset,preprocess,arch,act,head,center
gelu_lr1e3_bp,3,0.7772690057754517,0.656995157400767,16.26308720382809,0.8805186152458191,0.5728132923444113,8.83202436943282,0.9452220996220907,0.5485282937685648,9.333827879494931,1803.3333333333333,1.2743950684865315,1.3239349588914606,,,,,,3.0,0.6843636830647787,0.6286989053090414,0.40915048122406006,0.7790844837824503,6.243030230204265,,0.6309902667999268,0.7939339677492777,0.3918682436148326,0.8682873646418253,1.5138709545135498,,0.6399013797442118,0.8959940473238627,0.4064182639122009,0.9536579847335815,0.40826984246571857,,0.19873046875,0.4539388020833333,0.6263020833333334,0.7957356770833334,0.7957356770833334,3000.0,1.6985512574513753,1.6985512574513753,180.32534036833417,35.96034142421206,12.488981100030207,1.2743950684865315,1.264911064067352,1.0,0.001,1.0,1.0,128.0,300.0,3.0,3000.0,-1.0,0.0,0.0,0.0,0.0,0.0,0.0,1.0,0.0,10.0,3.2490788990307586,35.225006103515625,13.348029136657715,3000.0,0.0032373568287204957,0.01951452982120429,0.08249814734178357,0.0021637930711812478,0.021332653444976164,0.29072795423451836,0.001593916422568555,0.019114343020951587,0.4501506528737626,110.15141094572205,0.01687417901036896,0.012648653687770904,,,,,,0.0,0.019323973009668392,0.008928124077963055,0.03130674533464827,0.01647359074487889,0.8070441442030633,,0.01886228328788116,0.005072200523347667,0.03178952765054473,0.019868449413028448,0.21125521942813852,,0.019657760750648498,0.003895838016797662,0.0342715210620841,0.00766881809284615,0.07541452889058232,,0.026614687646311804,0.07261504505451921,0.060957633059015276,0.01172214035158259,0.01172214035158259,0.0,0.09132892669609921,0.09132892669609921,7.183329359851503,2.8622546893706837,0.662611645622227,0.01687417901036896,0.0,0.0,0.0,0.0,0.0,0.0,0.0,0.0,0.0,0.0,0.0,0.0,0.0,0.0,0.0,0.0,0.0,0.0,0.0,0.0,0.0,0.5356804082389732,0.0,3,3,3,3,3,3,3,3,3,3,3,3,0,0,0,0,0,3,3,3,3,3,3,0,3,3,3,3,3,0,3,3,3,3,3,0,3,3,3,3,3,3,3,3,3,3,3,3,3,3,3,3,3,3,3,3,3,3,3,3,3,3,3,3,3,3,3,3,3,3,3,bp,mnist,div255,mlp,gelu,sigmoid_bce,none
gelu_lr1e3_centere_outlr10,3,0.7483025789260864,0.7408285538355509,7.752905076240186,0.9050787091255188,0.6164764364560446,57.88784882509043,0.9921107490857443,0.5681610504786173,40931.560750957084,2750.0,1.2743950684865315,1.2940421381166984,,,,,,3.0,0.7408285538355509,0.7040645480155945,0.40915048122406006,0.7790844837824503,6.243030230204265,0.5271533528963724,0.6164764364560446,0.841652492682139,0.3918682436148326,0.8682873646418253,1.5138709545135498,0.6019441882769266,0.5681610504786173,0.9278039932250977,0.4064182639122009,0.9536579847335815,0.40826984246571857,0.6745389103889465,0.3203125,0.2555338541666667,0.3341471354166667,0.5115559895833334,0.5115559895833334,3000.0,5304682320.0,2.520568331082662,18.03253403683342,3.596034142421207,1.2488981100030205,1.2743950684865315,1.264911064067352,1.0,0.001,10.0,1.0,128.0,300.0,3.0,3000.0,-1.0,0.0,0.0,0.0,0.0,0.0,0.0,1.0,0.0,10.0,3.2490788990307586,35.225006103515625,14.660327514012655,3000.0,0.007299666275777497,0.004212635000171263,0.6707349707553165,0.006718975116132237,0.038780313255961145,9.432687366556756,0.0008526493296482742,0.0186844730830592,20885.840731907192,70.0,0.01687417901036896,0.012152090796178744,,,,,,0.0,0.004212635000171263,0.027567050649882716,0.03130674533464827,0.01647359074487889,0.8070441442030633,0.09471173219799464,0.038780313255961145,0.05922611141848453,0.03178952765054473,0.019868449413028448,0.21125521942813852,0.0558662664757366,0.0186844730830592,0.07593924900894036,0.0342715210620841,0.00766881809284615,0.07541452889058232,0.0418761490211072,0.10667352972204198,0.1149364002556156,0.08093154315801612,0.08123880945071789,0.08123880945071789,0.0,4452239475.763502,0.5085518425395067,0.71833293598515,0.2862254689370682,0.06626116456222254,0.01687417901036896,0.0,0.0,0.0,0.0,0.0,0.0,0.0,0.0,0.0,0.0,0.0,0.0,0.0,0.0,0.0,0.0,0.0,0.0,0.0,0.0,0.0,1.2708925859003883,0.0,3,3,3,3,3,3,3,3,3,3,3,3,0,0,0,0,0,3,3,3,3,3,3,3,3,3,3,3,3,3,3,3,3,3,3,3,3,3,3,3,3,3,3,3,3,3,3,3,3,3,3,3,3,3,3,3,3,3,3,3,3,3,3,3,3,3,3,3,3,3,3,dfa,mnist,div255,mlp,gelu,sigmoid_bce,e
gelu_lr1e3_centere_pixcenter,3,0.1765119135379791,0.9876456459363302,0.8926157654665133,0.42793387174606323,0.9222313165664673,2.698486893281944,0.8570142984390259,0.8407715360323588,12.328536303323803,0.0,1.2677639722824097,1.3299839842053445,,,,,,3.0,0.9918172558148702,0.09959056725104642,0.053461387753486606,0.9979691704114279,0.4415727158387502,0.46445703506469727,0.949970543384552,0.13970093925793964,0.066132644812266,0.9876805345217387,0.14265002806981403,0.3437043527762094,0.9634198149045309,0.1481298208236694,0.0672415023048718,0.995699405670166,0.03603500748674073,0.18240277469158164,0.27880859375,0.80029296875,0.86279296875,0.8639322916666666,0.8639322916666666,3000.0,1.296456515789032,0.6039836208025614,6.721908484498447,9.689685828243839,7.680633376111214,1.2677639722824097,1.264911064067352,1.0,0.001,1.0,1.0,128.0,300.0,3.0,3000.0,-1.0,0.0,0.0,0.0,0.0,0.0,0.0,1.0,0.0,10.0,3.2490788990307586,1.7229292536939667e-13,13.872751712799072,3000.0,0.0033467552298603966,0.0009390017222378689,0.015815437615611005,0.01021472336754771,0.0010557331618138313,0.2357724660991842,0.01898248537891461,0.016118398941882085,3.5693344318228175,0.0,0.0024712269137585605,0.001462923767512368,,,,,,0.0,0.0006571210544909114,0.004899440267862715,0.000515484900731785,0.00022443615394502985,0.014587685088081616,0.0029845306239639617,0.0034928737395217473,0.003682965439239036,0.0008767019584432566,0.00012251459373744175,0.0057381068608855015,0.010252212473775136,0.002533787389612444,0.01844076023215609,0.013776925740974326,0.0007671596573104808,0.007671185048232555,0.011076156261793646,0.054746323692881356,0.006000100452853764,0.008067730293876125,0.06445374151378123,0.06445374151378123,0.0,1.2184193992801695,0.020512616688507804,0.045938641481641646,0.03755506228339901,0.0255847895720523,0.0024712269137585605,0.0,0.0,0.0,0.0,0.0,0.0,0.0,0.0,0.0,0.0,0.0,0.0,0.0,0.0,0.0,0.0,0.0,0.0,0.0,0.0,0.0,0.5301132868593249,0.0,3,3,3,3,3,3,3,3,3,3,3,3,0,0,0,0,0,3,3,3,3,3,3,3,3,3,3,3,3,3,3,3,3,3,3,3,3,3,3,3,3,3,3,3,3,3,3,3,3,3,3,3,3,3,3,3,3,3,3,3,3,3,3,3,3,3,3,3,3,3,3,dfa,mnist,pixcenter,mlp,gelu,sigmoid_bce,e
gelu_lr1e3_priorbias,3,0.7311163147290548,0.73111359278361,0.2574253124863421,0.9023060997327169,0.5995678106943766,0.9041531377295035,0.9763655662536621,0.519385814666748,3.4700810451100406,80.0,0.028676766281326566,0.030101689643144802,0.0,156.66666666666666,313.3333333333333,313.3333333333333,0.10160525690310847,3.0,0.73111359278361,0.7304958502451578,0.40915048122406006,0.7790844837824503,6.243030230204265,0.46061699589093524,0.5995678106943766,0.9023060997327169,0.3918682436148326,0.8682873646418253,1.5138709545135498,0.3294687171777089,0.519385814666748,0.9763655662536621,0.4064182639122009,0.9536579847335815,0.40826984246571857,0.16741019984086355,0.68994140625,0.8605143229166666,0.8894856770833334,0.9122721354166666,0.9122721354166666,3000.0,0.5698445836702982,0.5624117851257324,4.076989649696995,0.8123091571316423,0.28216621985399476,0.028676766281326566,1.264911064067352,1.0,0.001,1.0,1.0,128.0,300.0,3.0,3000.0,0.10000000000000002,0.0,0.0,0.0,0.0,0.0,0.0,1.0,0.0,10.0,3.2490788990307586,35.225006103515625,13.794807354609171,3000.0,0.019176497175201503,0.0029201333897372395,0.3273880903422803,0.01890597151134359,0.006477511699479822,2.0938438530712227,0.0135710398088393,0.02807831838714979,11.285000329476112,26.457513110645905,0.006384134009810591,0.006519965194739158,0.0,66.58328118479393,25.16611478423583,25.16611478423583,0.027682694118517464,0.0,0.0029201333897372395,0.02014561499716195,0.03130674533464827,0.01647359074487889,0.8070441442030633,0.008803543696227059,0.006477511699479822,0.01890597151134359,0.03178952765054473,0.019868449413028448,0.21125521942813852,0.004770869805240775,0.02807831838714979,0.0135710398088393,0.0342715210620841,0.00766881809284615,0.07541452889058232,0.0075301917275872095,0.047401019919967174,0.003697205954297047,0.005825367893285557,0.0031769565911365922,0.0031769565911365922,0.0,0.01596408637806704,0.02019260162327473,1.0249185463453996,0.21637791540169893,0.07301553751524746,0.006384134009810591,0.0,0.0,0.0,0.0,0.0,0.0,0.0,0.0,0.0,0.0,0.0,0.0,0.0,0.0,0.0,0.0,0.0,0.0,0.0,0.0,0.0,0.5079337091748112,0.0,3,3,3,3,3,3,3,3,3,3,3,3,3,3,3,3,3,3,3,3,3,3,3,3,3,3,3,3,3,3,3,3,3,3,3,3,3,3,3,3,3,3,3,3,3,3,3,3,3,3,3,3,3,3,3,3,3,3,3,3,3,3,3,3,3,3,3,3,3,3,3,dfa,mnist,div255,mlp,gelu,sigmoid_bce,none
gelu_lr1e4,3,0.9034536480903625,0.5601338545481364,1.6227614215490824,0.9862942099571228,0.45045971870422363,3.6904553259065977,0.9981652100880941,0.4636528293291728,11.3472607647254,2753.3333333333335,1.2743950684865315,1.339435237065614,1640.0,1800.0,,,0.15027573529411764,3.0,0.5602327386538187,0.9031877319018046,0.40915048122406006,0.7790844837824503,6.243030230204265,0.08010547732313471,0.45265233516693115,0.9856634537378947,0.3918682436148326,0.8682873646418253,1.5138709545135498,0.050816235442956235,0.47044822573661804,0.9979278842608134,0.4064182639122009,0.9536579847335815,0.40826984246571857,0.0356613167872031,0.115234375,0.12288411458333333,0.12890625,0.3914388020833333,0.3914388020833333,3000.0,2.7918179829915366,2.7918179829915366,180.32534036833417,35.96034142421206,12.488981100030207,1.2743950684865315,1.264911064067352,1.0,0.0001,1.0,1.0,128.0,300.0,3.0,3000.0,-1.0,0.0,0.0,0.0,0.0,0.0,0.0,1.0,0.0,10.0,3.2490788990307586,35.225006103515625,14.88222599029541,3000.0,0.009678689722314423,0.025490232252675476,0.08342613542226145,0.002240151529101606,0.0039027332587088298,0.1622752237388395,0.0006715484222072236,0.02232041353000597,1.4525000042024858,184.75208614068032,0.01687417901036896,0.014620803126549195,,,,,,0.0,0.02563916435043451,0.00995651765882164,0.03130674533464827,0.01647359074487889,0.8070441442030633,0.02162856861881955,0.001763576711673643,0.0027993694269465635,0.03178952765054473,0.019868449413028448,0.21125521942813852,0.0158403978185358,0.02558740910960575,0.0008383431964550112,0.0342715210620841,0.00766881809284615,0.07541452889058232,0.014287734938393916,0.00863857715476276,0.021195756081985945,0.03628097263332016,0.045691055486528014,0.045691055486528014,0.0,0.15150060321504155,0.15150060321504155,7.183329359851503,2.8622546893706837,0.662611645622227,0.01687417901036896,0.0,0.0,0.0,0.0,0.0,0.0,0.0,0.0,0.0,0.0,0.0,0.0,0.0,0.0,0.0,0.0,0.0,0.0,0.0,0.0,0.0,1.9905142324466727,0.0,3,3,3,3,3,3,3,3,3,3,3,3,1,1,0,0,1,3,3,3,3,3,3,3,3,3,3,3,3,3,3,3,3,3,3,3,3,3,3,3,3,3,3,3,3,3,3,3,3,3,3,3,3,3,3,3,3,3,3,3,3,3,3,3,3,3,3,3,3,3,3,dfa,mnist,div255,mlp,gelu,sigmoid_bce,none
gelu_lr1e4_centere,3,0.7045273184776306,0.7413678169250488,9.929247871149963,0.836329440275828,0.6265233357747396,6.939955942277229,0.9312628308931986,0.5694642066955566,6.939067030163257,453.3333333333333,1.2743950684865315,1.339888425025843,,,,,,3.0,0.772452692190806,0.4229317506154378,0.40915048122406006,0.7790844837824503,6.243030230204265,0.0266855522835006,0.8569839596748352,0.40986796220143634,0.3918682436148326,0.8682873646418253,1.5138709545135498,0.0178379503389199,0.9494126637776693,0.42054517070452374,0.4064182639122009,0.9536579847335815,0.40826984246571857,0.014416594873182434,0.10563151041666667,0.11751302083333333,0.11409505208333333,0.126953125,0.126953125,3000.0,3.731905380884806,3.7113610108693442,180.32534036833417,35.96034142421206,12.488981100030207,1.2743950684865315,1.264911064067352,1.0,0.0001,1.0,1.0,128.0,300.0,3.0,3000.0,-1.0,0.0,0.0,0.0,0.0,0.0,0.0,1.0,0.0,10.0,3.2490788990307586,35.225006103515625,14.35274362564087,3000.0,0.02088419412407932,0.006904991704122562,0.8532146925780122,0.0538366736447875,0.025627018937922345,1.5581548655677153,0.07246690336242352,0.007064893961787645,1.1257450538111442,402.78199231511496,0.01687417901036896,0.015068707105813473,,,,,,0.0,0.01162316214042252,0.025320935107428295,0.03130674533464827,0.01647359074487889,0.8070441442030633,0.026110077119305103,0.02057015825921044,0.02713043828483985,0.03178952765054473,0.019868449413028448,0.21125521942813852,0.024210055306518322,0.008764608071321114,0.03774643206449033,0.0342715210620841,0.00766881809284615,0.07541452889058232,0.011976720286932295,0.019324672512949538,0.04161099847750889,0.06448517590090029,0.05592259384251767,0.05592259384251767,0.0,0.15345838186617555,0.15207146441006275,7.183329359851503,2.8622546893706837,0.662611645622227,0.01687417901036896,0.0,0.0,0.0,0.0,0.0,0.0,0.0,0.0,0.0,0.0,0.0,0.0,0.0,0.0,0.0,0.0,0.0,0.0,0.0,0.0,0.0,0.9917528821600827,0.0,3,3,3,3,3,3,3,3,3,3,3,3,0,0,0,0,0,3,3,3,3,3,3,3,3,3,3,3,3,3,3,3,3,3,3,3,3,3,3,3,3,3,3,3,3,3,3,3,3,3,3,3,3,3,3,3,3,3,3,3,3,3,3,3,3,3,3,3,3,3,3,dfa,mnist,div255,mlp,gelu,sigmoid_bce,e
gelu_lr3e4,3,0.9045612215995789,0.5592727263768514,2.102121630558999,0.9866020083427429,0.44965288043022156,6.894076745106528,0.9982111652692159,0.4617909987767537,26.753090774006946,1046.6666666666667,1.2743950684865315,1.3385809259671992,470.0,610.0,1020.0,550.0,0.13248697916666666,3.0,0.5592727263768514,0.9045612215995789,0.40915048122406006,0.7790844837824503,6.243030230204265,0.31871352593104035,0.44965288043022156,0.9866020083427429,0.3918682436148326,0.8682873646418253,1.5138709545135498,0.21435795227686563,0.4617909987767537,0.9982111652692159,0.4064182639122009,0.9536579847335815,0.40826984246571857,0.11017212768395736,0.13264973958333334,0.3909505208333333,0.7076822916666666,0.85205078125,0.85205078125,3000.0,0.995638390382131,0.9945767919222513,180.32534036833417,35.96034142421206,12.488981100030207,1.2743950684865315,1.264911064067352,1.0,0.0003,1.0,1.0,128.0,300.0,3.0,3000.0,-1.0,0.0,0.0,0.0,0.0,0.0,0.0,1.0,0.0,10.0,3.2490788990307586,35.225006103515625,14.160415728886923,3000.0,0.009741907750338823,0.025801180571874287,0.13609019996688826,0.002328234171127362,0.00394969221692739,0.4437500649636197,0.0006772643204995791,0.02189028676625889,3.8963432062211822,179.25772879665007,0.01687417901036896,0.014731522671432648,,,,,,0.0,0.025801180571874287,0.009741907750338823,0.03130674533464827,0.01647359074487889,0.8070441442030633,0.016773905710423573,0.00394969221692739,0.002328234171127362,0.03178952765054473,0.019868449413028448,0.21125521942813852,0.023568114204774487,0.02189028676625889,0.0006772643204995791,0.0342715210620841,0.00766881809284615,0.07541452889058232,0.011080899583215073,0.03480638265138651,0.04262427765503607,0.043433250749987204,0.00950582145211513,0.00950582145211513,0.0,0.0406765796270031,0.03936128415887853,7.183329359851503,2.8622546893706837,0.662611645622227,0.01687417901036896,0.0,0.0,0.0,0.0,0.0,0.0,0.0,0.0,0.0,0.0,0.0,0.0,0.0,0.0,0.0,0.0,0.0,0.0,0.0,0.0,0.0,1.1055808090667347,0.0,3,3,3,3,3,3,3,3,3,3,3,3,1,1,1,1,1,3,3,3,3,3,3,3,3,3,3,3,3,3,3,3,3,3,3,3,3,3,3,3,3,3,3,3,3,3,3,3,3,3,3,3,3,3,3,3,3,3,3,3,3,3,3,3,3,3,3,3,3,3,3,dfa,mnist,div255,mlp,gelu,sigmoid_bce,none
gelu_lr3e4_centere,3,0.7494476238886515,0.7413665453592936,10.67840968406505,0.911191721757253,0.6258659958839417,12.455375626054463,0.9934565424919128,0.5697644948959351,135.89683962200357,2090.0,1.2743950684865315,1.3388953386935671,,,,,,3.0,0.7499861717224121,0.49712411562601727,0.40915048122406006,0.7790844837824503,6.243030230204265,0.33030279477437335,0.785861869653066,0.4943092167377472,0.3918682436148326,0.8682873646418253,1.5138709545135498,0.4106079439322154,0.9096165299415588,0.5003240704536438,0.4064182639122009,0.9536579847335815,0.40826984246571857,0.40829822421073914,0.11637369791666667,0.12906901041666666,0.24609375,0.5201822916666666,0.5201822916666666,3000.0,1397.3982276916504,3.0851778984069824,180.32534036833417,35.96034142421206,12.488981100030207,1.2743950684865315,1.264911064067352,1.0,0.0003,1.0,1.0,128.0,300.0,3.0,3000.0,-1.0,0.0,0.0,0.0,0.0,0.0,0.0,1.0,0.0,10.0,3.2490788990307586,35.225006103515625,15.235440254211426,3000.0,0.006807284799647792,0.0066361453757389725,0.894593466172564,0.007121080781951919,0.026830923057943122,0.9545357292313157,0.0015332415729784835,0.005573328447419625,54.36895776194085,244.33583445741232,0.01687417901036896,0.014987428067007178,,,,,,0.0,0.004369307331887717,0.023020345211284092,0.03130674533464827,0.01647359074487889,0.8070441442030633,0.043952340449846396,0.03642420226168261,0.042446972766307024,0.03178952765054473,0.019868449413028448,0.21125521942813852,0.00603339992878234,0.022554445274627848,0.06194806434512186,0.0342715210620841,0.00766881809284615,0.07541452889058232,0.10172539142758234,0.05876507613001732,0.04985572344268499,0.18030673594658064,0.11869988973645107,0.11869988973645107,0.0,1171.7676431679085,0.6835084147381638,7.183329359851503,2.8622546893706837,0.662611645622227,0.01687417901036896,0.0,0.0,0.0,0.0,0.0,0.0,0.0,0.0,0.0,0.0,0.0,0.0,0.0,0.0,0.0,0.0,0.0,0.0,0.0,0.0,0.0,2.1128100266793464,0.0,3,3,3,3,3,3,3,3,3,3,3,3,0,0,0,0,0,3,3,3,3,3,3,3,3,3,3,3,3,3,3,3,3,3,3,3,3,3,3,3,3,3,3,3,3,3,3,3,3,3,3,3,3,3,3,3,3,3,3,3,3,3,3,3,3,3,3,3,3,3,3,dfa,mnist,div255,mlp,gelu,sigmoid_bce,e
gelu_lr3e4_centere_outlr10,3,0.7534458041191101,0.7406353751818339,6.430866255525014,0.918429454167684,0.6148011684417725,5.851625725275987,0.9943974614143372,0.5664968689282736,53.105006684356674,2153.3333333333335,1.2743950684865315,1.3263420622908335,,,,,,3.0,0.7505536476771036,0.49576765298843384,0.40915048122406006,0.7790844837824503,6.243030230204265,0.36720092097918194,0.7876493334770203,0.4920360743999481,0.3918682436148326,0.8682873646418253,1.5138709545135498,0.4286572337150574,0.909994880358378,0.4986211657524109,0.4064182639122009,0.9536579847335815,0.40826984246571857,0.5321505467096964,0.19710286458333334,0.5633138020833334,0.43017578125,0.4365234375,0.4365234375,3000.0,2377.69162495931,2.1476072867711387,18.03253403683342,3.596034142421207,1.2488981100030205,1.2743950684865315,1.264911064067352,1.0,0.0003,10.0,1.0,128.0,300.0,3.0,3000.0,-1.0,0.0,0.0,0.0,0.0,0.0,0.0,1.0,0.0,10.0,3.2490788990307586,35.225006103515625,14.500033219655355,3000.0,0.0059529811245919734,0.004517690487654406,0.6595109484472939,0.002884459631085965,0.03809563575941974,0.32766583674581373,0.0005741154935806325,0.017496787213854854,27.322934929736768,238.60706890897714,0.01687417901036896,0.014221290370179149,,,,,,0.0,0.00292957257298473,0.026747484885166355,0.03130674533464827,0.01647359074487889,0.8070441442030633,0.010243698793748295,0.039068956893420076,0.045515341581091044,0.03178952765054473,0.019868449413028448,0.21125521942813852,0.027866678940378167,0.025065561355932034,0.06627008857679687,0.0342715210620841,0.00766881809284615,0.07541452889058232,0.04527919198745821,0.044922759558772944,0.10814997978004504,0.15688424132586293,0.1101883212538746,0.1101883212538746,0.0,1889.2401409527213,0.49435137169246335,0.71833293598515,0.2862254689370682,0.06626116456222254,0.01687417901036896,0.0,0.0,0.0,0.0,0.0,0.0,0.0,0.0,0.0,0.0,0.0,0.0,0.0,0.0,0.0,0.0,0.0,0.0,0.0,0.0,0.0,0.18458691770087576,0.0,3,3,3,3,3,3,3,3,3,3,3,3,0,0,0,0,0,3,3,3,3,3,3,3,3,3,3,3,3,3,3,3,3,3,3,3,3,3,3,3,3,3,3,3,3,3,3,3,3,3,3,3,3,3,3,3,3,3,3,3,3,3,3,3,3,3,3,3,3,3,3,dfa,mnist,div255,mlp,gelu,sigmoid_bce,e
linear_lr1e3_bp,3,0.49057189623514813,1.0,4.586331552849618,0.5792884031931559,1.0,3.644687523663306,0.6463645299275717,1.0,5.70923133208215,0.0,1.3019708792368572,0.8853381737940694,,,,,,3.0,1.0,0.4634189307689667,0.387835552295049,1.0,18.50007438659668,,1.0,0.5547597606976827,0.3831642270088195,1.0,17.816691080729168,,1.0,0.6463645299275717,0.3831305007139841,1.0,17.438154538472492,,0.7662760416666666,0.8356119791666666,0.8561197916666666,0.8826497395833334,0.8826497395833334,3000.0,0.9938330252965292,0.9938330252965292,14.092274814586737,7.545210485134217,7.294730364598756,1.3019708792368572,1.264911064067352,1.0,0.001,1.0,1.0,128.0,300.0,3.0,3000.0,-1.0,0.0,0.0,0.0,0.0,0.0,0.0,1.0,0.0,10.0,3.2490788990307586,35.225006103515625,12.25451405843099,3000.0,0.020315156999691386,0.0,0.1884663164254764,0.004893956424270758,0.0,0.49192489458230204,0.006730966015316426,0.0,0.4202487310540754,0.0,0.07813814633116484,0.01797312911740118,,,,,,0.0,0.0,0.024177725757523697,0.030028227603138655,0.0,2.086807485395074,,0.0,0.00682843693070601,0.02532151201677808,0.0,1.4976194889291345,,0.0,0.006730966015316426,0.01982398060847453,0.0,1.4579643092122165,,0.014699887942624454,0.00919128118717154,0.009830513587592123,0.006557043319818914,0.006557043319818914,0.0,0.019006420745825602,0.019006420745825602,1.0668843351303208,0.241306137502626,0.3251338832146121,0.07813814633116484,0.0,0.0,0.0,0.0,0.0,0.0,0.0,0.0,0.0,0.0,0.0,0.0,0.0,0.0,0.0,0.0,0.0,0.0,0.0,0.0,0.0,0.51230834004271,0.0,3,3,3,3,3,3,3,3,3,3,3,3,0,0,0,0,0,3,3,3,3,3,3,0,3,3,3,3,3,0,3,3,3,3,3,0,3,3,3,3,3,3,3,3,3,3,3,3,3,3,3,3,3,3,3,3,3,3,3,3,3,3,3,3,3,3,3,3,3,3,3,bp,mnist,div255,mlp,linear,sigmoid_bce,none
linear_lr1e3_centere_outlr10,3,0.6499678492546082,1.0,4.699577348109448,0.8656921982765198,1.0,123.1803521380095,0.991545836130778,1.0,633508.3247581157,2786.6666666666665,1.3019708792368572,0.8501216038380827,,,,,,3.0,1.0,0.6420364181200663,0.387835552295049,1.0,18.50007438659668,0.25609909494717914,1.0,0.8440393010775248,0.3831642270088195,1.0,17.816691080729168,0.37150049209594727,1.0,0.9681726495424906,0.3831305007139841,1.0,17.438154538472492,0.6228379408518473,0.13509114583333334,0.21630859375,0.21370442708333334,0.3074544270833333,0.3074544270833333,3000.0,5077280838997.333,1.8348263502120972,1.4092274814586736,0.7545210485134217,0.7294730364598756,1.3019708792368572,1.264911064067352,1.0,0.001,10.0,1.0,128.0,300.0,3.0,3000.0,-1.0,0.0,0.0,0.0,0.0,0.0,0.0,1.0,0.0,10.0,3.2490788990307586,35.225006103515625,14.334767738978067,3000.0,0.005471276158762911,0.0,0.6311544772053596,0.006240205619547192,0.0,20.707512964195153,0.001454109163010867,0.0,220664.05677157373,20.816659994661283,0.07813814633116484,0.02806191303184739,,,,,,0.0,0.0,0.006021179704136282,0.030028227603138655,0.0,2.086807485395074,0.061830944305925103,0.0,0.0032005938025447774,0.02532151201677808,0.0,1.4976194889291345,0.06949694496819225,0.0,0.0017940618686186909,0.01982398060847453,0.0,1.4579643092122165,0.045284745986835566,0.04751740120157559,0.13476120209001224,0.057746010426471484,0.14787130958851416,0.14787130958851416,0.0,3933464658161.2725,0.10969009059366694,0.10668843351303198,0.02413061375026264,0.03251338832146111,0.07813814633116484,0.0,0.0,0.0,0.0,0.0,0.0,0.0,0.0,0.0,0.0,0.0,0.0,0.0,0.0,0.0,0.0,0.0,0.0,0.0,0.0,0.0,2.1949235774164317,0.0,3,3,3,3,3,3,3,3,3,3,3,3,0,0,0,0,0,3,3,3,3,3,3,3,3,3,3,3,3,3,3,3,3,3,3,3,3,3,3,3,3,3,3,3,3,3,3,3,3,3,3,3,3,3,3,3,3,3,3,3,3,3,3,3,3,3,3,3,3,3,3,dfa,mnist,div255,mlp,linear,sigmoid_bce,e
linear_lr1e3_centere_pixcenter,3,0.004677237166712633,1.0,3.839469331047399,0.011302018693337768,1.0,3.95042378515325,0.024317407825340767,1.0,6.035554072830536,0.0,1.2678719758987427,1.2532309034471634,,,,,,3.0,1.0,0.0046759089455007995,0.0025456910176822997,1.0,0.033159052953124,0.3963213960329692,1.0,0.010920426497856702,0.0024873922423769667,1.0,0.031324444959560965,0.20504212379455564,1.0,0.02350244376187517,0.0023244793216387,1.0,0.029910519098242067,0.10469655195871987,0.759765625,0.8489583333333334,0.8585611979166666,0.8680013020833334,0.8680013020833334,3000.0,3.0958799521128335,3.0958799521128335,6.762273209763869,6.986503303828552,6.974102626568436,1.2678719758987427,1.264911064067352,1.0,0.001,1.0,1.0,128.0,300.0,3.0,3000.0,-1.0,0.0,0.0,0.0,0.0,0.0,0.0,1.0,0.0,10.0,3.2490788990307586,1.7229292536939667e-13,13.139857530593872,3000.0,0.0028382127058559346,0.0,0.01288524388151312,0.010434845221750543,0.0,0.03997481262174092,0.02575533404411963,0.0,0.28777838836434927,0.0,0.0033229355062847363,0.03626923582397006,,,,,,0.0,0.0,0.002839037661335002,0.00046767936657426647,0.0,0.003593107844673445,0.0068955238957190915,0.0,0.010711163494844996,0.0006304967480220612,0.0,0.003163109744088928,0.008285774441339482,0.0,0.026397011634767008,0.0006513186045185134,0.0,0.002063826390169326,0.002698945526174147,0.01321971325261805,0.004640812965294027,0.003697205954297047,0.006278418464188112,0.006278418464188112,0.0,0.01061530154959527,0.01061530154959527,0.02952346609513893,0.038839356707380916,0.03854744947375099,0.0033229355062847363,0.0,0.0,0.0,0.0,0.0,0.0,0.0,0.0,0.0,0.0,0.0,0.0,0.0,0.0,0.0,0.0,0.0,0.0,0.0,0.0,0.0,0.3691679445465963,0.0,3,3,3,3,3,3,3,3,3,3,3,3,0,0,0,0,0,3,3,3,3,3,3,3,3,3,3,3,3,3,3,3,3,3,3,3,3,3,3,3,3,3,3,3,3,3,3,3,3,3,3,3,3,3,3,3,3,3,3,3,3,3,3,3,3,3,3,3,3,3,3,dfa,mnist,pixcenter,mlp,linear,sigmoid_bce,e
linear_lr1e3_priorbias,3,0.7333728472391764,1.0,0.3971178518740413,0.9030156930287679,1.0,0.7476580809296473,0.9780011574427286,1.0,2.4726517927230627,96.66666666666667,0.11411315202713007,0.1396124543964093,0.0,50.0,180.0,180.0,0.092529296875,3.0,1.0,0.7333728472391764,0.387835552295049,1.0,18.50007438659668,0.5395196874936422,1.0,0.9030156930287679,0.3831642270088195,1.0,17.816691080729168,0.3517827093601227,1.0,0.9780011574427286,0.3831305007139841,1.0,17.438154538472492,0.16118971506754554,0.81298828125,0.8795572916666666,0.8933919270833334,0.90576171875,0.90576171875,3000.0,0.7241475780804952,0.7177561521530151,1.2048028348859854,0.6584293353931325,0.6379752277078551,0.11411315202713007,1.264911064067352,1.0,0.001,1.0,1.0,128.0,300.0,3.0,3000.0,0.10000000000000002,0.0,0.0,0.0,0.0,0.0,0.0,1.0,0.0,10.0,3.2490788990307586,35.225006103515625,13.36241372426351,3000.0,0.07008975196738668,0.0,0.2649020630906912,0.04775707390935326,0.0,0.7685687909594991,0.015560839787136441,0.0,3.1479894825581654,55.075705472861024,0.05882275732894756,0.08870441529003247,,,,,,0.0,0.0,0.07008975196738668,0.030028227603138655,0.0,2.086807485395074,0.003717248652883345,0.0,0.04775707390935326,0.02532151201677808,0.0,1.4976194889291345,0.0070602564621631845,0.0,0.015560839787136441,0.01982398060847453,0.0,1.4579643092122165,0.0035343416113835565,0.011037748589313784,0.004742448660264797,0.003946730355788465,0.003996754283140845,0.003996754283140845,0.0,0.012632302301626286,0.018166086402008896,0.566862398820596,0.32341987126069954,0.32292935878382073,0.05882275732894756,0.0,0.0,0.0,0.0,0.0,0.0,0.0,0.0,0.0,0.0,0.0,0.0,0.0,0.0,0.0,0.0,0.0,0.0,0.0,0.0,0.0,0.24211407099262416,0.0,3,3,3,3,3,3,3,3,3,3,3,3,1,1,1,1,1,3,3,3,3,3,3,3,3,3,3,3,3,3,3,3,3,3,3,3,3,3,3,3,3,3,3,3,3,3,3,3,3,3,3,3,3,3,3,3,3,3,3,3,3,3,3,3,3,3,3,3,3,3,3,dfa,mnist,div255,mlp,linear,sigmoid_bce,none
linear_lr1e4,3,0.798510213692983,1.0,0.9562359733732504,0.9456872940063477,1.0,2.1304343624851327,0.9927029410998026,1.0,7.710915949348696,1670.0,1.3019708792368572,1.2950858781215175,720.0,820.0,1800.0,1080.0,0.14630681818181818,3.0,1.0,0.798510213692983,0.387835552295049,1.0,18.50007438659668,0.24899970491727189,1.0,0.9455164869626363,0.3831642270088195,1.0,17.816691080729168,0.13870042562484738,1.0,0.9926090836524963,0.3831305007139841,1.0,17.438154538472492,0.07904537767171857,0.09244791666666667,0.17708333333333334,0.2791341145833333,0.70703125,0.70703125,3000.0,1.7813002665837605,1.7813002665837605,14.092274814586737,7.545210485134217,7.294730364598756,1.3019708792368572,1.264911064067352,1.0,0.0001,1.0,1.0,128.0,300.0,3.0,3000.0,-1.0,0.0,0.0,0.0,0.0,0.0,0.0,1.0,0.0,10.0,3.2490788990307586,35.225006103515625,13.014423688252768,3000.0,0.010690449441775378,0.0,0.0419608214101479,0.012959260788688852,0.0,0.14247969507264335,0.0038578815141091446,0.0,1.6602444536725212,285.832118559129,0.07813814633116484,0.074782436013069,,,,,,0.0,0.0,0.010690449441775378,0.030028227603138655,0.0,2.086807485395074,0.010333401508572457,0.0,0.012958776225078409,0.02532151201677808,0.0,1.4976194889291345,0.013416559523016137,0.0,0.0038509319248979015,0.01982398060847453,0.0,1.4579643092122165,0.0042162619030821375,0.031607804721227435,0.05879955177049786,0.02003937025125121,0.04012531201963234,0.04012531201963234,0.0,0.08271325562570862,0.08271325562570862,1.0668843351303208,0.241306137502626,0.3251338832146121,0.07813814633116484,0.0,0.0,0.0,0.0,0.0,0.0,0.0,0.0,0.0,0.0,0.0,0.0,0.0,0.0,0.0,0.0,0.0,0.0,0.0,0.0,0.0,0.5951225813698622,0.0,3,3,3,3,3,3,3,3,3,3,3,3,1,1,1,1,1,3,3,3,3,3,3,3,3,3,3,3,3,3,3,3,3,3,3,3,3,3,3,3,3,3,3,3,3,3,3,3,3,3,3,3,3,3,3,3,3,3,3,3,3,3,3,3,3,3,3,3,3,3,3,dfa,mnist,div255,mlp,linear,sigmoid_bce,none
linear_lr1e4_centere,3,0.5983086824417114,1.0,5.402597298055227,0.7357405622800192,1.0,5.1824480751187805,0.7503180702527364,1.0,25.653485652695775,0.0,1.3019708792368572,1.285411148140141,,,,,,3.0,1.0,0.39211074511210126,0.387835552295049,1.0,18.50007438659668,0.11019395105540747,1.0,0.3915726641813914,0.3831642270088195,1.0,17.816691080729168,0.08480827137827866,1.0,0.3914260466893514,0.3831305007139841,1.0,17.438154538472492,0.06424471735954279,0.08821614583333333,0.15576171875,0.2802734375,0.3134765625,0.3134765625,3000.0,14.161835670471191,2.377645413080851,14.092274814586737,7.545210485134217,7.294730364598756,1.3019708792368572,1.264911064067352,1.0,0.0001,1.0,1.0,128.0,300.0,3.0,3000.0,-1.0,0.0,0.0,0.0,0.0,0.0,0.0,1.0,0.0,10.0,3.2490788990307586,35.225006103515625,13.186053117116293,3000.0,0.009597633574813644,0.0,0.42395745309675736,0.02695676139442298,0.0,0.5787122485546342,0.05101535864609679,0.0,5.398309100507392,0.0,0.07813814633116484,0.04688328278309695,,,,,,0.0,0.0,0.029874697320123073,0.030028227603138655,0.0,2.086807485395074,0.0695230655198394,0.0,0.028588976239343086,0.02532151201677808,0.0,1.4976194889291345,0.04089889650502497,0.0,0.025769370916079472,0.01982398060847453,0.0,1.4579643092122165,0.0018197576095179576,0.02568161331876606,0.038875897069068445,0.027067698342842186,0.1408697753045711,0.1408697753045711,0.0,13.091530058754417,0.1443064160518321,1.0668843351303208,0.241306137502626,0.3251338832146121,0.07813814633116484,0.0,0.0,0.0,0.0,0.0,0.0,0.0,0.0,0.0,0.0,0.0,0.0,0.0,0.0,0.0,0.0,0.0,0.0,0.0,0.0,0.0,1.0339284764838332,0.0,3,3,3,3,3,3,3,3,3,3,3,3,0,0,0,0,0,3,3,3,3,3,3,3,3,3,3,3,3,3,3,3,3,3,3,3,3,3,3,3,3,3,3,3,3,3,3,3,3,3,3,3,3,3,3,3,3,3,3,3,3,3,3,3,3,3,3,3,3,3,3,dfa,mnist,div255,mlp,linear,sigmoid_bce,e
linear_lr3e4,3,0.8011233607927958,1.0,1.3852503863502206,0.9470549623171488,1.0,3.5095585409230896,0.9929768641789755,1.0,13.517015081155753,563.3333333333334,1.3019708792368572,1.3095390720963571,,,,,,3.0,1.0,0.8011233607927958,0.387835552295049,1.0,18.50007438659668,0.4407712519168854,1.0,0.9470549623171488,0.3831642270088195,1.0,17.816691080729168,0.27365485827128094,1.0,0.9929768641789755,0.3831305007139841,1.0,17.438154538472492,0.13258454203605646,0.23811848958333334,0.7057291666666666,0.8118489583333334,0.875,0.875,3000.0,0.9842974344889323,0.9834895730018616,14.092274814586737,7.545210485134217,7.294730364598756,1.3019708792368572,1.264911064067352,1.0,0.0003,1.0,1.0,128.0,300.0,3.0,3000.0,-1.0,0.0,0.0,0.0,0.0,0.0,0.0,1.0,0.0,10.0,3.2490788990307586,35.225006103515625,13.343267599741617,3000.0,0.011003094792696736,0.0,0.02096065628860083,0.01268669956807419,0.0,0.16434634408090334,0.003684248389773796,0.0,2.536702458094406,98.14954576223639,0.07813814633116484,0.12906540060730556,,,,,,0.0,0.0,0.011003094792696736,0.030028227603138655,0.0,2.086807485395074,0.0087145336236789,0.0,0.01268669956807419,0.02532151201677808,0.0,1.4976194889291345,0.0034512592608768,0.0,0.003684248389773796,0.01982398060847453,0.0,1.4579643092122165,0.0036399627490876904,0.033731482806606004,0.035782499111089085,0.009165304834180387,0.005074367600299445,0.005074367600299445,0.0,0.030389843672699816,0.03160655208484576,1.0668843351303208,0.241306137502626,0.3251338832146121,0.07813814633116484,0.0,0.0,0.0,0.0,0.0,0.0,0.0,0.0,0.0,0.0,0.0,0.0,0.0,0.0,0.0,0.0,0.0,0.0,0.0,0.0,0.0,0.34091633380904734,0.0,3,3,3,3,3,3,3,3,3,3,3,3,0,0,0,0,0,3,3,3,3,3,3,3,3,3,3,3,3,3,3,3,3,3,3,3,3,3,3,3,3,3,3,3,3,3,3,3,3,3,3,3,3,3,3,3,3,3,3,3,3,3,3,3,3,3,3,3,3,3,3,dfa,mnist,div255,mlp,linear,sigmoid_bce,none
linear_lr3e4_centere,3,0.5822575489679972,1.0,11.673679496194552,0.6926473180452982,1.0,142.36509225455276,0.7112414638201395,1.0,462950.03260183404,0.0,1.3019708792368572,1.2751342129053997,,,,,,3.0,1.0,0.4063110053539276,0.387835552295049,1.0,18.50007438659668,-0.14603263388077417,1.0,0.40582094589869183,0.3831642270088195,1.0,17.816691080729168,-0.11153776819507277,1.0,0.4018470843633016,0.3831305007139841,1.0,17.438154538472492,0.06105810093382993,0.22037760416666666,0.16276041666666666,0.10384114583333333,0.09993489583333333,0.09993489583333333,3000.0,74030808661.33333,2.9184329509735107,14.092274814586737,7.545210485134217,7.294730364598756,1.3019708792368572,1.264911064067352,1.0,0.0003,1.0,1.0,128.0,300.0,3.0,3000.0,-1.0,0.0,0.0,0.0,0.0,0.0,0.0,1.0,0.0,10.0,3.2490788990307586,35.225006103515625,13.440474192301432,3000.0,0.018568942693792827,0.0,1.2920113806940186,0.046255440440179645,0.0,47.29893841344146,0.0606959060313581,0.0,367092.7115409926,0.0,0.07813814633116484,0.04616816201718138,,,,,,0.0,0.0,0.031406927567029196,0.030028227603138655,0.0,2.086807485395074,0.024862310531739127,0.0,0.03715800667329733,0.02532151201677808,0.0,1.4976194889291345,0.06390746304606888,0.0,0.03885948051058369,0.01982398060847453,0.0,1.4579643092122165,0.1120101093081764,0.014949169926048219,0.04348262647466332,0.012220045146286433,0.005378486862584082,0.005378486862584082,0.0,92796765994.56596,0.4265894564696086,1.0668843351303208,0.241306137502626,0.3251338832146121,0.07813814633116484,0.0,0.0,0.0,0.0,0.0,0.0,0.0,0.0,0.0,0.0,0.0,0.0,0.0,0.0,0.0,0.0,0.0,0.0,0.0,0.0,0.0,0.9119514162859939,0.0,3,3,3,3,3,3,3,3,3,3,3,3,0,0,0,0,0,3,3,3,3,3,3,3,3,3,3,3,3,3,3,3,3,3,3,3,3,3,3,3,3,3,3,3,3,3,3,3,3,3,3,3,3,3,3,3,3,3,3,3,3,3,3,3,3,3,3,3,3,3,3,dfa,mnist,div255,mlp,linear,sigmoid_bce,e
linear_lr3e4_centere_outlr10,3,0.6894002556800842,1.0,2.16176104059026,0.915937582651774,1.0,4.637868181137661,0.9946298201878866,1.0,171.6625794935043,2296.6666666666665,1.3019708792368572,1.1379044063975015,,,,,,3.0,1.0,0.44605597853660583,0.387835552295049,1.0,18.50007438659668,0.19185759872198102,1.0,0.4732360541820526,0.3831642270088195,1.0,17.816691080729168,0.33529449502627057,1.0,0.5008064607779185,0.3831305007139841,1.0,17.438154538472492,0.6233969529469808,0.6554361979166666,0.5926106770833334,0.15315755208333334,0.3212890625,0.3212890625,3000.0,131375.16666666666,1.630833665529887,1.4092274814586736,0.7545210485134217,0.7294730364598756,1.3019708792368572,1.264911064067352,1.0,0.0003,10.0,1.0,128.0,300.0,3.0,3000.0,-1.0,0.0,0.0,0.0,0.0,0.0,0.0,1.0,0.0,10.0,3.2490788990307586,35.225006103515625,14.226681152979532,3000.0,0.006834997809152233,0.0,0.22013114078530543,0.0036694636474655594,0.0,0.5462850839626021,0.00040040574974316507,0.0,53.619119442642585,73.71114795831988,0.07813814633116484,0.039886342756534236,,,,,,0.0,0.0,0.027920753289483444,0.030028227603138655,0.0,2.086807485395074,0.06493389313369524,0.0,0.051352274115910264,0.02532151201677808,0.0,1.4976194889291345,0.0838420601475919,0.0,0.07391744318287652,0.01982398060847453,0.0,1.4579643092122165,0.02641930519078304,0.03577916745895563,0.08063641213569409,0.04121953744933869,0.016068830734281576,0.016068830734281576,0.0,104047.23073806007,0.06813125366430932,0.10668843351303198,0.02413061375026264,0.03251338832146111,0.07813814633116484,0.0,0.0,0.0,0.0,0.0,0.0,0.0,0.0,0.0,0.0,0.0,0.0,0.0,0.0,0.0,0.0,0.0,0.0,0.0,0.0,0.0,1.425193408369165,0.0,3,3,3,3,3,3,3,3,3,3,3,3,0,0,0,0,0,3,3,3,3,3,3,3,3,3,3,3,3,3,3,3,3,3,3,3,3,3,3,3,3,3,3,3,3,3,3,3,3,3,3,3,3,3,3,3,3,3,3,3,3,3,3,3,3,3,3,3,3,3,3,dfa,mnist,div255,mlp,linear,sigmoid_bce,e
relu_lr1e3_bp,3,0.7043639421463013,0.7834742069244385,8.295296857038876,0.8531017104784647,0.6544161041577657,5.462496265467979,0.944682776927948,0.5875094135602316,5.898879007818485,1263.3333333333333,1.306990663210551,1.3160823222629567,,,,,,3.0,0.7835473815600077,0.6743384997049967,0.5470349192619324,0.8006827433904012,13.189136187235514,,0.6548531850179037,0.8504867951075236,0.6231864889462789,0.7195003430048624,6.582904020945231,,0.5877567728360494,0.9438019394874573,0.6968749761581421,0.6972307761510214,3.6728132565816245,,0.43994140625,0.6559244791666666,0.7327473958333334,0.8369140625,0.8369140625,3000.0,1.4473811388015747,1.4473811388015747,57.15031295886657,22.35705295689348,11.92741323648955,1.306990663210551,1.264911064067352,1.0,0.001,1.0,1.0,128.0,300.0,3.0,3000.0,-1.0,0.0,0.0,0.0,0.0,0.0,0.0,1.0,0.0,10.0,3.2490788990307586,35.225006103515625,14.06143593788147,3000.0,0.009533336639525207,0.020304263086899792,0.39141256092730886,0.007571604141534897,0.017150157012938625,0.5358989107476396,0.0024374416496434096,0.01874505148383483,0.4365695079597126,64.29100507328639,0.028046537999725493,0.026564137149403685,,,,,,0.0,0.020427283201582828,0.015147743823437004,0.024462692804299805,0.017015131429745416,1.564423841102059,,0.016798303336475515,0.0070797439219250895,0.009658352678891527,0.022309615719890086,0.35362301076271363,,0.018594707186004908,0.002579366520903757,0.041919081170840214,0.02182224054083509,0.9049870963586075,,0.01649350171294388,0.037901865547049454,0.012365507756004286,0.003201874279444336,0.003201874279444336,0.0,0.058482622532669094,0.058482622532669094,11.725412642044288,4.967691825167649,2.2261762260017157,0.028046537999725493,0.0,0.0,0.0,0.0,0.0,0.0,0.0,0.0,0.0,0.0,0.0,0.0,0.0,0.0,0.0,0.0,0.0,0.0,0.0,0.0,0.0,0.7989979388574914,0.0,3,3,3,3,3,3,3,3,3,3,3,3,0,0,0,0,0,3,3,3,3,3,3,0,3,3,3,3,3,0,3,3,3,3,3,0,3,3,3,3,3,3,3,3,3,3,3,3,3,3,3,3,3,3,3,3,3,3,3,3,3,3,3,3,3,3,3,3,3,3,3,bp,mnist,div255,mlp,relu,sigmoid_bce,none
relu_lr1e3_centere_outlr10,3,0.7726245721181234,0.7893354296684265,4.367586730177876,0.9126445055007935,0.6789649724960327,44.53020403614526,0.9924190640449524,0.6237987478574117,25284.28925389163,2716.6666666666665,1.306990663210551,1.2214207060393745,,,,,,3.0,0.7893354296684265,0.7154284715652466,0.5470349192619324,0.8006827433904012,13.189136187235514,0.4437783459822337,0.6789649724960327,0.833247184753418,0.6231864889462789,0.7195003430048624,6.582904020945231,0.48576833804448444,0.6243741909662882,0.9014689326286316,0.6968749761581421,0.6972307761510214,3.6728132565816245,0.5884788433710734,0.4925130208333333,0.3251953125,0.3248697916666667,0.2835286458333333,0.2835286458333333,3000.0,4628335670.666667,1.7192589441935222,5.715031295886656,2.235705295689348,1.1927413236489552,1.306990663210551,1.264911064067352,1.0,0.001,10.0,1.0,128.0,300.0,3.0,3000.0,-1.0,0.0,0.0,0.0,0.0,0.0,0.0,1.0,0.0,10.0,3.2490788990307586,35.225006103515625,13.837922811508179,3000.0,0.006818084530154835,0.013748772437235388,0.42571217299050673,0.010414757332565371,0.008946441811443105,13.46612542584417,0.0014359887547573194,0.018055984332666093,18151.802196425033,109.69655114602884,0.028046537999725493,0.03267671624853015,,,,,,0.0,0.013748772437235388,0.021883383150897693,0.024462692804299805,0.017015131429745416,1.564423841102059,0.06664568724807786,0.008946441811443105,0.0492806508664949,0.009658352678891527,0.022309615719890086,0.35362301076271363,0.05067381041497415,0.019046415807006806,0.07262722808784161,0.041919081170840214,0.02182224054083509,0.9049870963586075,0.05004853975086456,0.24400500790610855,0.14419847273527056,0.06106509682304727,0.10378283674265167,0.10378283674265167,0.0,4657193145.413172,0.4527001441576183,1.1725412642044286,0.49676918251676483,0.2226176226001716,0.028046537999725493,0.0,0.0,0.0,0.0,0.0,0.0,0.0,0.0,0.0,0.0,0.0,0.0,0.0,0.0,0.0,0.0,0.0,0.0,0.0,0.0,0.0,0.6235286448352032,0.0,3,3,3,3,3,3,3,3,3,3,3,3,0,0,0,0,0,3,3,3,3,3,3,3,3,3,3,3,3,3,3,3,3,3,3,3,3,3,3,3,3,3,3,3,3,3,3,3,3,3,3,3,3,3,3,3,3,3,3,3,3,3,3,3,3,3,3,3,3,3,3,dfa,mnist,div255,mlp,relu,sigmoid_bce,e
relu_lr1e3_centere_pixcenter,3,0.3351455330848694,0.9939925670623779,0.46502398662790173,0.6149084568023682,0.8148072560628256,2.4068014069161534,0.8081121246019999,0.7185428937276205,1.2304688836208613,0.0,1.2866921424865723,1.341988646411342,,,,,,3.0,0.9954255819320679,0.3271874785423279,0.3271254897117615,0.9976672132809957,4.6489237149556475,0.4685431718826294,0.8148072560628256,0.5481022198994955,0.4930875798066457,0.82196444272995,3.363835573196411,0.33785619338353473,0.718949019908905,0.6551787058512369,0.5977203448613485,0.7535871267318726,1.9528605937957764,0.17263243099053696,0.32177734375,0.8377278645833334,0.8810221354166666,0.9091796875,0.9091796875,3000.0,0.547890325387319,0.5461874604225159,2.4235371518837034,13.677274896478522,10.561513236764414,1.2866921424865723,1.264911064067352,1.0,0.001,1.0,1.0,128.0,300.0,3.0,3000.0,-1.0,0.0,0.0,0.0,0.0,0.0,0.0,1.0,0.0,10.0,3.2490788990307586,1.7229292536939667e-13,14.75562604268392,3000.0,0.002047256986396989,0.0016091090968686737,0.03658180430845906,0.006702236222189748,0.003928547871673554,0.31470038092590374,0.0064355753090316785,0.029736669362377347,0.517391550545768,0.0,0.012006209023554417,0.012546713332756608,,,,,,0.0,0.001371039857059653,0.0010992418163853052,0.0009945482179707283,0.0003537535633943609,0.05727431220065661,0.02057986312323472,0.003928547871673554,0.01729885127019737,0.00641006481203256,0.0044569803087258,0.14685653805873408,0.01394077614706509,0.029694213397926286,0.02816249239921062,0.03265516898084642,0.009859895364312721,0.381347478045304,0.008992543725217815,0.025460952782194707,0.007569671845204092,0.0028190931112774854,0.0025837415147115144,0.0025837415147115144,0.0,0.005598849627566307,0.0043267732003629536,0.3481456996248512,1.821063208830531,1.411638985212736,0.012006209023554417,0.0,0.0,0.0,0.0,0.0,0.0,0.0,0.0,0.0,0.0,0.0,0.0,0.0,0.0,0.0,0.0,0.0,0.0,0.0,0.0,0.0,1.6719585907974766,0.0,3,3,3,3,3,3,3,3,3,3,3,3,0,0,0,0,0,3,3,3,3,3,3,3,3,3,3,3,3,3,3,3,3,3,3,3,3,3,3,3,3,3,3,3,3,3,3,3,3,3,3,3,3,3,3,3,3,3,3,3,3,3,3,3,3,3,3,3,3,3,3,dfa,mnist,pixcenter,mlp,relu,sigmoid_bce,e
relu_lr1e3_priorbias,3,0.7714544932047526,0.7803699175516764,0.3355969622741363,0.9336281021436056,0.6373865405718485,0.6383248780696005,0.987550417582194,0.5471549034118652,1.366390159792341,130.0,0.05219389870762817,0.054107509653372084,0.0,130.0,306.6666666666667,306.6666666666667,0.10307895819585848,3.0,0.7803699175516764,0.7714544932047526,0.5470349192619324,0.8006827433904012,13.189136187235514,0.46770017345746356,0.6373865405718485,0.9336281021436056,0.6231864889462789,0.7195003430048624,6.582904020945231,0.31958280007044476,0.5471549034118652,0.987550417582194,0.6968749761581421,0.6972307761510214,3.6728132565816245,0.16350198785463965,0.6907552083333334,0.8616536458333334,0.8878580729166666,0.9134114583333334,0.9134114583333334,3000.0,0.5758152405420939,0.5694746176401774,2.2005076171421627,0.8591195877556439,0.460557995511001,0.05219389870762817,1.264911064067352,1.0,0.001,1.0,1.0,128.0,300.0,3.0,3000.0,0.10000000000000002,0.0,0.0,0.0,0.0,0.0,0.0,1.0,0.0,10.0,3.2490788990307586,35.225006103515625,15.137977441151937,3000.0,0.01437523736540451,0.012184657639886657,0.21771850639406898,0.004763280501125031,0.003605254966005693,1.0681008025582475,0.004991344835503553,0.023447119914296863,6.086648688133145,36.05551275463989,0.013844979074821167,0.014390570854048516,0.0,26.457513110645905,25.16611478423583,25.16611478423583,0.03964946580344169,0.0,0.012184657639886657,0.01437523736540451,0.024462692804299805,0.017015131429745416,1.564423841102059,0.0071481591969094,0.003605254966005693,0.004763280501125031,0.009658352678891527,0.022309615719890086,0.35362301076271363,0.013545480661505991,0.023447119914296863,0.004991344835503553,0.041919081170840214,0.02182224054083509,0.9049870963586075,0.00943956082566827,0.025307543861989017,0.0017147873946700407,0.003532313543979614,0.005784295457004179,0.005784295457004179,0.0,0.01903371061736302,0.02205444275605628,0.22367992489574426,0.09889597001150444,0.049712753284471285,0.013844979074821167,0.0,0.0,0.0,0.0,0.0,0.0,0.0,0.0,0.0,0.0,0.0,0.0,0.0,0.0,0.0,0.0,0.0,0.0,0.0,0.0,0.0,1.4384194615113233,0.0,3,3,3,3,3,3,3,3,3,3,3,3,3,3,3,3,3,3,3,3,3,3,3,3,3,3,3,3,3,3,3,3,3,3,3,3,3,3,3,3,3,3,3,3,3,3,3,3,3,3,3,3,3,3,3,3,3,3,3,3,3,3,3,3,3,3,3,3,3,3,3,dfa,mnist,div255,mlp,relu,sigmoid_bce,none
relu_lr1e4,3,0.8902866840362549,0.6852009892463684,1.3207808951266484,0.9854257106781006,0.4733429153760274,2.6281047957999206,0.998792846997579,0.42949667572975153,7.0018609553148465,2890.0,1.306990663210551,1.3691729223569329,1470.0,1625.0,2500.0,1380.0,0.15305373247931986,3.0,0.6852559447288513,0.8902508616447449,0.5470349192619324,0.8006827433904012,13.189136187235514,0.06634080037474627,0.4733535746733348,0.985274076461792,0.6231864889462789,0.7195003430048624,6.582904020945231,0.041822267075379636,0.4345637063185373,0.998741070429484,0.6968749761581421,0.6972307761510214,3.6728132565816245,0.028325707030793,0.10123697916666667,0.12630208333333334,0.14713541666666666,0.36669921875,0.36669921875,3000.0,2.858572483062744,2.858572483062744,57.15031295886657,22.35705295689348,11.92741323648955,1.306990663210551,1.264911064067352,1.0,0.0001,1.0,1.0,128.0,300.0,3.0,3000.0,-1.0,0.0,0.0,0.0,0.0,0.0,0.0,1.0,0.0,10.0,3.2490788990307586,35.225006103515625,13.645514885584513,3000.0,0.007211944450937096,0.014584010179563973,0.04442595345579547,0.0036333242565191096,0.014972642483845916,0.12514616202646467,0.000513524668301207,0.023490880370252938,1.4081851443657414,51.96152422706632,0.028046537999725493,0.026373184914979347,494.9747468305833,502.04581464244876,,,0.0013924922071778202,0.0,0.014663347053111607,0.007271202748547622,0.024462692804299805,0.017015131429745416,1.564423841102059,0.014292313985507961,0.0149864128778611,0.0038781603256455833,0.009658352678891527,0.022309615719890086,0.35362301076271363,0.012488396821412446,0.02720888317357996,0.0006006578911911817,0.041919081170840214,0.02182224054083509,0.9049870963586075,0.013610911899020141,0.008319907499434936,0.0337950361259784,0.034180850054633755,0.07136928277575572,0.07136928277575572,0.0,0.2970399362210992,0.2970399362210992,11.725412642044288,4.967691825167649,2.2261762260017157,0.028046537999725493,0.0,0.0,0.0,0.0,0.0,0.0,0.0,0.0,0.0,0.0,0.0,0.0,0.0,0.0,0.0,0.0,0.0,0.0,0.0,0.0,0.0,0.8010062769802947,0.0,3,3,3,3,3,3,3,3,3,3,3,3,2,2,1,1,2,3,3,3,3,3,3,3,3,3,3,3,3,3,3,3,3,3,3,3,3,3,3,3,3,3,3,3,3,3,3,3,3,3,3,3,3,3,3,3,3,3,3,3,3,3,3,3,3,3,3,3,3,3,3,dfa,mnist,div255,mlp,relu,sigmoid_bce,none
relu_lr1e4_centere,3,0.7167250116666158,0.7895869215329488,7.353417264022646,0.8206914067268372,0.6798057357470194,5.677604416010794,0.8881660501162211,0.6291917959849039,4.235981710759791,376.6666666666667,1.306990663210551,1.3705290248355892,,,,,,3.0,0.7950132290522257,0.5565787553787231,0.5470349192619324,0.8006827433904012,13.189136187235514,0.050726996113856566,0.713911751906077,0.6328524152437845,0.6231864889462789,0.7195003430048624,6.582904020945231,0.032396456847588205,0.6963821649551392,0.7039705912272135,0.6968749761581421,0.6972307761510214,3.6728132565816245,0.024971752737959166,0.10807291666666667,0.12337239583333333,0.11979166666666667,0.23079427083333334,0.23079427083333334,3000.0,3.229851404825846,3.228510936101278,57.15031295886657,22.35705295689348,11.92741323648955,1.306990663210551,1.264911064067352,1.0,0.0001,1.0,1.0,128.0,300.0,3.0,3000.0,-1.0,0.0,0.0,0.0,0.0,0.0,0.0,1.0,0.0,10.0,3.2490788990307586,35.225006103515625,15.600038369496664,3000.0,0.016351169428798627,0.015642122126234958,1.124452738682385,0.04044222864826686,0.005731795360201528,1.598165499096994,0.06431414660226754,0.01800734687708375,1.1463285312284004,467.58243479982576,0.028046537999725493,0.029392437546015903,,,,,,0.0,0.014815072025921182,0.018738175137394127,0.024462692804299805,0.017015131429745416,1.564423841102059,0.006567174895685232,0.01718789315991097,0.014448496473058422,0.009658352678891527,0.022309615719890086,0.35362301076271363,0.018587418210460463,0.022703443690110663,0.0478808446880322,0.041919081170840214,0.02182224054083509,0.9049870963586075,0.009633165422563237,0.02810198937520395,0.045166235570973476,0.0627537978442756,0.037804238333743294,0.037804238333743294,0.0,0.23181284990645942,0.22970903351758365,11.725412642044288,4.967691825167649,2.2261762260017157,0.028046537999725493,0.0,0.0,0.0,0.0,0.0,0.0,0.0,0.0,0.0,0.0,0.0,0.0,0.0,0.0,0.0,0.0,0.0,0.0,0.0,0.0,0.0,1.770602600743966,0.0,3,3,3,3,3,3,3,3,3,3,3,3,0,0,0,0,0,3,3,3,3,3,3,3,3,3,3,3,3,3,3,3,3,3,3,3,3,3,3,3,3,3,3,3,3,3,3,3,3,3,3,3,3,3,3,3,3,3,3,3,3,3,3,3,3,3,3,3,3,3,3,dfa,mnist,div255,mlp,relu,sigmoid_bce,e
relu_lr3e4,3,0.8913411696751913,0.6838129162788391,1.7168206004510702,0.9856419364611307,0.4717119832833608,4.827849503383633,0.9988142053286234,0.42805209755897516,16.651532484975156,1096.6666666666667,1.306990663210551,1.3653744075955665,,,,,,3.0,0.6838129162788391,0.8913411696751913,0.5470349192619324,0.8006827433904012,13.189136187235514,0.3092864553133646,0.4717119832833608,0.9856419364611307,0.6231864889462789,0.7195003430048624,6.582904020945231,0.1927058547735214,0.42805209755897516,0.9988142053286234,0.6968749761581421,0.6972307761510214,3.6728132565816245,0.10148134827613826,0.14241536458333334,0.3722330729166667,0.67041015625,0.8486328125,0.8486328125,3000.0,1.0159855087598164,1.0155206720034282,57.15031295886657,22.35705295689348,11.92741323648955,1.306990663210551,1.264911064067352,1.0,0.0003,1.0,1.0,128.0,300.0,3.0,3000.0,-1.0,0.0,0.0,0.0,0.0,0.0,0.0,1.0,0.0,10.0,3.2490788990307586,35.225006103515625,15.223408381144205,3000.0,0.007363457616281076,0.014985485865934617,0.052199523810351194,0.0036145865322775037,0.015266225403756885,0.39258425221895876,0.000505658090947617,0.022559685065398963,3.5650143735163025,144.33756729740648,0.028046537999725493,0.02135463360508186,,,,,,0.0,0.014985485865934617,0.007363457616281076,0.024462692804299805,0.017015131429745416,1.564423841102059,0.014266336448963201,0.015266225403756885,0.0036145865322775037,0.009658352678891527,0.022309615719890086,0.35362301076271363,0.020479830932887366,0.022559685065398963,0.000505658090947617,0.041919081170840214,0.02182224054083509,0.9049870963586075,0.011946600571786148,0.024918295544442227,0.07815907053311173,0.05453688453048993,0.01329165780157832,0.01329165780157832,0.0,0.027296204992928577,0.02693729475550571,11.725412642044288,4.967691825167649,2.2261762260017157,0.028046537999725493,0.0,0.0,0.0,0.0,0.0,0.0,0.0,0.0,0.0,0.0,0.0,0.0,0.0,0.0,0.0,0.0,0.0,0.0,0.0,0.0,0.0,1.2468474471440838,0.0,3,3,3,3,3,3,3,3,3,3,3,3,0,0,0,0,0,3,3,3,3,3,3,3,3,3,3,3,3,3,3,3,3,3,3,3,3,3,3,3,3,3,3,3,3,3,3,3,3,3,3,3,3,3,3,3,3,3,3,3,3,3,3,3,3,3,3,3,3,3,3,dfa,mnist,div255,mlp,relu,sigmoid_bce,none
relu_lr3e4_centere,3,0.7717033425966898,0.7896934350331625,7.784213082717379,0.9261623024940491,0.6794050733248392,8.509674741083778,0.9930212100346884,0.6289939880371094,45.970325284869205,1990.0,1.306990663210551,1.3673880689046143,,,,,,3.0,0.7897255222002665,0.6029385129610697,0.5470349192619324,0.8006827433904012,13.189136187235514,0.29822181661923725,0.6928064624468485,0.6741073131561279,0.6231864889462789,0.7195003430048624,6.582904020945231,0.2988179375727971,0.6801221172014872,0.7331023414929708,0.6968749761581421,0.6972307761510214,3.6728132565816245,0.2215601156155268,0.12353515625,0.23307291666666666,0.51806640625,0.4871419270833333,0.4871419270833333,3000.0,151.50017642974854,1.804039756457011,57.15031295886657,22.35705295689348,11.92741323648955,1.306990663210551,1.264911064067352,1.0,0.0003,1.0,1.0,128.0,300.0,3.0,3000.0,-1.0,0.0,0.0,0.0,0.0,0.0,0.0,1.0,0.0,10.0,3.2490788990307586,35.225006103515625,15.454511245091757,3000.0,0.007645643392058119,0.015441521057446835,1.0581988602056278,0.010422238960333834,0.005749152775038464,1.0965309848649418,0.002858137575876842,0.016715841907427382,19.955983061816852,370.27017163147235,0.028046537999725493,0.02938949702918109,,,,,,0.0,0.015403460878592855,0.013259278267371317,0.024462692804299805,0.017015131429745416,1.564423841102059,0.04200999738369188,0.013739135613225283,0.0341883948588398,0.009658352678891527,0.022309615719890086,0.35362301076271363,0.06477031714929708,0.021619146589644152,0.06827301015609911,0.041919081170840214,0.02182224054083509,0.9049870963586075,0.08077309898921584,0.053330059348387554,0.03618665927224399,0.14352811191084278,0.0783692673853466,0.0783692673853466,0.0,134.71532580197092,0.51363125457671,11.725412642044288,4.967691825167649,2.2261762260017157,0.028046537999725493,0.0,0.0,0.0,0.0,0.0,0.0,0.0,0.0,0.0,0.0,0.0,0.0,0.0,0.0,0.0,0.0,0.0,0.0,0.0,0.0,0.0,1.9851503576373561,0.0,3,3,3,3,3,3,3,3,3,3,3,3,0,0,0,0,0,3,3,3,3,3,3,3,3,3,3,3,3,3,3,3,3,3,3,3,3,3,3,3,3,3,3,3,3,3,3,3,3,3,3,3,3,3,3,3,3,3,3,3,3,3,3,3,3,3,3,3,3,3,3,dfa,mnist,div255,mlp,relu,sigmoid_bce,e
relu_lr3e4_centere_outlr10,3,0.7735687295595804,0.789453943570455,3.1806918616938744,0.932295044263204,0.6784654657046,2.9615592397360797,0.9931415716807047,0.6224961479504904,13.439295664826085,2063.3333333333335,1.306990663210551,1.3254433437324327,490.0,610.0,680.0,190.0,0.13889723557692307,3.0,0.7895279328028361,0.6049072742462158,0.5470349192619324,0.8006827433904012,13.189136187235514,0.2799962560335795,0.6941509445508321,0.6764664252599081,0.6231864889462789,0.7195003430048624,6.582904020945231,0.28724880019823706,0.6775386730829874,0.7345303098360697,0.6968749761581421,0.6972307761510214,3.6728132565816245,0.35163581868012744,0.23404947916666666,0.6865234375,0.7037760416666666,0.5138346354166666,0.5138346354166666,3000.0,226.52700809637705,1.329278588294983,5.715031295886656,2.235705295689348,1.1927413236489552,1.306990663210551,1.264911064067352,1.0,0.0003,10.0,1.0,128.0,300.0,3.0,3000.0,-1.0,0.0,0.0,0.0,0.0,0.0,0.0,1.0,0.0,10.0,3.2490788990307586,35.225006103515625,14.629306157430014,3000.0,0.009899144198423707,0.014124444037917001,0.5047249501010654,0.009580301085480681,0.010476093059363888,0.28490588583048865,0.0033155016466851163,0.01800083880833491,7.321537853450699,383.97048497681874,0.028046537999725493,0.02701446110077201,,,,,,0.0,0.01403806573301584,0.022791538616400618,0.024462692804299805,0.017015131429745416,1.564423841102059,0.058700977532965756,0.015914685644613458,0.03868521705594569,0.009658352678891527,0.022309615719890086,0.35362301076271363,0.030336846233360432,0.025639608323902337,0.0724562947283666,0.041919081170840214,0.02182224054083509,0.9049870963586075,0.10409375468788687,0.04589930323873236,0.028932466732471775,0.09595233881175404,0.2825850835183686,0.2825850835183686,0.0,204.28036399245744,0.31925239608593453,1.1725412642044286,0.49676918251676483,0.2226176226001716,0.028046537999725493,0.0,0.0,0.0,0.0,0.0,0.0,0.0,0.0,0.0,0.0,0.0,0.0,0.0,0.0,0.0,0.0,0.0,0.0,0.0,0.0,0.0,1.763531925114657,0.0,3,3,3,3,3,3,3,3,3,3,3,3,1,1,1,1,1,3,3,3,3,3,3,3,3,3,3,3,3,3,3,3,3,3,3,3,3,3,3,3,3,3,3,3,3,3,3,3,3,3,3,3,3,3,3,3,3,3,3,3,3,3,3,3,3,3,3,3,3,3,3,dfa,mnist,div255,mlp,relu,sigmoid_bce,e
