experiment,tag,layer,runs,maxcos_mean,maxcos_sd,minp_mean,minp_sd,figure_mean_peak_2000,layer1_reference_maxcos,layer1_reference_minp
E11_cifar,cnn,3,3,0.999998132387797,1.5374455548426963e-06,0.0086799571290612,0.0006998880904582069,0.9999957482020062,0.9800697962443033,0.2982640862464905
E11_cifar,cnn_bp,3,3,0.9639709989229838,0.008411291103219067,0.7560305992762247,0.02616280326576623,0.9638828635215759,0.8658654093742371,0.9672157764434814
E11_cifar,cnn_priorbias,3,3,0.9999714493751526,3.618532154506869e-05,0.0162792652845382,0.002013943368602031,0.9999229907989502,0.975594719250997,0.4209446708361308
E12_cifar2,cnn_calib,3,3,0.9998734394709269,0.00018349535865286656,0.01610674988478417,0.009563624538735382,0.9998377561569214,0.9730019768079123,0.4634507894515991
E11_cifar,cnn_centere,3,3,0.8758052388827006,0.01317009285341147,0.9045464793841044,0.015389954911745638,0.8749150435129801,0.8545498450597128,0.9208542307217916
E11_cifar,cnn_centere_pixcenter,3,3,0.13913563142220178,0.03032856097933974,0.8497511744499207,0.022583292107938677,0.07524979114532467,0.11729270716508224,0.9025151530901591
E11_cifar,cnn_softmax,3,3,0.1498944809039433,0.02515998717350694,0.8541355729103088,0.042853880763817985,0.11167386919260021,0.14001329243183128,0.8393468459447225
E11_cifar,cnn_softmax_bp,3,3,0.053736663113037736,0.007098416051336828,0.9918897151947021,0.0028310403182938335,0.037837788462638834,0.0369904537995656,0.9563749432563782
E11_cifar,cnn_softmax_imb07,3,3,0.9648549954096476,0.028941932635262194,0.1463302746415138,0.09046589327790759,0.962954560915629,0.4365459481875102,0.8283117413520813
E11_cifar,cnn_softmax_imb07_bp,3,3,0.37471415599187213,0.05927549330323732,0.9831491112709045,0.004214811807286127,0.36852606137593585,0.10928767671187717,0.9506081938743591
E11_cifar,mlp,1,3,0.9946438272794088,0.0005973156598374224,0.11121154328187303,0.011001972956331011,0.9946438272794088,0.9946438272794088,0.11121154328187303
E11_cifar,mlp_bp,1,3,0.8527407248814901,0.009385636282461895,0.8035356203715006,0.004619215320557892,0.8525472283363342,0.8527407248814901,0.8035356203715006
E12_cifar2,mlp_calib,1,3,0.9652397831281027,0.006467480550277672,0.34561285376548767,0.0627117556379084,0.9630324840545654,0.9652397831281027,0.34561285376548767
E11_cifar,mlp_centere,1,3,0.8049488067626953,0.008479333469583643,0.8419104417165121,0.026910743981677532,0.8029636939366659,0.8049488067626953,0.8419104417165121
E11_cifar,mlp_pixcenter,1,3,0.045724065353473,0.002926890089313304,0.9401384592056274,0.016605805258347997,0.0452594893674055,0.045724065353473,0.9401384592056274
E11_cifar,mlp_std,1,3,0.15878657996654508,0.03557266388284113,0.9371835589408875,0.002709740062308703,0.1541238774855931,0.15878657996654508,0.9371835589408875
E12_cifar2,mlp_centere_pixcenter,1,3,0.0016710636167165665,0.0011514953174841223,0.9332301815350851,0.009416971142571137,0.0005535041370118333,0.0016710636167165665,0.9332301815350851
E11_cifar,cnn_softmax_imb07_centere,3,3,0.17620950937271118,0.009200631974432447,0.7818263570467631,0.01501416853728295,0.13188959409793213,0.11954506238301593,0.7835532029469808
