experiment,tag,run,seed,fb_seed,layer,maxcos,minp,acc_3000
E11_cifar,cnn,seed0_fb0,0,0,3,0.9999964237213136,0.0090874647721648,0.2529296875
E11_cifar,cnn,seed1_fb1,1,1,3,0.9999994039535522,0.0078718056902289,0.29443359375
E11_cifar,cnn,seed2_fb2,2,2,3,0.9999985694885254,0.0090806009247899,0.2802734375
E11_cifar,cnn_bp,seed0_fb0,0,0,3,0.9580019116401672,0.7832546830177307,0.34375
E11_cifar,cnn_bp,seed1_fb1,1,1,3,0.973590850830078,0.7310770750045776,0.3486328125
E11_cifar,cnn_bp,seed2_fb2,2,2,3,0.960320234298706,0.753760039806366,0.33642578125
E11_cifar,cnn_centere,seed0_fb0,0,0,3,0.8812195062637329,0.8888921737670898,0.3271484375
E11_cifar,cnn_centere,seed1_fb1,1,1,3,0.8607909679412842,0.9196577072143556,0.3583984375
E11_cifar,cnn_centere,seed2_fb2,2,2,3,0.8854052424430847,0.905089557170868,0.3896484375
E11_cifar,cnn_centere_pixcenter,seed0_fb0,0,0,3,0.1159174814820289,0.8392327427864075,0.3291015625
E11_cifar,cnn_centere_pixcenter,seed1_fb1,1,1,3,0.1280398666858673,0.8343457579612732,0.36572265625
E11_cifar,cnn_centere_pixcenter,seed2_fb2,2,2,3,0.1734495460987091,0.8756750226020813,0.353515625
E11_cifar,cnn_priorbias,seed0_fb0,0,0,3,0.999929666519165,0.0161739364266395,0.3046875
E11_cifar,cnn_priorbias,seed1_fb1,1,1,3,0.9999921917915344,0.0143200531601905,0.380859375
E11_cifar,cnn_priorbias,seed2_fb2,2,2,3,0.9999924898147584,0.0183438062667846,0.3603515625
E11_cifar,cnn_softmax,seed0_fb0,0,0,3,0.1778211444616317,0.8849288821220398,0.4091796875
E11_cifar,cnn_softmax,seed1_fb1,1,1,3,0.128995656967163,0.8051936626434326,0.427734375
E11_cifar,cnn_softmax,seed2_fb2,2,2,3,0.1428666412830352,0.8722841739654541,0.45751953125
E11_cifar,cnn_softmax_bp,seed0_fb0,0,0,3,0.0477047078311443,0.9936577677726746,0.3916015625
E11_cifar,cnn_softmax_bp,seed1_fb1,1,1,3,0.0519464835524559,0.9933869242668152,0.41357421875
E11_cifar,cnn_softmax_bp,seed2_fb2,2,2,3,0.061558797955513,0.9886244535446168,0.4072265625
E11_cifar,cnn_softmax_imb07,seed0_fb0,0,0,3,0.9890224933624268,0.0597538575530052,0.73193359375
E11_cifar,cnn_softmax_imb07,seed1_fb1,1,1,3,0.9727608561515808,0.1389976292848587,0.720703125
E11_cifar,cnn_softmax_imb07,seed2_fb2,2,2,3,0.9327816367149352,0.2402393370866775,0.73486328125
E11_cifar,cnn_softmax_imb07_bp,seed0_fb0,0,0,3,0.3456739783287048,0.9878786206245422,0.736328125
E11_cifar,cnn_softmax_imb07_bp,seed1_fb1,1,1,3,0.4429099857807159,0.9817785620689392,0.7255859375
E11_cifar,cnn_softmax_imb07_bp,seed2_fb2,2,2,3,0.3355585038661957,0.9797901511192322,0.72021484375
E11_cifar,cnn_softmax_imb07_centere,seed0_fb0,0,0,3,0.1843553781509399,0.7644931674003601,0.7041015625
E11_cifar,cnn_softmax_imb07_centere,seed1_fb1,1,1,3,0.1662302017211914,0.7901836633682251,0.68212890625
E11_cifar,cnn_softmax_imb07_centere,seed2_fb2,2,2,3,0.1780429482460022,0.7908022403717041,0.65478515625
E11_cifar,mlp,seed0_fb0,0,0,1,0.9949315786361694,0.0988228544592857,0.31591796875
E11_cifar,mlp,seed1_fb1,1,1,1,0.9939571022987366,0.1198418065905571,0.33544921875
E11_cifar,mlp,seed2_fb2,2,2,1,0.9950428009033204,0.1149699687957763,0.34765625
E11_cifar,mlp_bp,seed0_fb0,0,0,1,0.8564354777336121,0.798383355140686,0.33544921875
E11_cifar,mlp_bp,seed1_fb1,1,1,1,0.8420699834823608,0.8073066473007202,0.3408203125
E11_cifar,mlp_bp,seed2_fb2,2,2,1,0.8597167134284973,0.8049168586730957,0.32861328125
E11_cifar,mlp_centere,seed0_fb0,0,0,1,0.8040549159049988,0.8575574159622192,0.29150390625
E11_cifar,mlp_centere,seed1_fb1,1,1,1,0.7969518303871155,0.8108368515968323,0.3330078125
E11_cifar,mlp_centere,seed2_fb2,2,2,1,0.8138396739959717,0.8573370575904846,0.31005859375
E11_cifar,mlp_pixcenter,seed0_fb0,0,0,1,0.0439246855676174,0.9223412275314332,0.37060546875
E11_cifar,mlp_pixcenter,seed1_fb1,1,1,1,0.0441461838781833,0.9428567290306092,0.380859375
E11_cifar,mlp_pixcenter,seed2_fb2,2,2,1,0.0491013266146183,0.95521742105484,0.37255859375
E11_cifar,mlp_std,seed0_fb0,0,0,1,0.1991457939147949,0.934065878391266,0.40966796875
E11_cifar,mlp_std,seed1_fb1,1,1,1,0.1319914758205413,0.9385127425193788,0.42138671875
E11_cifar,mlp_std,seed2_fb2,2,2,1,0.145222470164299,0.9389720559120178,0.412109375
E12_cifar2,cnn_calib,seed0_fb0,0,0,3,0.99966162443161,0.027092833071947,0.34716796875
E12_cifar2,cnn_calib,seed1_fb1,1,1,3,0.9999747276306152,0.009642937220633,0.3505859375
E12_cifar2,cnn_calib,seed2_fb2,2,2,3,0.9999839663505554,0.0115844793617725,0.32275390625
E12_cifar2,mlp_calib,seed0_fb0,0,0,1,0.957777976989746,0.4177417159080505,0.3505859375
E12_cifar2,mlp_calib,seed1_fb1,1,1,1,0.9692341089248656,0.3039955198764801,0.36669921875
E12_cifar2,mlp_calib,seed2_fb2,2,2,1,0.968707263469696,0.3151013255119324,0.35546875
E12_cifar2,mlp_centere_pixcenter,seed0_fb0,0,0,1,0.0005085144075565,0.9229413866996764,0.3466796875
E12_cifar2,mlp_centere_pixcenter,seed1_fb1,1,1,1,0.0028111771680414,0.9414216876029968,0.35205078125
E12_cifar2,mlp_centere_pixcenter,seed2_fb2,2,2,1,0.0016934992745518,0.9353274703025818,0.3544921875
